fold,target,horizon_step,horizon_minutes,persistence_mape,hybrid_mape,absolute_mape_reduction,hybrid_wins
fold_1,generator_1,1,15,0.0315639101050429,0.030761509110405823,0.0008024009946370758,True
fold_1,generator_1,2,30,0.04327597785240371,0.043126158888163284,0.00014981896424042657,True
fold_1,generator_1,3,45,0.052937432946478416,0.053610192510208474,-0.0006727595637300576,False
fold_1,generator_1,4,60,0.06344591728698333,0.06429952192473737,-0.0008536046377540379,False
fold_1,generator_1,5,75,0.07216058146337911,0.07323164440993092,-0.0010710629465518068,False
fold_1,generator_1,6,90,0.08152056746639438,0.08213651076898464,-0.0006159433025902522,False
fold_1,generator_1,7,105,0.08908944209729608,0.08991469129724362,-0.0008252491999475448,False
fold_1,generator_1,8,120,0.0957450883925385,0.09638620342108391,-0.0006411150285454137,False
fold_1,generator_all,1,15,0.021867628224633284,0.020485367442181514,0.0013822607824517698,True
fold_1,generator_all,2,30,0.03446066388647866,0.032097395751726106,0.002363268134752551,True
fold_1,generator_all,3,45,0.045921720007470884,0.04295301582454813,0.002968704182922756,True
fold_1,generator_all,4,60,0.0571180414050828,0.05365019608727931,0.003467845317803489,True
fold_1,generator_all,5,75,0.06733841668266767,0.0633112880321094,0.004027128650558265,True
fold_1,generator_all,6,90,0.07712961529226327,0.07384419913943052,0.003285416152832746,True
fold_1,generator_all,7,105,0.08517687591108351,0.08098878207248619,0.00418809383859732,True
fold_1,generator_all,8,120,0.09254614497599667,0.08759078200799614,0.004955362968000532,True
fold_2,generator_1,1,15,0.03436640942967079,0.033305510311401915,0.001060899118268878,True
fold_2,generator_1,2,30,0.04905669030466804,0.04753054050544712,0.001526149799220923,True
fold_2,generator_1,3,45,0.05889929757559423,0.057455089475300744,0.0014442081002934842,True
fold_2,generator_1,4,60,0.06910600739867008,0.06724286397168909,0.00186314342698099,True
fold_2,generator_1,5,75,0.0784322794636536,0.07624398271113612,0.0021882967525174712,True
fold_2,generator_1,6,90,0.08647526718625473,0.08376800248798698,0.00270726469826775,True
fold_2,generator_1,7,105,0.0942404167443504,0.09116887682684865,0.0030715399175017394,True
fold_2,generator_1,8,120,0.10060849707994854,0.09744130384217395,0.0031671932377745904,True
fold_2,generator_all,1,15,0.018177061824502024,0.016215675418654575,0.0019613864058474484,True
fold_2,generator_all,2,30,0.030040556621109285,0.02700814750535551,0.0030324091157537744,True
fold_2,generator_all,3,45,0.04009056731544091,0.036117918320105954,0.003972648995334956,True
fold_2,generator_all,4,60,0.049366460232668864,0.04446236866260584,0.004904091570063024,True
fold_2,generator_all,5,75,0.05768168380609699,0.052568234392777934,0.005113449413319059,True
fold_2,generator_all,6,90,0.06492988369983625,0.060025072203612424,0.004904811496223828,True
fold_2,generator_all,7,105,0.07053549447706099,0.06592234122836148,0.004613153248699514,True
fold_2,generator_all,8,120,0.07541573772363289,0.07112043276706162,0.004295304956571266,True
fold_3,generator_1,1,15,0.027609963787863775,0.02705176743607336,0.0005581963517904166,True
fold_3,generator_1,2,30,0.037944465848896096,0.03727292288861141,0.0006715429602846892,True
fold_3,generator_1,3,45,0.04587706297560299,0.04473953979816637,0.0011375231774366223,True
fold_3,generator_1,4,60,0.05555125637580991,0.0538686717388799,0.0016825846369300096,True
fold_3,generator_1,5,75,0.062458934908103406,0.05984510270740499,0.0026138322006984127,True
fold_3,generator_1,6,90,0.06867434750875198,0.06590905112478448,0.002765296383967497,True
fold_3,generator_1,7,105,0.07389960412317709,0.07112352817460688,0.0027760759485702113,True
fold_3,generator_1,8,120,0.0775581279288275,0.07429844530194646,0.003259682626881047,True
fold_3,generator_all,1,15,0.016578083850924664,0.015550083418935098,0.0010280004319895668,True
fold_3,generator_all,2,30,0.02584983570620142,0.02359567102816966,0.0022541646780317587,True
fold_3,generator_all,3,45,0.03452293925267799,0.031176001675559405,0.0033469375771185868,True
fold_3,generator_all,4,60,0.04247617938583419,0.03877599137235789,0.0037001880134762966,True
fold_3,generator_all,5,75,0.04925710530668932,0.04507363304177415,0.004183472264915174,True
fold_3,generator_all,6,90,0.05528403204588646,0.05057412314403116,0.0047099089018552975,True
fold_3,generator_all,7,105,0.060042963944801825,0.055369369589391586,0.004673594355410239,True
fold_3,generator_all,8,120,0.06411589048309967,0.05919999063765717,0.004915899845442495,True
