position,feature
0,generator_1
1,generator_all
2,blast_furnace_1
3,blast_furnace_2
4,blast_furnace_4
5,blast_furnace_5
6,coke_oven_1
7,converter_1
8,air_heater_1
9,air_heater_2
10,air_heater_4
11,air_heater_5
12,into_gas_mixed_coke
13,into_gas_mixed_blast_furnace
14,into_gas_mixed_converter
15,feat_source_missing_gas
16,blast_furnace_gas_holder_2
17,feat_source_missing_holder
18,blast_furnace_user1
19,blast_furnace_user2
20,blast_furnace_user3
21,blast_furnace_user4
22,converter_user1
23,converter_user2
24,feat_source_missing_user
25,generator_use_blast_furnace_gas
26,generator_use_coke_gas
27,generator_use_converter_gas
28,feat_source_missing_load
29,feat_missing_blast_furnace_1
30,feat_missing_blast_furnace_2
31,feat_missing_blast_furnace_4
32,feat_missing_blast_furnace_5
33,feat_missing_coke_oven_1
34,feat_missing_converter_1
35,feat_missing_air_heater_1
36,feat_missing_air_heater_2
37,feat_missing_air_heater_4
38,feat_missing_air_heater_5
39,feat_missing_into_gas_mixed_coke
40,feat_missing_into_gas_mixed_blast_furnace
41,feat_missing_into_gas_mixed_converter
42,feat_missing_blast_furnace_gas_holder_2
43,feat_missing_blast_furnace_user1
44,feat_missing_blast_furnace_user2
45,feat_missing_blast_furnace_user3
46,feat_missing_blast_furnace_user4
47,feat_missing_converter_user1
48,feat_missing_converter_user2
49,feat_missing_generator_all
50,feat_generator_all_filled
51,feat_missing_generator_1
52,feat_generator_1_filled
53,feat_missing_generator_use_blast_furnace_gas
54,feat_missing_generator_use_coke_gas
55,feat_missing_generator_use_converter_gas
56,feat_month
57,feat_day
58,feat_weekday
59,feat_hour
60,feat_quarter_hour_slot
61,feat_is_weekend
62,feat_time_of_day_sin
63,feat_time_of_day_cos
64,feat_week_sin
65,feat_week_cos
66,feat_known_price
67,feat_price_level
68,feat_blast_furnace_observed_sum
69,feat_blast_furnace_observed_nonzero_count
70,feat_air_heater_observed_sum
71,feat_air_heater_observed_nonzero_count
72,feat_blast_furnace_user_observed_sum
73,feat_blast_furnace_user_observed_nonzero_count
74,feat_converter_user_observed_sum
75,feat_converter_user_observed_nonzero_count
76,feat_outlier_blast_furnace_1
77,feat_outlier_blast_furnace_2
78,feat_outlier_blast_furnace_4
79,feat_outlier_blast_furnace_5
80,feat_outlier_coke_oven_1
81,feat_outlier_air_heater_1
82,feat_outlier_air_heater_2
83,feat_outlier_air_heater_5
84,feat_outlier_into_gas_mixed_blast_furnace
85,feat_outlier_into_gas_mixed_converter
86,feat_outlier_blast_furnace_gas_holder_2
87,feat_outlier_blast_furnace_user2
88,feat_outlier_blast_furnace_user3
89,feat_outlier_blast_furnace_user4
90,feat_outlier_converter_user2
91,feat_outlier_generator_use_blast_furnace_gas
92,feat_outlier_generator_use_coke_gas
93,feat_outlier_generator_use_converter_gas
94,feat_outlier_generator_1
95,feat_outlier_generator_all
96,feat_p50_current
97,feat_p120_current
98,feat_bfg_balance_proxy
99,feat_generator_gas_total_unweighted
100,feat_holder_delta_1
101,feat_holder_delta_4
102,feat_load_hierarchy_gap
103,feat_seasonal_day_p50_current_h1
104,feat_seasonal_week_p50_current_h1
105,feat_seasonal_day_p120_current_h1
106,feat_seasonal_week_p120_current_h1
107,feat_seasonal_day_p50_current_h2
108,feat_seasonal_week_p50_current_h2
109,feat_seasonal_day_p120_current_h2
110,feat_seasonal_week_p120_current_h2
111,feat_seasonal_day_p50_current_h3
112,feat_seasonal_week_p50_current_h3
113,feat_seasonal_day_p120_current_h3
114,feat_seasonal_week_p120_current_h3
115,feat_seasonal_day_p50_current_h4
116,feat_seasonal_week_p50_current_h4
117,feat_seasonal_day_p120_current_h4
118,feat_seasonal_week_p120_current_h4
119,feat_seasonal_day_p50_current_h5
120,feat_seasonal_week_p50_current_h5
121,feat_seasonal_day_p120_current_h5
122,feat_seasonal_week_p120_current_h5
123,feat_seasonal_day_p50_current_h6
124,feat_seasonal_week_p50_current_h6
125,feat_seasonal_day_p120_current_h6
126,feat_seasonal_week_p120_current_h6
127,feat_seasonal_day_p50_current_h7
128,feat_seasonal_week_p50_current_h7
129,feat_seasonal_day_p120_current_h7
130,feat_seasonal_week_p120_current_h7
131,feat_seasonal_day_p50_current_h8
132,feat_seasonal_week_p50_current_h8
133,feat_seasonal_day_p120_current_h8
134,feat_seasonal_week_p120_current_h8
135,feat_lag1_p50_current
136,feat_lag2_p50_current
137,feat_lag3_p50_current
138,feat_lag4_p50_current
139,feat_lag8_p50_current
140,feat_lag12_p50_current
141,feat_lag16_p50_current
142,feat_lag32_p50_current
143,feat_lag96_p50_current
144,feat_lag192_p50_current
145,feat_lag672_p50_current
146,feat_diff1_p50_current
147,feat_diff4_p50_current
148,feat_diff8_p50_current
149,feat_lag1_p120_current
150,feat_lag2_p120_current
151,feat_lag3_p120_current
152,feat_lag4_p120_current
153,feat_lag8_p120_current
154,feat_lag12_p120_current
155,feat_lag16_p120_current
156,feat_lag32_p120_current
157,feat_lag96_p120_current
158,feat_lag192_p120_current
159,feat_lag672_p120_current
160,feat_diff1_p120_current
161,feat_diff4_p120_current
162,feat_diff8_p120_current
163,feat_lag1_generator_all_filled
164,feat_lag2_generator_all_filled
165,feat_lag3_generator_all_filled
166,feat_lag4_generator_all_filled
167,feat_lag8_generator_all_filled
168,feat_lag12_generator_all_filled
169,feat_lag16_generator_all_filled
170,feat_lag32_generator_all_filled
171,feat_lag96_generator_all_filled
172,feat_lag192_generator_all_filled
173,feat_lag672_generator_all_filled
174,feat_diff1_generator_all_filled
175,feat_diff4_generator_all_filled
176,feat_diff8_generator_all_filled
177,feat_lag1_generator_use_blast_furnace_gas
178,feat_lag2_generator_use_blast_furnace_gas
179,feat_lag3_generator_use_blast_furnace_gas
180,feat_lag4_generator_use_blast_furnace_gas
181,feat_lag8_generator_use_blast_furnace_gas
182,feat_lag12_generator_use_blast_furnace_gas
183,feat_lag16_generator_use_blast_furnace_gas
184,feat_lag32_generator_use_blast_furnace_gas
185,feat_lag96_generator_use_blast_furnace_gas
186,feat_lag192_generator_use_blast_furnace_gas
187,feat_lag672_generator_use_blast_furnace_gas
188,feat_diff1_generator_use_blast_furnace_gas
189,feat_diff4_generator_use_blast_furnace_gas
190,feat_diff8_generator_use_blast_furnace_gas
191,feat_lag1_generator_use_coke_gas
192,feat_lag2_generator_use_coke_gas
193,feat_lag3_generator_use_coke_gas
194,feat_lag4_generator_use_coke_gas
195,feat_lag8_generator_use_coke_gas
196,feat_lag12_generator_use_coke_gas
197,feat_lag16_generator_use_coke_gas
198,feat_lag32_generator_use_coke_gas
199,feat_lag96_generator_use_coke_gas
200,feat_lag192_generator_use_coke_gas
201,feat_lag672_generator_use_coke_gas
202,feat_diff1_generator_use_coke_gas
203,feat_diff4_generator_use_coke_gas
204,feat_diff8_generator_use_coke_gas
205,feat_lag1_generator_use_converter_gas
206,feat_lag2_generator_use_converter_gas
207,feat_lag3_generator_use_converter_gas
208,feat_lag4_generator_use_converter_gas
209,feat_lag8_generator_use_converter_gas
210,feat_lag12_generator_use_converter_gas
211,feat_lag16_generator_use_converter_gas
212,feat_lag32_generator_use_converter_gas
213,feat_lag96_generator_use_converter_gas
214,feat_lag192_generator_use_converter_gas
215,feat_lag672_generator_use_converter_gas
216,feat_diff1_generator_use_converter_gas
217,feat_diff4_generator_use_converter_gas
218,feat_diff8_generator_use_converter_gas
219,feat_lag1_blast_furnace_observed_sum
220,feat_lag2_blast_furnace_observed_sum
221,feat_lag3_blast_furnace_observed_sum
222,feat_lag4_blast_furnace_observed_sum
223,feat_lag8_blast_furnace_observed_sum
224,feat_lag12_blast_furnace_observed_sum
225,feat_lag16_blast_furnace_observed_sum
226,feat_lag32_blast_furnace_observed_sum
227,feat_lag96_blast_furnace_observed_sum
228,feat_lag192_blast_furnace_observed_sum
229,feat_lag672_blast_furnace_observed_sum
230,feat_diff1_blast_furnace_observed_sum
231,feat_diff4_blast_furnace_observed_sum
232,feat_diff8_blast_furnace_observed_sum
233,feat_lag1_air_heater_observed_sum
234,feat_lag2_air_heater_observed_sum
235,feat_lag3_air_heater_observed_sum
236,feat_lag4_air_heater_observed_sum
237,feat_lag8_air_heater_observed_sum
238,feat_lag12_air_heater_observed_sum
239,feat_lag16_air_heater_observed_sum
240,feat_lag32_air_heater_observed_sum
241,feat_lag96_air_heater_observed_sum
242,feat_lag192_air_heater_observed_sum
243,feat_lag672_air_heater_observed_sum
244,feat_diff1_air_heater_observed_sum
245,feat_diff4_air_heater_observed_sum
246,feat_diff8_air_heater_observed_sum
247,feat_lag1_blast_furnace_user_observed_sum
248,feat_lag2_blast_furnace_user_observed_sum
249,feat_lag3_blast_furnace_user_observed_sum
250,feat_lag4_blast_furnace_user_observed_sum
251,feat_lag8_blast_furnace_user_observed_sum
252,feat_lag12_blast_furnace_user_observed_sum
253,feat_lag16_blast_furnace_user_observed_sum
254,feat_lag32_blast_furnace_user_observed_sum
255,feat_lag96_blast_furnace_user_observed_sum
256,feat_lag192_blast_furnace_user_observed_sum
257,feat_lag672_blast_furnace_user_observed_sum
258,feat_diff1_blast_furnace_user_observed_sum
259,feat_diff4_blast_furnace_user_observed_sum
260,feat_diff8_blast_furnace_user_observed_sum
261,feat_lag1_converter_user_observed_sum
262,feat_lag2_converter_user_observed_sum
263,feat_lag3_converter_user_observed_sum
264,feat_lag4_converter_user_observed_sum
265,feat_lag8_converter_user_observed_sum
266,feat_lag12_converter_user_observed_sum
267,feat_lag16_converter_user_observed_sum
268,feat_lag32_converter_user_observed_sum
269,feat_lag96_converter_user_observed_sum
270,feat_lag192_converter_user_observed_sum
271,feat_lag672_converter_user_observed_sum
272,feat_diff1_converter_user_observed_sum
273,feat_diff4_converter_user_observed_sum
274,feat_diff8_converter_user_observed_sum
275,feat_lag1_blast_furnace_gas_holder_2
276,feat_lag2_blast_furnace_gas_holder_2
277,feat_lag3_blast_furnace_gas_holder_2
278,feat_lag4_blast_furnace_gas_holder_2
279,feat_lag8_blast_furnace_gas_holder_2
280,feat_lag12_blast_furnace_gas_holder_2
281,feat_lag16_blast_furnace_gas_holder_2
282,feat_lag32_blast_furnace_gas_holder_2
283,feat_lag96_blast_furnace_gas_holder_2
284,feat_lag192_blast_furnace_gas_holder_2
285,feat_lag672_blast_furnace_gas_holder_2
286,feat_diff1_blast_furnace_gas_holder_2
287,feat_diff4_blast_furnace_gas_holder_2
288,feat_diff8_blast_furnace_gas_holder_2
289,feat_lag1_coke_oven_1
290,feat_lag2_coke_oven_1
291,feat_lag3_coke_oven_1
292,feat_lag4_coke_oven_1
293,feat_lag8_coke_oven_1
294,feat_lag12_coke_oven_1
295,feat_lag16_coke_oven_1
296,feat_lag32_coke_oven_1
297,feat_lag96_coke_oven_1
298,feat_lag192_coke_oven_1
299,feat_lag672_coke_oven_1
300,feat_diff1_coke_oven_1
301,feat_diff4_coke_oven_1
302,feat_diff8_coke_oven_1
303,feat_lag1_converter_1
304,feat_lag2_converter_1
305,feat_lag3_converter_1
306,feat_lag4_converter_1
307,feat_lag8_converter_1
308,feat_lag12_converter_1
309,feat_lag16_converter_1
310,feat_lag32_converter_1
311,feat_lag96_converter_1
312,feat_lag192_converter_1
313,feat_lag672_converter_1
314,feat_diff1_converter_1
315,feat_diff4_converter_1
316,feat_diff8_converter_1
317,feat_lag1_into_gas_mixed_blast_furnace
318,feat_lag2_into_gas_mixed_blast_furnace
319,feat_lag3_into_gas_mixed_blast_furnace
320,feat_lag4_into_gas_mixed_blast_furnace
321,feat_lag8_into_gas_mixed_blast_furnace
322,feat_lag12_into_gas_mixed_blast_furnace
323,feat_lag16_into_gas_mixed_blast_furnace
324,feat_lag32_into_gas_mixed_blast_furnace
325,feat_lag96_into_gas_mixed_blast_furnace
326,feat_lag192_into_gas_mixed_blast_furnace
327,feat_lag672_into_gas_mixed_blast_furnace
328,feat_diff1_into_gas_mixed_blast_furnace
329,feat_diff4_into_gas_mixed_blast_furnace
330,feat_diff8_into_gas_mixed_blast_furnace
331,feat_lag1_into_gas_mixed_coke
332,feat_lag2_into_gas_mixed_coke
333,feat_lag3_into_gas_mixed_coke
334,feat_lag4_into_gas_mixed_coke
335,feat_lag8_into_gas_mixed_coke
336,feat_lag12_into_gas_mixed_coke
337,feat_lag16_into_gas_mixed_coke
338,feat_lag32_into_gas_mixed_coke
339,feat_lag96_into_gas_mixed_coke
340,feat_lag192_into_gas_mixed_coke
341,feat_lag672_into_gas_mixed_coke
342,feat_diff1_into_gas_mixed_coke
343,feat_diff4_into_gas_mixed_coke
344,feat_diff8_into_gas_mixed_coke
345,feat_lag1_into_gas_mixed_converter
346,feat_lag2_into_gas_mixed_converter
347,feat_lag3_into_gas_mixed_converter
348,feat_lag4_into_gas_mixed_converter
349,feat_lag8_into_gas_mixed_converter
350,feat_lag12_into_gas_mixed_converter
351,feat_lag16_into_gas_mixed_converter
352,feat_lag32_into_gas_mixed_converter
353,feat_lag96_into_gas_mixed_converter
354,feat_lag192_into_gas_mixed_converter
355,feat_lag672_into_gas_mixed_converter
356,feat_diff1_into_gas_mixed_converter
357,feat_diff4_into_gas_mixed_converter
358,feat_diff8_into_gas_mixed_converter
359,feat_lag1_bfg_balance_proxy
360,feat_lag2_bfg_balance_proxy
361,feat_lag3_bfg_balance_proxy
362,feat_lag4_bfg_balance_proxy
363,feat_lag8_bfg_balance_proxy
364,feat_lag12_bfg_balance_proxy
365,feat_lag16_bfg_balance_proxy
366,feat_lag32_bfg_balance_proxy
367,feat_lag96_bfg_balance_proxy
368,feat_lag192_bfg_balance_proxy
369,feat_lag672_bfg_balance_proxy
370,feat_diff1_bfg_balance_proxy
371,feat_diff4_bfg_balance_proxy
372,feat_diff8_bfg_balance_proxy
373,feat_lag1_generator_gas_total_unweighted
374,feat_lag2_generator_gas_total_unweighted
375,feat_lag3_generator_gas_total_unweighted
376,feat_lag4_generator_gas_total_unweighted
377,feat_lag8_generator_gas_total_unweighted
378,feat_lag12_generator_gas_total_unweighted
379,feat_lag16_generator_gas_total_unweighted
380,feat_lag32_generator_gas_total_unweighted
381,feat_lag96_generator_gas_total_unweighted
382,feat_lag192_generator_gas_total_unweighted
383,feat_lag672_generator_gas_total_unweighted
384,feat_diff1_generator_gas_total_unweighted
385,feat_diff4_generator_gas_total_unweighted
386,feat_diff8_generator_gas_total_unweighted
387,feat_roll4_mean_p50_current
388,feat_roll4_std_p50_current
389,feat_roll4_min_p50_current
390,feat_roll4_max_p50_current
391,feat_roll8_mean_p50_current
392,feat_roll8_std_p50_current
393,feat_roll8_min_p50_current
394,feat_roll8_max_p50_current
395,feat_roll16_mean_p50_current
396,feat_roll16_std_p50_current
397,feat_roll16_min_p50_current
398,feat_roll16_max_p50_current
399,feat_roll32_mean_p50_current
400,feat_roll32_std_p50_current
401,feat_roll32_min_p50_current
402,feat_roll32_max_p50_current
403,feat_roll96_mean_p50_current
404,feat_roll96_std_p50_current
405,feat_roll96_min_p50_current
406,feat_roll96_max_p50_current
407,feat_roll4_mean_p120_current
408,feat_roll4_std_p120_current
409,feat_roll4_min_p120_current
410,feat_roll4_max_p120_current
411,feat_roll8_mean_p120_current
412,feat_roll8_std_p120_current
413,feat_roll8_min_p120_current
414,feat_roll8_max_p120_current
415,feat_roll16_mean_p120_current
416,feat_roll16_std_p120_current
417,feat_roll16_min_p120_current
418,feat_roll16_max_p120_current
419,feat_roll32_mean_p120_current
420,feat_roll32_std_p120_current
421,feat_roll32_min_p120_current
422,feat_roll32_max_p120_current
423,feat_roll96_mean_p120_current
424,feat_roll96_std_p120_current
425,feat_roll96_min_p120_current
426,feat_roll96_max_p120_current
427,feat_roll4_mean_generator_all_filled
428,feat_roll4_std_generator_all_filled
429,feat_roll4_min_generator_all_filled
430,feat_roll4_max_generator_all_filled
431,feat_roll8_mean_generator_all_filled
432,feat_roll8_std_generator_all_filled
433,feat_roll8_min_generator_all_filled
434,feat_roll8_max_generator_all_filled
435,feat_roll16_mean_generator_all_filled
436,feat_roll16_std_generator_all_filled
437,feat_roll16_min_generator_all_filled
438,feat_roll16_max_generator_all_filled
439,feat_roll32_mean_generator_all_filled
440,feat_roll32_std_generator_all_filled
441,feat_roll32_min_generator_all_filled
442,feat_roll32_max_generator_all_filled
443,feat_roll96_mean_generator_all_filled
444,feat_roll96_std_generator_all_filled
445,feat_roll96_min_generator_all_filled
446,feat_roll96_max_generator_all_filled
447,feat_roll4_mean_generator_use_blast_furnace_gas
448,feat_roll4_std_generator_use_blast_furnace_gas
449,feat_roll4_min_generator_use_blast_furnace_gas
450,feat_roll4_max_generator_use_blast_furnace_gas
451,feat_roll8_mean_generator_use_blast_furnace_gas
452,feat_roll8_std_generator_use_blast_furnace_gas
453,feat_roll8_min_generator_use_blast_furnace_gas
454,feat_roll8_max_generator_use_blast_furnace_gas
455,feat_roll16_mean_generator_use_blast_furnace_gas
456,feat_roll16_std_generator_use_blast_furnace_gas
457,feat_roll16_min_generator_use_blast_furnace_gas
458,feat_roll16_max_generator_use_blast_furnace_gas
459,feat_roll32_mean_generator_use_blast_furnace_gas
460,feat_roll32_std_generator_use_blast_furnace_gas
461,feat_roll32_min_generator_use_blast_furnace_gas
462,feat_roll32_max_generator_use_blast_furnace_gas
463,feat_roll96_mean_generator_use_blast_furnace_gas
464,feat_roll96_std_generator_use_blast_furnace_gas
465,feat_roll96_min_generator_use_blast_furnace_gas
466,feat_roll96_max_generator_use_blast_furnace_gas
467,feat_roll4_mean_generator_use_converter_gas
468,feat_roll4_std_generator_use_converter_gas
469,feat_roll4_min_generator_use_converter_gas
470,feat_roll4_max_generator_use_converter_gas
471,feat_roll8_mean_generator_use_converter_gas
472,feat_roll8_std_generator_use_converter_gas
473,feat_roll8_min_generator_use_converter_gas
474,feat_roll8_max_generator_use_converter_gas
475,feat_roll16_mean_generator_use_converter_gas
476,feat_roll16_std_generator_use_converter_gas
477,feat_roll16_min_generator_use_converter_gas
478,feat_roll16_max_generator_use_converter_gas
479,feat_roll32_mean_generator_use_converter_gas
480,feat_roll32_std_generator_use_converter_gas
481,feat_roll32_min_generator_use_converter_gas
482,feat_roll32_max_generator_use_converter_gas
483,feat_roll96_mean_generator_use_converter_gas
484,feat_roll96_std_generator_use_converter_gas
485,feat_roll96_min_generator_use_converter_gas
486,feat_roll96_max_generator_use_converter_gas
487,feat_roll4_mean_blast_furnace_observed_sum
488,feat_roll4_std_blast_furnace_observed_sum
489,feat_roll4_min_blast_furnace_observed_sum
490,feat_roll4_max_blast_furnace_observed_sum
491,feat_roll8_mean_blast_furnace_observed_sum
492,feat_roll8_std_blast_furnace_observed_sum
493,feat_roll8_min_blast_furnace_observed_sum
494,feat_roll8_max_blast_furnace_observed_sum
495,feat_roll16_mean_blast_furnace_observed_sum
496,feat_roll16_std_blast_furnace_observed_sum
497,feat_roll16_min_blast_furnace_observed_sum
498,feat_roll16_max_blast_furnace_observed_sum
499,feat_roll32_mean_blast_furnace_observed_sum
500,feat_roll32_std_blast_furnace_observed_sum
501,feat_roll32_min_blast_furnace_observed_sum
502,feat_roll32_max_blast_furnace_observed_sum
503,feat_roll96_mean_blast_furnace_observed_sum
504,feat_roll96_std_blast_furnace_observed_sum
505,feat_roll96_min_blast_furnace_observed_sum
506,feat_roll96_max_blast_furnace_observed_sum
507,feat_roll4_mean_blast_furnace_user_observed_sum
508,feat_roll4_std_blast_furnace_user_observed_sum
509,feat_roll4_min_blast_furnace_user_observed_sum
510,feat_roll4_max_blast_furnace_user_observed_sum
511,feat_roll8_mean_blast_furnace_user_observed_sum
512,feat_roll8_std_blast_furnace_user_observed_sum
513,feat_roll8_min_blast_furnace_user_observed_sum
514,feat_roll8_max_blast_furnace_user_observed_sum
515,feat_roll16_mean_blast_furnace_user_observed_sum
516,feat_roll16_std_blast_furnace_user_observed_sum
517,feat_roll16_min_blast_furnace_user_observed_sum
518,feat_roll16_max_blast_furnace_user_observed_sum
519,feat_roll32_mean_blast_furnace_user_observed_sum
520,feat_roll32_std_blast_furnace_user_observed_sum
521,feat_roll32_min_blast_furnace_user_observed_sum
522,feat_roll32_max_blast_furnace_user_observed_sum
523,feat_roll96_mean_blast_furnace_user_observed_sum
524,feat_roll96_std_blast_furnace_user_observed_sum
525,feat_roll96_min_blast_furnace_user_observed_sum
526,feat_roll96_max_blast_furnace_user_observed_sum
527,feat_roll4_mean_blast_furnace_gas_holder_2
528,feat_roll4_std_blast_furnace_gas_holder_2
529,feat_roll4_min_blast_furnace_gas_holder_2
530,feat_roll4_max_blast_furnace_gas_holder_2
531,feat_roll8_mean_blast_furnace_gas_holder_2
532,feat_roll8_std_blast_furnace_gas_holder_2
533,feat_roll8_min_blast_furnace_gas_holder_2
534,feat_roll8_max_blast_furnace_gas_holder_2
535,feat_roll16_mean_blast_furnace_gas_holder_2
536,feat_roll16_std_blast_furnace_gas_holder_2
537,feat_roll16_min_blast_furnace_gas_holder_2
538,feat_roll16_max_blast_furnace_gas_holder_2
539,feat_roll32_mean_blast_furnace_gas_holder_2
540,feat_roll32_std_blast_furnace_gas_holder_2
541,feat_roll32_min_blast_furnace_gas_holder_2
542,feat_roll32_max_blast_furnace_gas_holder_2
543,feat_roll96_mean_blast_furnace_gas_holder_2
544,feat_roll96_std_blast_furnace_gas_holder_2
545,feat_roll96_min_blast_furnace_gas_holder_2
546,feat_roll96_max_blast_furnace_gas_holder_2
547,feat_cleanview_blast_furnace_1
548,feat_cleanview_blast_furnace_2
549,feat_cleanview_blast_furnace_4
550,feat_cleanview_blast_furnace_5
551,feat_cleanview_coke_oven_1
552,feat_cleanview_converter_1
553,feat_cleanview_air_heater_1
554,feat_cleanview_air_heater_2
555,feat_cleanview_air_heater_4
556,feat_cleanview_air_heater_5
557,feat_cleanview_into_gas_mixed_coke
558,feat_cleanview_into_gas_mixed_blast_furnace
559,feat_cleanview_into_gas_mixed_converter
560,feat_cleanview_blast_furnace_gas_holder_2
561,feat_cleanview_blast_furnace_user1
562,feat_cleanview_blast_furnace_user2
563,feat_cleanview_blast_furnace_user3
564,feat_cleanview_blast_furnace_user4
565,feat_cleanview_converter_user1
566,feat_cleanview_converter_user2
567,feat_cleanview_generator_use_blast_furnace_gas
568,feat_cleanview_generator_use_coke_gas
569,feat_cleanview_generator_use_converter_gas
570,feat_cleanview_generator_1
571,feat_cleanview_generator_all
572,feat_smooth_p50_span4_ewm
573,feat_smooth_p50_span4_gap
574,feat_smooth_p50_span8_ewm
575,feat_smooth_p50_span8_gap
576,feat_smooth_p50_span16_ewm
577,feat_smooth_p50_span16_gap
578,feat_smooth_p50_span32_ewm
579,feat_smooth_p50_span32_gap
580,feat_smooth_p50_span96_ewm
581,feat_smooth_p50_span96_gap
582,feat_transition_p50_w4_step_mean
583,feat_transition_p50_w4_step_std
584,feat_transition_p50_w4_step_absmax
585,feat_transition_p50_w8_step_mean
586,feat_transition_p50_w8_step_std
587,feat_transition_p50_w8_step_absmax
588,feat_transition_p50_w16_step_mean
589,feat_transition_p50_w16_step_std
590,feat_transition_p50_w16_step_absmax
591,feat_transition_p50_w32_step_mean
592,feat_transition_p50_w32_step_std
593,feat_transition_p50_w32_step_absmax
594,feat_transition_p50_acceleration
595,feat_smooth_p120_span4_ewm
596,feat_smooth_p120_span4_gap
597,feat_smooth_p120_span8_ewm
598,feat_smooth_p120_span8_gap
599,feat_smooth_p120_span16_ewm
600,feat_smooth_p120_span16_gap
601,feat_smooth_p120_span32_ewm
602,feat_smooth_p120_span32_gap
603,feat_smooth_p120_span96_ewm
604,feat_smooth_p120_span96_gap
605,feat_transition_p120_w4_step_mean
606,feat_transition_p120_w4_step_std
607,feat_transition_p120_w4_step_absmax
608,feat_transition_p120_w8_step_mean
609,feat_transition_p120_w8_step_std
610,feat_transition_p120_w8_step_absmax
611,feat_transition_p120_w16_step_mean
612,feat_transition_p120_w16_step_std
613,feat_transition_p120_w16_step_absmax
614,feat_transition_p120_w32_step_mean
615,feat_transition_p120_w32_step_std
616,feat_transition_p120_w32_step_absmax
617,feat_transition_p120_acceleration
618,feat_smooth_pall_span4_ewm
619,feat_smooth_pall_span4_gap
620,feat_smooth_pall_span8_ewm
621,feat_smooth_pall_span8_gap
622,feat_smooth_pall_span16_ewm
623,feat_smooth_pall_span16_gap
624,feat_smooth_pall_span32_ewm
625,feat_smooth_pall_span32_gap
626,feat_smooth_pall_span96_ewm
627,feat_smooth_pall_span96_gap
628,feat_transition_pall_w4_step_mean
629,feat_transition_pall_w4_step_std
630,feat_transition_pall_w4_step_absmax
631,feat_transition_pall_w8_step_mean
632,feat_transition_pall_w8_step_std
633,feat_transition_pall_w8_step_absmax
634,feat_transition_pall_w16_step_mean
635,feat_transition_pall_w16_step_std
636,feat_transition_pall_w16_step_absmax
637,feat_transition_pall_w32_step_mean
638,feat_transition_pall_w32_step_std
639,feat_transition_pall_w32_step_absmax
640,feat_transition_pall_acceleration
641,feat_smooth_holder_span4_ewm
642,feat_smooth_holder_span4_gap
643,feat_smooth_holder_span8_ewm
644,feat_smooth_holder_span8_gap
645,feat_smooth_holder_span16_ewm
646,feat_smooth_holder_span16_gap
647,feat_smooth_holder_span32_ewm
648,feat_smooth_holder_span32_gap
649,feat_smooth_holder_span96_ewm
650,feat_smooth_holder_span96_gap
651,feat_transition_holder_w4_step_mean
652,feat_transition_holder_w4_step_std
653,feat_transition_holder_w4_step_absmax
654,feat_transition_holder_w8_step_mean
655,feat_transition_holder_w8_step_std
656,feat_transition_holder_w8_step_absmax
657,feat_transition_holder_w16_step_mean
658,feat_transition_holder_w16_step_std
659,feat_transition_holder_w16_step_absmax
660,feat_transition_holder_w32_step_mean
661,feat_transition_holder_w32_step_std
662,feat_transition_holder_w32_step_absmax
663,feat_transition_holder_acceleration
664,feat_smooth_gen_bfg_span4_ewm
665,feat_smooth_gen_bfg_span4_gap
666,feat_smooth_gen_bfg_span8_ewm
667,feat_smooth_gen_bfg_span8_gap
668,feat_smooth_gen_bfg_span16_ewm
669,feat_smooth_gen_bfg_span16_gap
670,feat_smooth_gen_bfg_span32_ewm
671,feat_smooth_gen_bfg_span32_gap
672,feat_smooth_gen_bfg_span96_ewm
673,feat_smooth_gen_bfg_span96_gap
674,feat_transition_gen_bfg_w4_step_mean
675,feat_transition_gen_bfg_w4_step_std
676,feat_transition_gen_bfg_w4_step_absmax
677,feat_transition_gen_bfg_w8_step_mean
678,feat_transition_gen_bfg_w8_step_std
679,feat_transition_gen_bfg_w8_step_absmax
680,feat_transition_gen_bfg_w16_step_mean
681,feat_transition_gen_bfg_w16_step_std
682,feat_transition_gen_bfg_w16_step_absmax
683,feat_transition_gen_bfg_w32_step_mean
684,feat_transition_gen_bfg_w32_step_std
685,feat_transition_gen_bfg_w32_step_absmax
686,feat_transition_gen_bfg_acceleration
687,feat_smooth_gen_cog_span4_ewm
688,feat_smooth_gen_cog_span4_gap
689,feat_smooth_gen_cog_span8_ewm
690,feat_smooth_gen_cog_span8_gap
691,feat_smooth_gen_cog_span16_ewm
692,feat_smooth_gen_cog_span16_gap
693,feat_smooth_gen_cog_span32_ewm
694,feat_smooth_gen_cog_span32_gap
695,feat_smooth_gen_cog_span96_ewm
696,feat_smooth_gen_cog_span96_gap
697,feat_transition_gen_cog_w4_step_mean
698,feat_transition_gen_cog_w4_step_std
699,feat_transition_gen_cog_w4_step_absmax
700,feat_transition_gen_cog_w8_step_mean
701,feat_transition_gen_cog_w8_step_std
702,feat_transition_gen_cog_w8_step_absmax
703,feat_transition_gen_cog_w16_step_mean
704,feat_transition_gen_cog_w16_step_std
705,feat_transition_gen_cog_w16_step_absmax
706,feat_transition_gen_cog_w32_step_mean
707,feat_transition_gen_cog_w32_step_std
708,feat_transition_gen_cog_w32_step_absmax
709,feat_transition_gen_cog_acceleration
710,feat_smooth_gen_cvg_span4_ewm
711,feat_smooth_gen_cvg_span4_gap
712,feat_smooth_gen_cvg_span8_ewm
713,feat_smooth_gen_cvg_span8_gap
714,feat_smooth_gen_cvg_span16_ewm
715,feat_smooth_gen_cvg_span16_gap
716,feat_smooth_gen_cvg_span32_ewm
717,feat_smooth_gen_cvg_span32_gap
718,feat_smooth_gen_cvg_span96_ewm
719,feat_smooth_gen_cvg_span96_gap
720,feat_transition_gen_cvg_w4_step_mean
721,feat_transition_gen_cvg_w4_step_std
722,feat_transition_gen_cvg_w4_step_absmax
723,feat_transition_gen_cvg_w8_step_mean
724,feat_transition_gen_cvg_w8_step_std
725,feat_transition_gen_cvg_w8_step_absmax
726,feat_transition_gen_cvg_w16_step_mean
727,feat_transition_gen_cvg_w16_step_std
728,feat_transition_gen_cvg_w16_step_absmax
729,feat_transition_gen_cvg_w32_step_mean
730,feat_transition_gen_cvg_w32_step_std
731,feat_transition_gen_cvg_w32_step_absmax
732,feat_transition_gen_cvg_acceleration
733,feat_smooth_bfg_supply_span4_ewm
734,feat_smooth_bfg_supply_span4_gap
735,feat_smooth_bfg_supply_span8_ewm
736,feat_smooth_bfg_supply_span8_gap
737,feat_smooth_bfg_supply_span16_ewm
738,feat_smooth_bfg_supply_span16_gap
739,feat_smooth_bfg_supply_span32_ewm
740,feat_smooth_bfg_supply_span32_gap
741,feat_smooth_bfg_supply_span96_ewm
742,feat_smooth_bfg_supply_span96_gap
743,feat_transition_bfg_supply_w4_step_mean
744,feat_transition_bfg_supply_w4_step_std
745,feat_transition_bfg_supply_w4_step_absmax
746,feat_transition_bfg_supply_w8_step_mean
747,feat_transition_bfg_supply_w8_step_std
748,feat_transition_bfg_supply_w8_step_absmax
749,feat_transition_bfg_supply_w16_step_mean
750,feat_transition_bfg_supply_w16_step_std
751,feat_transition_bfg_supply_w16_step_absmax
752,feat_transition_bfg_supply_w32_step_mean
753,feat_transition_bfg_supply_w32_step_std
754,feat_transition_bfg_supply_w32_step_absmax
755,feat_transition_bfg_supply_acceleration
756,feat_smooth_bfg_users_span4_ewm
757,feat_smooth_bfg_users_span4_gap
758,feat_smooth_bfg_users_span8_ewm
759,feat_smooth_bfg_users_span8_gap
760,feat_smooth_bfg_users_span16_ewm
761,feat_smooth_bfg_users_span16_gap
762,feat_smooth_bfg_users_span32_ewm
763,feat_smooth_bfg_users_span32_gap
764,feat_smooth_bfg_users_span96_ewm
765,feat_smooth_bfg_users_span96_gap
766,feat_transition_bfg_users_w4_step_mean
767,feat_transition_bfg_users_w4_step_std
768,feat_transition_bfg_users_w4_step_absmax
769,feat_transition_bfg_users_w8_step_mean
770,feat_transition_bfg_users_w8_step_std
771,feat_transition_bfg_users_w8_step_absmax
772,feat_transition_bfg_users_w16_step_mean
773,feat_transition_bfg_users_w16_step_std
774,feat_transition_bfg_users_w16_step_absmax
775,feat_transition_bfg_users_w32_step_mean
776,feat_transition_bfg_users_w32_step_std
777,feat_transition_bfg_users_w32_step_absmax
778,feat_transition_bfg_users_acceleration
779,feat_ratio_p50_share
780,feat_ratio_p120_share
781,feat_ratio_power_per_total_generator_gas
782,feat_ratio_p50_per_bfg
783,feat_ratio_coke_share_generator_gas
784,feat_ratio_converter_share_generator_gas
785,feat_ratio_holder_to_bfg_use
786,feat_ratio_bfg_generator_use_to_supply
787,feat_ratio_bfg_users_to_supply
788,feat_spectral_window96_ready
789,feat_spectral_p50_w96_fft_bin1_power
790,feat_spectral_p50_w96_fft_bin2_power
791,feat_spectral_p50_w96_fft_bin3_power
792,feat_spectral_p50_w96_fft_bin4_power
793,feat_spectral_p50_w96_fft_low_band_power
794,feat_spectral_p50_w96_fft_mid_band_power
795,feat_spectral_p50_w96_fft_high_band_power
796,feat_spectral_p50_w96_fft_spectral_centroid
797,feat_spectral_p50_w96_haar_detail_l1_power
798,feat_spectral_p50_w96_haar_detail_l2_power
799,feat_spectral_p50_w96_haar_detail_l3_power
800,feat_spectral_p50_w96_haar_detail_l4_power
801,feat_spectral_pall_w96_fft_bin1_power
802,feat_spectral_pall_w96_fft_bin2_power
803,feat_spectral_pall_w96_fft_bin3_power
804,feat_spectral_pall_w96_fft_bin4_power
805,feat_spectral_pall_w96_fft_low_band_power
806,feat_spectral_pall_w96_fft_mid_band_power
807,feat_spectral_pall_w96_fft_high_band_power
808,feat_spectral_pall_w96_fft_spectral_centroid
809,feat_spectral_pall_w96_haar_detail_l1_power
810,feat_spectral_pall_w96_haar_detail_l2_power
811,feat_spectral_pall_w96_haar_detail_l3_power
812,feat_spectral_pall_w96_haar_detail_l4_power
813,feat_spectral_holder_w96_fft_bin1_power
814,feat_spectral_holder_w96_fft_bin2_power
815,feat_spectral_holder_w96_fft_bin3_power
816,feat_spectral_holder_w96_fft_bin4_power
817,feat_spectral_holder_w96_fft_low_band_power
818,feat_spectral_holder_w96_fft_mid_band_power
819,feat_spectral_holder_w96_fft_high_band_power
820,feat_spectral_holder_w96_fft_spectral_centroid
821,feat_spectral_holder_w96_haar_detail_l1_power
822,feat_spectral_holder_w96_haar_detail_l2_power
823,feat_spectral_holder_w96_haar_detail_l3_power
824,feat_spectral_holder_w96_haar_detail_l4_power
825,feat_spectral_gen_bfg_w96_fft_bin1_power
826,feat_spectral_gen_bfg_w96_fft_bin2_power
827,feat_spectral_gen_bfg_w96_fft_bin3_power
828,feat_spectral_gen_bfg_w96_fft_bin4_power
829,feat_spectral_gen_bfg_w96_fft_low_band_power
830,feat_spectral_gen_bfg_w96_fft_mid_band_power
831,feat_spectral_gen_bfg_w96_fft_high_band_power
832,feat_spectral_gen_bfg_w96_fft_spectral_centroid
833,feat_spectral_gen_bfg_w96_haar_detail_l1_power
834,feat_spectral_gen_bfg_w96_haar_detail_l2_power
835,feat_spectral_gen_bfg_w96_haar_detail_l3_power
836,feat_spectral_gen_bfg_w96_haar_detail_l4_power
837,feat_spectral_gen_cog_w96_fft_bin1_power
838,feat_spectral_gen_cog_w96_fft_bin2_power
839,feat_spectral_gen_cog_w96_fft_bin3_power
840,feat_spectral_gen_cog_w96_fft_bin4_power
841,feat_spectral_gen_cog_w96_fft_low_band_power
842,feat_spectral_gen_cog_w96_fft_mid_band_power
843,feat_spectral_gen_cog_w96_fft_high_band_power
844,feat_spectral_gen_cog_w96_fft_spectral_centroid
845,feat_spectral_gen_cog_w96_haar_detail_l1_power
846,feat_spectral_gen_cog_w96_haar_detail_l2_power
847,feat_spectral_gen_cog_w96_haar_detail_l3_power
848,feat_spectral_gen_cog_w96_haar_detail_l4_power
849,feat_spectral_gen_cvg_w96_fft_bin1_power
850,feat_spectral_gen_cvg_w96_fft_bin2_power
851,feat_spectral_gen_cvg_w96_fft_bin3_power
852,feat_spectral_gen_cvg_w96_fft_bin4_power
853,feat_spectral_gen_cvg_w96_fft_low_band_power
854,feat_spectral_gen_cvg_w96_fft_mid_band_power
855,feat_spectral_gen_cvg_w96_fft_high_band_power
856,feat_spectral_gen_cvg_w96_fft_spectral_centroid
857,feat_spectral_gen_cvg_w96_haar_detail_l1_power
858,feat_spectral_gen_cvg_w96_haar_detail_l2_power
859,feat_spectral_gen_cvg_w96_haar_detail_l3_power
860,feat_spectral_gen_cvg_w96_haar_detail_l4_power
861,feat_spectral_bfg_supply_w96_fft_bin1_power
862,feat_spectral_bfg_supply_w96_fft_bin2_power
863,feat_spectral_bfg_supply_w96_fft_bin3_power
864,feat_spectral_bfg_supply_w96_fft_bin4_power
865,feat_spectral_bfg_supply_w96_fft_low_band_power
866,feat_spectral_bfg_supply_w96_fft_mid_band_power
867,feat_spectral_bfg_supply_w96_fft_high_band_power
868,feat_spectral_bfg_supply_w96_fft_spectral_centroid
869,feat_spectral_bfg_supply_w96_haar_detail_l1_power
870,feat_spectral_bfg_supply_w96_haar_detail_l2_power
871,feat_spectral_bfg_supply_w96_haar_detail_l3_power
872,feat_spectral_bfg_supply_w96_haar_detail_l4_power
873,feat_spectral_bfg_users_w96_fft_bin1_power
874,feat_spectral_bfg_users_w96_fft_bin2_power
875,feat_spectral_bfg_users_w96_fft_bin3_power
876,feat_spectral_bfg_users_w96_fft_bin4_power
877,feat_spectral_bfg_users_w96_fft_low_band_power
878,feat_spectral_bfg_users_w96_fft_mid_band_power
879,feat_spectral_bfg_users_w96_fft_high_band_power
880,feat_spectral_bfg_users_w96_fft_spectral_centroid
881,feat_spectral_bfg_users_w96_haar_detail_l1_power
882,feat_spectral_bfg_users_w96_haar_detail_l2_power
883,feat_spectral_bfg_users_w96_haar_detail_l3_power
884,feat_spectral_bfg_users_w96_haar_detail_l4_power
