fold,horizon_step,features,runtime_seconds,device_requested
fold_1,1,801,6.797694099997898,cuda
fold_1,2,801,7.1968689000023005,cuda
fold_1,3,801,7.24347090000083,cuda
fold_1,4,801,6.966423199999554,cuda
fold_1,5,801,7.305319899998722,cuda
fold_1,6,801,7.363771500000439,cuda
fold_1,7,801,7.0977736999993795,cuda
fold_1,8,801,7.386004899999534,cuda
fold_2,1,801,7.970976000000519,cuda
fold_2,2,801,8.24750320000021,cuda
fold_2,3,801,8.511545900000783,cuda
fold_2,4,801,8.638194600000134,cuda
fold_2,5,801,8.639835900001344,cuda
fold_2,6,801,8.312709100002394,cuda
fold_2,7,801,8.23481349999929,cuda
fold_2,8,801,8.581313799997588,cuda
fold_3,1,801,8.88780979999865,cuda
fold_3,2,801,8.974081700001989,cuda
fold_3,3,801,9.21743250000145,cuda
fold_3,4,801,9.3334285000019,cuda
fold_3,5,801,9.026574399998935,cuda
fold_3,6,801,9.015816999999515,cuda
fold_3,7,801,8.966906699999527,cuda
fold_3,8,801,8.950926099998469,cuda
