datetime,horizon,generator_1,generator_all
2025-05-01 00:00:00,1,100.32394409179688,308.85400390625
2025-05-01 00:00:00,2,100.73987579345703,305.0870361328125
2025-05-01 00:00:00,3,99.72746276855469,304.1919860839844
2025-05-01 00:00:00,4,99.8846435546875,301.95489501953125
2025-05-01 00:00:00,5,99.9457015991211,300.934814453125
2025-05-01 00:00:00,6,101.47486877441406,298.92803955078125
2025-05-01 00:00:00,7,102.77864837646484,299.3454895019531
2025-05-01 00:00:00,8,101.32540130615234,296.86151123046875
2025-05-01 00:15:00,1,102.53425598144531,317.52581787109375
2025-05-01 00:15:00,2,102.73789978027344,315.79302978515625
2025-05-01 00:15:00,3,102.34380340576172,315.78497314453125
2025-05-01 00:15:00,4,102.07341003417969,313.448486328125
2025-05-01 00:15:00,5,101.12360382080078,310.4466857910156
2025-05-01 00:15:00,6,103.01629638671875,308.2643737792969
2025-05-01 00:15:00,7,103.85188293457031,308.3813171386719
2025-05-01 00:15:00,8,102.0469970703125,303.2343444824219
2025-05-01 00:30:00,1,102.35191345214844,317.3190002441406
2025-05-01 00:30:00,2,102.74713897705078,316.743896484375
2025-05-01 00:30:00,3,101.77882385253906,316.35601806640625
2025-05-01 00:30:00,4,102.28131866455078,317.7659912109375
2025-05-01 00:30:00,5,102.91447448730469,315.7503967285156
2025-05-01 00:30:00,6,104.60234832763672,315.3110656738281
2025-05-01 00:30:00,7,105.6282730102539,313.68402099609375
2025-05-01 00:30:00,8,104.39128112792969,307.1780700683594
2025-05-01 00:45:00,1,103.09492492675781,319.10009765625
2025-05-01 00:45:00,2,104.48558807373047,319.1855163574219
2025-05-01 00:45:00,3,103.84148406982422,317.857421875
2025-05-01 00:45:00,4,103.12030792236328,319.2409362792969
2025-05-01 00:45:00,5,104.21682739257812,313.7970886230469
2025-05-01 00:45:00,6,105.55657196044922,314.0079650878906
2025-05-01 00:45:00,7,105.673583984375,311.1292724609375
2025-05-01 00:45:00,8,104.7721939086914,309.7763366699219
2025-05-01 01:00:00,1,103.77749633789062,319.94195556640625
2025-05-01 01:00:00,2,104.7698974609375,320.5096130371094
2025-05-01 01:00:00,3,104.26132202148438,319.591796875
2025-05-01 01:00:00,4,104.14219665527344,320.0439147949219
2025-05-01 01:00:00,5,104.18339538574219,316.91705322265625
2025-05-01 01:00:00,6,106.38749694824219,318.29241943359375
2025-05-01 01:00:00,7,106.62337493896484,316.0692443847656
2025-05-01 01:00:00,8,106.35350036621094,312.10284423828125
2025-05-01 01:15:00,1,104.69660186767578,323.8999328613281
2025-05-01 01:15:00,2,105.56517028808594,324.1933288574219
2025-05-01 01:15:00,3,105.05502319335938,322.35064697265625
2025-05-01 01:15:00,4,105.13710021972656,324.2669677734375
2025-05-01 01:15:00,5,104.95072937011719,321.3353271484375
2025-05-01 01:15:00,6,106.94824981689453,322.5764465332031
2025-05-01 01:15:00,7,105.70359802246094,319.6136779785156
2025-05-01 01:15:00,8,106.30103302001953,315.30218505859375
2025-05-01 01:30:00,1,111.95189666748047,340.3301696777344
2025-05-01 01:30:00,2,112.3247299194336,339.93023681640625
2025-05-01 01:30:00,3,111.84367370605469,338.955078125
2025-05-01 01:30:00,4,111.36012268066406,336.2436828613281
2025-05-01 01:30:00,5,111.43302917480469,330.543701171875
2025-05-01 01:30:00,6,111.72537231445312,333.9656677246094
2025-05-01 01:30:00,7,109.89796447753906,332.7775573730469
2025-05-01 01:30:00,8,109.2221908569336,328.1042785644531
2025-05-01 01:45:00,1,119.93433380126953,347.6722412109375
2025-05-01 01:45:00,2,120.52522277832031,346.6647644042969
2025-05-01 01:45:00,3,119.93858337402344,342.6141662597656
2025-05-01 01:45:00,4,118.2796630859375,341.6129150390625
2025-05-01 01:45:00,5,117.03058624267578,338.2096862792969
2025-05-01 01:45:00,6,115.46800994873047,336.81915283203125
2025-05-01 01:45:00,7,113.26216125488281,338.2555847167969
2025-05-01 01:45:00,8,113.12419891357422,333.9908142089844
2025-05-01 02:00:00,1,119.02546691894531,347.8670654296875
2025-05-01 02:00:00,2,119.2742919921875,345.38214111328125
2025-05-01 02:00:00,3,118.68738555908203,343.2489013671875
2025-05-01 02:00:00,4,117.69872283935547,343.2465515136719
2025-05-01 02:00:00,5,116.68002319335938,338.425048828125
2025-05-01 02:00:00,6,115.45140838623047,340.56640625
2025-05-01 02:00:00,7,112.79953002929688,339.1252746582031
2025-05-01 02:00:00,8,112.38180541992188,333.3213806152344
2025-05-01 02:15:00,1,115.3162612915039,343.479248046875
2025-05-01 02:15:00,2,115.25322723388672,342.8284912109375
2025-05-01 02:15:00,3,114.62942504882812,338.8045959472656
2025-05-01 02:15:00,4,114.25711822509766,340.36370849609375
2025-05-01 02:15:00,5,112.74337768554688,335.9229431152344
2025-05-01 02:15:00,6,112.57730102539062,335.49688720703125
2025-05-01 02:15:00,7,109.6320571899414,333.7403259277344
2025-05-01 02:15:00,8,108.548095703125,330.2813720703125
2025-05-01 02:30:00,1,115.68749237060547,343.2204284667969
2025-05-01 02:30:00,2,115.64572143554688,341.45947265625
2025-05-01 02:30:00,3,114.27044677734375,339.7087097167969
2025-05-01 02:30:00,4,112.73161315917969,339.87432861328125
2025-05-01 02:30:00,5,113.51477813720703,332.87322998046875
2025-05-01 02:30:00,6,112.07355499267578,333.3285217285156
2025-05-01 02:30:00,7,109.27035522460938,330.24310302734375
2025-05-01 02:30:00,8,108.18302154541016,326.16259765625
2025-05-01 02:45:00,1,117.60511016845703,347.8441162109375
2025-05-01 02:45:00,2,117.0119857788086,345.7424011230469
2025-05-01 02:45:00,3,116.82434844970703,342.3176574707031
2025-05-01 02:45:00,4,113.5921859741211,339.7784423828125
2025-05-01 02:45:00,5,113.46479034423828,335.83172607421875
2025-05-01 02:45:00,6,111.3188247680664,335.4954528808594
2025-05-01 02:45:00,7,110.20272064208984,330.3671875
2025-05-01 02:45:00,8,111.07061767578125,329.0794372558594
2025-05-01 03:00:00,1,119.29354858398438,333.3604431152344
2025-05-01 03:00:00,2,118.84387969970703,330.2233581542969
2025-05-01 03:00:00,3,118.32085418701172,329.23419189453125
2025-05-01 03:00:00,4,115.26669311523438,327.8697204589844
2025-05-01 03:00:00,5,114.7702865600586,327.3027038574219
2025-05-01 03:00:00,6,113.48440551757812,325.8778991699219
2025-05-01 03:00:00,7,112.07051086425781,322.635498046875
2025-05-01 03:00:00,8,113.93136596679688,321.6968688964844
2025-05-01 03:15:00,1,115.49232482910156,330.66082763671875
2025-05-01 03:15:00,2,115.19982147216797,329.1705017089844
2025-05-01 03:15:00,3,114.20965576171875,326.5049133300781
2025-05-01 03:15:00,4,111.478759765625,323.3593444824219
2025-05-01 03:15:00,5,111.78519439697266,316.5633544921875
2025-05-01 03:15:00,6,112.38421630859375,313.3057556152344
2025-05-01 03:15:00,7,109.92556762695312,308.385498046875
2025-05-01 03:15:00,8,110.46072387695312,310.3255920410156
2025-05-01 03:30:00,1,116.00366973876953,330.6690979003906
2025-05-01 03:30:00,2,115.73433685302734,328.54266357421875
2025-05-01 03:30:00,3,115.03614807128906,325.8596496582031
2025-05-01 03:30:00,4,112.42007446289062,322.02581787109375
2025-05-01 03:30:00,5,113.09552001953125,317.8298034667969
2025-05-01 03:30:00,6,112.47689056396484,318.17974853515625
2025-05-01 03:30:00,7,111.42694091796875,313.7712707519531
2025-05-01 03:30:00,8,113.36597442626953,314.1092529296875
2025-05-01 03:45:00,1,117.09963989257812,331.9818420410156
2025-05-01 03:45:00,2,117.00626373291016,330.0744934082031
2025-05-01 03:45:00,3,116.20635223388672,328.6861572265625
2025-05-01 03:45:00,4,113.1939697265625,325.67022705078125
2025-05-01 03:45:00,5,113.8728256225586,322.0782470703125
2025-05-01 03:45:00,6,112.42998504638672,321.26666259765625
2025-05-01 03:45:00,7,114.32850646972656,320.4021301269531
2025-05-01 03:45:00,8,115.25540924072266,318.375
2025-05-01 04:00:00,1,118.24169921875,330.5318298339844
2025-05-01 04:00:00,2,117.09366607666016,329.6988830566406
2025-05-01 04:00:00,3,117.08846282958984,330.3729553222656
2025-05-01 04:00:00,4,115.1509017944336,328.2938537597656
2025-05-01 04:00:00,5,115.361083984375,325.6210632324219
2025-05-01 04:00:00,6,114.2242202758789,321.5987854003906
2025-05-01 04:00:00,7,115.54193878173828,322.3441162109375
2025-05-01 04:00:00,8,115.63162994384766,321.83673095703125
2025-05-01 04:15:00,1,114.43136596679688,325.4789123535156
2025-05-01 04:15:00,2,114.31795501708984,324.52935791015625
2025-05-01 04:15:00,3,114.14479064941406,323.88275146484375
2025-05-01 04:15:00,4,113.2940444946289,322.2945251464844
2025-05-01 04:15:00,5,114.66183471679688,319.5985412597656
2025-05-01 04:15:00,6,115.33497619628906,317.0313720703125
2025-05-01 04:15:00,7,116.78732299804688,317.374755859375
2025-05-01 04:15:00,8,115.74269104003906,319.5992431640625
2025-05-01 04:30:00,1,111.01679229736328,321.5007019042969
2025-05-01 04:30:00,2,110.7730712890625,321.3160400390625
2025-05-01 04:30:00,3,111.47856140136719,322.8434143066406
2025-05-01 04:30:00,4,110.28311920166016,323.6517333984375
2025-05-01 04:30:00,5,113.47172546386719,322.0184326171875
2025-05-01 04:30:00,6,115.60818481445312,320.7087097167969
2025-05-01 04:30:00,7,117.76480102539062,320.5850524902344
2025-05-01 04:30:00,8,117.9124755859375,323.25006103515625
2025-05-01 04:45:00,1,111.0425033569336,322.5472412109375
2025-05-01 04:45:00,2,111.5019760131836,323.5110168457031
2025-05-01 04:45:00,3,113.11601257324219,325.7489929199219
2025-05-01 04:45:00,4,112.42425537109375,327.9556884765625
2025-05-01 04:45:00,5,114.11468505859375,323.8260498046875
2025-05-01 04:45:00,6,115.83387756347656,323.9365539550781
2025-05-01 04:45:00,7,118.32337951660156,323.3438415527344
2025-05-01 04:45:00,8,117.77074432373047,325.3178405761719
2025-05-01 05:00:00,1,108.1147689819336,318.4073791503906
2025-05-01 05:00:00,2,108.8740005493164,319.5518798828125
2025-05-01 05:00:00,3,110.43283081054688,319.72760009765625
2025-05-01 05:00:00,4,111.96942138671875,320.9445495605469
2025-05-01 05:00:00,5,113.13151550292969,318.3834533691406
2025-05-01 05:00:00,6,115.3907699584961,317.4457092285156
2025-05-01 05:00:00,7,117.4820556640625,315.4811096191406
2025-05-01 05:00:00,8,116.07819366455078,320.5098876953125
2025-05-01 05:15:00,1,121.1307144165039,332.00933837890625
2025-05-01 05:15:00,2,122.42902374267578,333.40472412109375
2025-05-01 05:15:00,3,123.05477142333984,336.0010070800781
2025-05-01 05:15:00,4,120.8106918334961,337.6968078613281
2025-05-01 05:15:00,5,120.88707733154297,334.6631774902344
2025-05-01 05:15:00,6,120.83409881591797,335.24462890625
2025-05-01 05:15:00,7,122.08560943603516,333.7473449707031
2025-05-01 05:15:00,8,121.21675872802734,335.6595458984375
2025-05-01 05:30:00,1,123.39434814453125,336.041748046875
2025-05-01 05:30:00,2,125.01002502441406,338.1572265625
2025-05-01 05:30:00,3,125.87596893310547,341.71923828125
2025-05-01 05:30:00,4,122.97965240478516,343.6052551269531
2025-05-01 05:30:00,5,123.49702453613281,343.37982177734375
2025-05-01 05:30:00,6,122.96125030517578,342.25909423828125
2025-05-01 05:30:00,7,124.20978546142578,341.4549255371094
2025-05-01 05:30:00,8,123.23629760742188,341.0386657714844
2025-05-01 05:45:00,1,123.0712661743164,336.26263427734375
2025-05-01 05:45:00,2,124.14408874511719,339.2424011230469
2025-05-01 05:45:00,3,123.81424713134766,342.7236022949219
2025-05-01 05:45:00,4,122.19426727294922,342.75042724609375
2025-05-01 05:45:00,5,123.95353698730469,344.3301086425781
2025-05-01 05:45:00,6,125.89540100097656,341.7219543457031
2025-05-01 05:45:00,7,125.32202911376953,341.60723876953125
2025-05-01 05:45:00,8,124.19603729248047,343.9783935546875
2025-05-01 06:00:00,1,127.73330688476562,346.22430419921875
2025-05-01 06:00:00,2,128.0197296142578,349.4780578613281
2025-05-01 06:00:00,3,127.8819580078125,350.9416809082031
2025-05-01 06:00:00,4,125.90078735351562,352.4036865234375
2025-05-01 06:00:00,5,127.74856567382812,350.1580810546875
2025-05-01 06:00:00,6,127.97412109375,352.7087097167969
2025-05-01 06:00:00,7,127.70404815673828,350.91497802734375
2025-05-01 06:00:00,8,128.10305786132812,349.2538146972656
2025-05-01 06:15:00,1,128.39111328125,356.9634094238281
2025-05-01 06:15:00,2,127.7285385131836,357.9914245605469
2025-05-01 06:15:00,3,127.43238067626953,358.1982116699219
2025-05-01 06:15:00,4,126.39041900634766,356.8566589355469
2025-05-01 06:15:00,5,127.1093521118164,354.07421875
2025-05-01 06:15:00,6,128.29696655273438,354.4325866699219
2025-05-01 06:15:00,7,128.2425994873047,355.67742919921875
2025-05-01 06:15:00,8,128.33714294433594,353.7513122558594
2025-05-01 06:30:00,1,121.13148498535156,348.7707214355469
2025-05-01 06:30:00,2,121.083251953125,348.7427062988281
2025-05-01 06:30:00,3,120.38701629638672,348.42498779296875
2025-05-01 06:30:00,4,120.16040802001953,349.9113464355469
2025-05-01 06:30:00,5,121.92375183105469,344.93414306640625
2025-05-01 06:30:00,6,123.93746185302734,346.3654479980469
2025-05-01 06:30:00,7,122.29379272460938,345.212890625
2025-05-01 06:30:00,8,122.1715087890625,345.26092529296875
2025-05-01 06:45:00,1,114.58279418945312,337.03546142578125
2025-05-01 06:45:00,2,114.52433013916016,335.16094970703125
2025-05-01 06:45:00,3,114.67298126220703,335.5321960449219
2025-05-01 06:45:00,4,114.37071990966797,336.8736877441406
2025-05-01 06:45:00,5,117.1889419555664,335.6860656738281
2025-05-01 06:45:00,6,119.83618927001953,336.09564208984375
2025-05-01 06:45:00,7,117.7415542602539,339.1692810058594
2025-05-01 06:45:00,8,118.14553833007812,336.5086364746094
2025-05-01 07:00:00,1,107.83012390136719,330.720947265625
2025-05-01 07:00:00,2,108.2607650756836,329.25982666015625
2025-05-01 07:00:00,3,109.71929168701172,330.3828430175781
2025-05-01 07:00:00,4,110.01012420654297,331.8345947265625
2025-05-01 07:00:00,5,111.7629165649414,331.8593444824219
2025-05-01 07:00:00,6,112.66761779785156,327.9654235839844
2025-05-01 07:00:00,7,114.07088470458984,325.5018005371094
2025-05-01 07:00:00,8,113.13499450683594,322.3832702636719
2025-05-01 07:15:00,1,107.37258911132812,319.34161376953125
2025-05-01 07:15:00,2,107.27043914794922,318.5150451660156
2025-05-01 07:15:00,3,107.7765884399414,318.05657958984375
2025-05-01 07:15:00,4,109.5683822631836,320.0083312988281
2025-05-01 07:15:00,5,111.58936309814453,318.9861145019531
2025-05-01 07:15:00,6,112.65188598632812,317.46868896484375
2025-05-01 07:15:00,7,113.36559295654297,314.92071533203125
2025-05-01 07:15:00,8,112.67428588867188,312.8584289550781
2025-05-01 07:30:00,1,99.18458557128906,296.6087951660156
2025-05-01 07:30:00,2,99.91033935546875,294.7666320800781
2025-05-01 07:30:00,3,100.50838470458984,295.2906494140625
2025-05-01 07:30:00,4,102.53401184082031,297.9992370605469
2025-05-01 07:30:00,5,104.7401123046875,301.0766296386719
2025-05-01 07:30:00,6,106.5947265625,302.0910339355469
2025-05-01 07:30:00,7,107.4930648803711,305.614501953125
2025-05-01 07:30:00,8,106.76815032958984,303.59136962890625
2025-05-01 07:45:00,1,97.32049560546875,297.2161560058594
2025-05-01 07:45:00,2,99.70603942871094,299.4612121582031
2025-05-01 07:45:00,3,100.9323501586914,301.358642578125
2025-05-01 07:45:00,4,103.47421264648438,305.975830078125
2025-05-01 07:45:00,5,106.54945373535156,308.7624816894531
2025-05-01 07:45:00,6,108.5538101196289,311.2243957519531
2025-05-01 07:45:00,7,108.32447814941406,315.03271484375
2025-05-01 07:45:00,8,107.82810974121094,311.69500732421875
2025-05-01 08:00:00,1,102.74883270263672,325.2604675292969
2025-05-01 08:00:00,2,104.50106811523438,327.8998718261719
2025-05-01 08:00:00,3,108.21155548095703,327.3475646972656
2025-05-01 08:00:00,4,109.8167953491211,329.2178955078125
2025-05-01 08:00:00,5,111.0589828491211,326.61956787109375
2025-05-01 08:00:00,6,111.2082748413086,326.9729309082031
2025-05-01 08:00:00,7,111.4015121459961,325.3594970703125
2025-05-01 08:00:00,8,109.81556701660156,324.29290771484375
2025-05-01 08:15:00,1,103.25420379638672,328.2583923339844
2025-05-01 08:15:00,2,103.55628204345703,328.2122497558594
2025-05-01 08:15:00,3,104.93887329101562,328.8159484863281
2025-05-01 08:15:00,4,106.76519012451172,329.12860107421875
2025-05-01 08:15:00,5,107.90465545654297,328.6485595703125
2025-05-01 08:15:00,6,107.41309356689453,326.24102783203125
2025-05-01 08:15:00,7,109.21097564697266,323.032958984375
2025-05-01 08:15:00,8,106.5180892944336,320.997802734375
2025-05-01 08:30:00,1,101.9152603149414,331.37945556640625
2025-05-01 08:30:00,2,103.36627197265625,332.846435546875
2025-05-01 08:30:00,3,105.44723510742188,333.0390930175781
2025-05-01 08:30:00,4,108.97930145263672,332.1402893066406
2025-05-01 08:30:00,5,108.8645248413086,333.8388977050781
2025-05-01 08:30:00,6,108.68888092041016,330.7535095214844
2025-05-01 08:30:00,7,109.10323333740234,330.7698669433594
2025-05-01 08:30:00,8,107.43397521972656,331.4700622558594
2025-05-01 08:45:00,1,110.62248229980469,343.7828369140625
2025-05-01 08:45:00,2,111.06095123291016,344.3153076171875
2025-05-01 08:45:00,3,112.18168640136719,343.7157287597656
2025-05-01 08:45:00,4,112.67618560791016,342.3786315917969
2025-05-01 08:45:00,5,113.5606460571289,342.4764404296875
2025-05-01 08:45:00,6,113.23985290527344,339.0029602050781
2025-05-01 08:45:00,7,114.14924621582031,337.24810791015625
2025-05-01 08:45:00,8,111.5027847290039,333.9349060058594
2025-05-01 09:00:00,1,118.9068603515625,355.6302795410156
2025-05-01 09:00:00,2,119.453125,355.3529052734375
2025-05-01 09:00:00,3,118.45629119873047,353.1799011230469
2025-05-01 09:00:00,4,118.99665832519531,351.5657043457031
2025-05-01 09:00:00,5,117.98068237304688,349.3182678222656
2025-05-01 09:00:00,6,119.101806640625,345.1163635253906
2025-05-01 09:00:00,7,118.10204315185547,342.67034912109375
2025-05-01 09:00:00,8,117.06771087646484,343.4777526855469
2025-05-01 09:15:00,1,116.8666763305664,347.87957763671875
2025-05-01 09:15:00,2,116.60516357421875,345.7309875488281
2025-05-01 09:15:00,3,115.78123474121094,339.8135681152344
2025-05-01 09:15:00,4,116.28607940673828,338.3538513183594
2025-05-01 09:15:00,5,116.38597106933594,333.7045593261719
2025-05-01 09:15:00,6,115.94654846191406,328.51922607421875
2025-05-01 09:15:00,7,114.68241119384766,324.9476318359375
2025-05-01 09:15:00,8,112.55752563476562,324.5802001953125
2025-05-01 09:30:00,1,117.63026428222656,346.6689758300781
2025-05-01 09:30:00,2,117.28254699707031,344.14825439453125
2025-05-01 09:30:00,3,116.35185241699219,341.0559387207031
2025-05-01 09:30:00,4,117.34059143066406,336.62548828125
2025-05-01 09:30:00,5,117.76689147949219,332.19305419921875
2025-05-01 09:30:00,6,116.1014404296875,326.4100036621094
2025-05-01 09:30:00,7,117.40190887451172,324.1325378417969
2025-05-01 09:30:00,8,114.93616485595703,324.3501892089844
2025-05-01 09:45:00,1,119.58071899414062,351.3640441894531
2025-05-01 09:45:00,2,118.27871704101562,346.9605407714844
2025-05-01 09:45:00,3,118.25946044921875,340.67718505859375
2025-05-01 09:45:00,4,117.32868957519531,337.89031982421875
2025-05-01 09:45:00,5,117.73515319824219,332.3952331542969
2025-05-01 09:45:00,6,116.91661071777344,329.40301513671875
2025-05-01 09:45:00,7,118.57131958007812,326.53668212890625
2025-05-01 09:45:00,8,116.7396011352539,328.1795654296875
2025-05-01 10:00:00,1,119.83979797363281,339.62322998046875
2025-05-01 10:00:00,2,118.58757019042969,332.8634033203125
2025-05-01 10:00:00,3,117.91436004638672,328.8592529296875
2025-05-01 10:00:00,4,116.01439666748047,325.6653137207031
2025-05-01 10:00:00,5,114.41886138916016,325.010009765625
2025-05-01 10:00:00,6,116.5166244506836,322.6303405761719
2025-05-01 10:00:00,7,116.74150085449219,319.2356872558594
2025-05-01 10:00:00,8,116.34497833251953,321.75189208984375
2025-05-01 10:15:00,1,113.37364196777344,332.9757995605469
2025-05-01 10:15:00,2,112.08704376220703,326.2455749511719
2025-05-01 10:15:00,3,111.46209716796875,323.5094909667969
2025-05-01 10:15:00,4,110.96439361572266,321.77734375
2025-05-01 10:15:00,5,110.46782684326172,319.9134521484375
2025-05-01 10:15:00,6,112.75654602050781,318.9368896484375
2025-05-01 10:15:00,7,112.19654083251953,317.2022399902344
2025-05-01 10:15:00,8,112.77052307128906,322.0638427734375
2025-05-01 10:30:00,1,108.10482788085938,319.9447937011719
2025-05-01 10:30:00,2,107.5014877319336,316.2127990722656
2025-05-01 10:30:00,3,108.87716674804688,313.1745910644531
2025-05-01 10:30:00,4,109.08758544921875,311.8314208984375
2025-05-01 10:30:00,5,109.971923828125,306.6126403808594
2025-05-01 10:30:00,6,108.95281982421875,305.83721923828125
2025-05-01 10:30:00,7,109.96905517578125,305.9535827636719
2025-05-01 10:30:00,8,109.01361846923828,309.33929443359375
2025-05-01 10:45:00,1,99.36717987060547,301.20343017578125
2025-05-01 10:45:00,2,100.9939956665039,297.69891357421875
2025-05-01 10:45:00,3,101.05863189697266,297.1976013183594
2025-05-01 10:45:00,4,101.23086547851562,298.2436828613281
2025-05-01 10:45:00,5,103.489990234375,297.24102783203125
2025-05-01 10:45:00,6,102.41355895996094,298.04522705078125
2025-05-01 10:45:00,7,103.7270736694336,303.723876953125
2025-05-01 10:45:00,8,102.67991638183594,312.4632568359375
2025-05-01 11:00:00,1,102.02565002441406,307.09539794921875
2025-05-01 11:00:00,2,103.421875,307.4140625
2025-05-01 11:00:00,3,104.44017791748047,310.82366943359375
2025-05-01 11:00:00,4,105.2640151977539,312.1106872558594
2025-05-01 11:00:00,5,108.03871154785156,310.89715576171875
2025-05-01 11:00:00,6,107.30206298828125,314.3263854980469
2025-05-01 11:00:00,7,109.06021118164062,316.8895568847656
2025-05-01 11:00:00,8,107.51106262207031,316.8119201660156
2025-05-01 11:15:00,1,118.52113342285156,345.2162780761719
2025-05-01 11:15:00,2,118.59410858154297,348.25665283203125
2025-05-01 11:15:00,3,118.00498962402344,346.21435546875
2025-05-01 11:15:00,4,119.17137145996094,345.2221374511719
2025-05-01 11:15:00,5,119.09168243408203,341.9044189453125
2025-05-01 11:15:00,6,119.74794006347656,338.5484924316406
2025-05-01 11:15:00,7,120.67427825927734,335.5558166503906
2025-05-01 11:15:00,8,119.8687973022461,339.1790771484375
2025-05-01 11:30:00,1,109.85684967041016,338.1573791503906
2025-05-01 11:30:00,2,110.1652603149414,339.5390319824219
2025-05-01 11:30:00,3,111.13520812988281,337.49273681640625
2025-05-01 11:30:00,4,112.853271484375,336.2322692871094
2025-05-01 11:30:00,5,115.07368469238281,333.8628845214844
2025-05-01 11:30:00,6,114.94035339355469,334.8131408691406
2025-05-01 11:30:00,7,116.10743713378906,331.85400390625
2025-05-01 11:30:00,8,113.52999877929688,333.8003234863281
2025-05-01 11:45:00,1,110.64393615722656,334.4937744140625
2025-05-01 11:45:00,2,111.38721466064453,333.5628356933594
2025-05-01 11:45:00,3,112.01881408691406,334.3787841796875
2025-05-01 11:45:00,4,111.99325561523438,332.861572265625
2025-05-01 11:45:00,5,113.95328521728516,329.2081298828125
2025-05-01 11:45:00,6,113.69915008544922,328.2954406738281
2025-05-01 11:45:00,7,115.6695327758789,328.8385009765625
2025-05-01 11:45:00,8,113.86222076416016,330.5265808105469
2025-05-01 12:00:00,1,107.42805480957031,326.9983215332031
2025-05-01 12:00:00,2,107.76937103271484,324.136962890625
2025-05-01 12:00:00,3,108.44432067871094,319.90625
2025-05-01 12:00:00,4,109.79228210449219,316.9649353027344
2025-05-01 12:00:00,5,111.4255599975586,312.57745361328125
2025-05-01 12:00:00,6,110.17125701904297,315.2138977050781
2025-05-01 12:00:00,7,112.0009994506836,309.860107421875
2025-05-01 12:00:00,8,109.31263732910156,314.9717102050781
2025-05-01 12:15:00,1,100.88025665283203,304.96978759765625
2025-05-01 12:15:00,2,100.62157440185547,300.59613037109375
2025-05-01 12:15:00,3,100.85260772705078,297.1399230957031
2025-05-01 12:15:00,4,100.78662109375,295.6452331542969
2025-05-01 12:15:00,5,102.82987976074219,290.76654052734375
2025-05-01 12:15:00,6,101.32649993896484,290.4380187988281
2025-05-01 12:15:00,7,102.97315216064453,290.2242431640625
2025-05-01 12:15:00,8,101.36939239501953,295.5055847167969
2025-05-01 12:30:00,1,99.66737365722656,308.9045715332031
2025-05-01 12:30:00,2,99.573974609375,305.25274658203125
2025-05-01 12:30:00,3,100.39073944091797,302.6705017089844
2025-05-01 12:30:00,4,99.3035659790039,301.4141845703125
2025-05-01 12:30:00,5,101.44377899169922,300.05279541015625
2025-05-01 12:30:00,6,101.29875946044922,301.676025390625
2025-05-01 12:30:00,7,103.17523956298828,301.9750061035156
2025-05-01 12:30:00,8,102.12406158447266,301.2032470703125
2025-05-01 12:45:00,1,89.41522979736328,280.8779602050781
2025-05-01 12:45:00,2,89.64738464355469,277.8175354003906
2025-05-01 12:45:00,3,90.04925537109375,275.7624816894531
2025-05-01 12:45:00,4,89.3817138671875,274.7781066894531
2025-05-01 12:45:00,5,91.3344955444336,272.9000244140625
2025-05-01 12:45:00,6,90.58998107910156,272.20819091796875
2025-05-01 12:45:00,7,92.65260314941406,275.27008056640625
2025-05-01 12:45:00,8,91.72468566894531,281.5746765136719
2025-05-01 13:00:00,1,92.17341613769531,267.7047119140625
2025-05-01 13:00:00,2,92.68791198730469,264.9850769042969
2025-05-01 13:00:00,3,92.11299896240234,266.0457763671875
2025-05-01 13:00:00,4,92.62171173095703,269.1515808105469
2025-05-01 13:00:00,5,95.26610565185547,268.68402099609375
2025-05-01 13:00:00,6,94.57694244384766,274.02972412109375
2025-05-01 13:00:00,7,95.83654022216797,278.1739501953125
2025-05-01 13:00:00,8,95.79364013671875,281.678466796875
2025-05-01 13:15:00,1,91.61966705322266,277.65838623046875
2025-05-01 13:15:00,2,91.79757690429688,280.6106262207031
2025-05-01 13:15:00,3,93.3395004272461,286.3669738769531
2025-05-01 13:15:00,4,93.64030456542969,288.5008544921875
2025-05-01 13:15:00,5,95.25209045410156,286.72064208984375
2025-05-01 13:15:00,6,96.14924621582031,292.4320983886719
2025-05-01 13:15:00,7,98.6865005493164,291.9959411621094
2025-05-01 13:15:00,8,100.55555725097656,293.8684387207031
2025-05-01 13:30:00,1,91.3940200805664,272.1385192871094
2025-05-01 13:30:00,2,91.64835357666016,273.2052307128906
2025-05-01 13:30:00,3,92.96100616455078,274.613037109375
2025-05-01 13:30:00,4,93.03732299804688,279.1764831542969
2025-05-01 13:30:00,5,95.07827758789062,281.01824951171875
2025-05-01 13:30:00,6,94.87690734863281,285.7032165527344
2025-05-01 13:30:00,7,99.32899475097656,287.77392578125
2025-05-01 13:30:00,8,100.718017578125,290.6820373535156
2025-05-01 13:45:00,1,93.75963592529297,277.9332580566406
2025-05-01 13:45:00,2,94.91212463378906,281.2964172363281
2025-05-01 13:45:00,3,96.1624526977539,285.87957763671875
2025-05-01 13:45:00,4,98.11476135253906,290.3878173828125
2025-05-01 13:45:00,5,100.55867767333984,294.7433776855469
2025-05-01 13:45:00,6,101.19046020507812,299.9107666015625
2025-05-01 13:45:00,7,104.7026596069336,297.69610595703125
2025-05-01 13:45:00,8,104.25041198730469,303.01226806640625
2025-05-01 14:00:00,1,94.5059814453125,287.9698791503906
2025-05-01 14:00:00,2,96.07544708251953,292.9188537597656
2025-05-01 14:00:00,3,98.17757415771484,300.6117858886719
2025-05-01 14:00:00,4,101.0557861328125,301.122314453125
2025-05-01 14:00:00,5,104.51974487304688,303.05084228515625
2025-05-01 14:00:00,6,107.11026763916016,303.0938720703125
2025-05-01 14:00:00,7,109.09256744384766,302.66339111328125
2025-05-01 14:00:00,8,107.42649841308594,309.860107421875
2025-05-01 14:15:00,1,95.05581665039062,291.7032775878906
2025-05-01 14:15:00,2,97.3873062133789,295.7248229980469
2025-05-01 14:15:00,3,100.79360961914062,303.4161071777344
2025-05-01 14:15:00,4,104.58504486083984,308.0286865234375
2025-05-01 14:15:00,5,108.4109878540039,309.1610412597656
2025-05-01 14:15:00,6,110.05661010742188,309.5494689941406
2025-05-01 14:15:00,7,110.6547622680664,310.72857666015625
2025-05-01 14:15:00,8,109.25260162353516,315.1998596191406
2025-05-01 14:30:00,1,99.03009033203125,312.087646484375
2025-05-01 14:30:00,2,104.1795654296875,320.527587890625
2025-05-01 14:30:00,3,108.50511169433594,326.4967346191406
2025-05-01 14:30:00,4,110.93145751953125,331.6995849609375
2025-05-01 14:30:00,5,111.92024230957031,329.2677917480469
2025-05-01 14:30:00,6,111.98313903808594,326.1391296386719
2025-05-01 14:30:00,7,112.29251098632812,318.53082275390625
2025-05-01 14:30:00,8,110.25090026855469,318.052978515625
2025-05-01 14:45:00,1,100.83272552490234,327.37652587890625
2025-05-01 14:45:00,2,105.6095199584961,333.6882629394531
2025-05-01 14:45:00,3,108.88348388671875,334.5457763671875
2025-05-01 14:45:00,4,110.75914764404297,333.8623962402344
2025-05-01 14:45:00,5,110.21886444091797,329.9352111816406
2025-05-01 14:45:00,6,111.51109313964844,325.7583923339844
2025-05-01 14:45:00,7,110.87484741210938,320.8324279785156
2025-05-01 14:45:00,8,108.49517059326172,322.7684020996094
2025-05-01 15:00:00,1,103.49551391601562,330.2826232910156
2025-05-01 15:00:00,2,107.59762573242188,334.46575927734375
2025-05-01 15:00:00,3,109.92231750488281,332.8108825683594
2025-05-01 15:00:00,4,110.71865844726562,331.97711181640625
2025-05-01 15:00:00,5,112.44842529296875,331.06475830078125
2025-05-01 15:00:00,6,112.12926483154297,326.96319580078125
2025-05-01 15:00:00,7,111.42841339111328,326.51019287109375
2025-05-01 15:00:00,8,111.02867889404297,327.4834899902344
2025-05-01 15:15:00,1,103.64007568359375,328.7121276855469
2025-05-01 15:15:00,2,105.65322875976562,326.406494140625
2025-05-01 15:15:00,3,106.12410736083984,324.5208740234375
2025-05-01 15:15:00,4,106.0121078491211,325.3948059082031
2025-05-01 15:15:00,5,107.95295715332031,323.90130615234375
2025-05-01 15:15:00,6,108.87615203857422,324.6067199707031
2025-05-01 15:15:00,7,107.70301055908203,322.79766845703125
2025-05-01 15:15:00,8,107.76806640625,322.5372314453125
2025-05-01 15:30:00,1,105.60498046875,332.0885009765625
2025-05-01 15:30:00,2,106.00792694091797,328.0076904296875
2025-05-01 15:30:00,3,106.06299591064453,326.9498596191406
2025-05-01 15:30:00,4,105.45639038085938,324.0927734375
2025-05-01 15:30:00,5,108.0087890625,325.3860778808594
2025-05-01 15:30:00,6,109.05792236328125,323.86016845703125
2025-05-01 15:30:00,7,108.33829498291016,324.6522521972656
2025-05-01 15:30:00,8,109.0850601196289,321.7070007324219
2025-05-01 15:45:00,1,103.22770690917969,327.6290283203125
2025-05-01 15:45:00,2,103.75794982910156,324.10400390625
2025-05-01 15:45:00,3,103.62437438964844,322.22601318359375
2025-05-01 15:45:00,4,103.69518280029297,318.5236511230469
2025-05-01 15:45:00,5,105.9006576538086,317.54766845703125
2025-05-01 15:45:00,6,105.54769897460938,316.1825256347656
2025-05-01 15:45:00,7,106.10453796386719,316.08062744140625
2025-05-01 15:45:00,8,105.29646301269531,313.9125671386719
2025-05-01 16:00:00,1,98.24026489257812,320.76519775390625
2025-05-01 16:00:00,2,99.676025390625,319.64239501953125
2025-05-01 16:00:00,3,99.5846939086914,318.928955078125
2025-05-01 16:00:00,4,99.60047912597656,317.0572814941406
2025-05-01 16:00:00,5,101.93758392333984,317.0891418457031
2025-05-01 16:00:00,6,103.08880615234375,315.72637939453125
2025-05-01 16:00:00,7,103.94232940673828,313.61151123046875
2025-05-01 16:00:00,8,103.53253936767578,311.5094299316406
2025-05-01 16:15:00,1,95.60723114013672,313.377685546875
2025-05-01 16:15:00,2,98.01201629638672,312.2317810058594
2025-05-01 16:15:00,3,98.48548889160156,312.0751037597656
2025-05-01 16:15:00,4,98.85493469238281,314.2423400878906
2025-05-01 16:15:00,5,102.27125549316406,312.8836669921875
2025-05-01 16:15:00,6,104.46134185791016,315.42510986328125
2025-05-01 16:15:00,7,106.50326538085938,319.1165771484375
2025-05-01 16:15:00,8,105.21881866455078,319.48931884765625
2025-05-01 16:30:00,1,96.30352020263672,308.2667541503906
2025-05-01 16:30:00,2,98.80091857910156,309.9069519042969
2025-05-01 16:30:00,3,99.59770202636719,311.09869384765625
2025-05-01 16:30:00,4,100.2854232788086,315.9472351074219
2025-05-01 16:30:00,5,102.44039154052734,316.644775390625
2025-05-01 16:30:00,6,105.03471374511719,318.6672668457031
2025-05-01 16:30:00,7,108.16613006591797,318.2493591308594
2025-05-01 16:30:00,8,106.89652252197266,319.6553039550781
2025-05-01 16:45:00,1,95.15792846679688,306.6988220214844
2025-05-01 16:45:00,2,98.03885650634766,307.03277587890625
2025-05-01 16:45:00,3,99.27044677734375,307.89837646484375
2025-05-01 16:45:00,4,99.7421875,309.583984375
2025-05-01 16:45:00,5,102.268310546875,307.06182861328125
2025-05-01 16:45:00,6,104.13373565673828,308.9549865722656
2025-05-01 16:45:00,7,107.4673843383789,313.3155212402344
2025-05-01 16:45:00,8,107.32694244384766,313.32159423828125
2025-05-01 17:00:00,1,94.18074035644531,302.0065002441406
2025-05-01 17:00:00,2,96.72331237792969,303.37847900390625
2025-05-01 17:00:00,3,98.20427703857422,306.0089111328125
2025-05-01 17:00:00,4,99.27557373046875,308.83209228515625
2025-05-01 17:00:00,5,99.92329406738281,311.16552734375
2025-05-01 17:00:00,6,102.12313842773438,314.4816589355469
2025-05-01 17:00:00,7,105.84312438964844,316.58209228515625
2025-05-01 17:00:00,8,104.85590362548828,320.3570861816406
2025-05-01 17:15:00,1,96.34757232666016,309.4313049316406
2025-05-01 17:15:00,2,98.83968353271484,313.12200927734375
2025-05-01 17:15:00,3,101.02960205078125,316.5075378417969
2025-05-01 17:15:00,4,102.13435363769531,314.8262023925781
2025-05-01 17:15:00,5,103.56159210205078,318.75152587890625
2025-05-01 17:15:00,6,104.96591186523438,318.0264892578125
2025-05-01 17:15:00,7,107.62513732910156,320.5282287597656
2025-05-01 17:15:00,8,106.37052917480469,322.8401184082031
2025-05-01 17:30:00,1,114.38261413574219,340.68603515625
2025-05-01 17:30:00,2,114.71685791015625,340.4866943359375
2025-05-01 17:30:00,3,113.84146881103516,338.1798095703125
2025-05-01 17:30:00,4,113.82730102539062,336.87158203125
2025-05-01 17:30:00,5,114.5122299194336,333.4648132324219
2025-05-01 17:30:00,6,116.72228240966797,335.4960021972656
2025-05-01 17:30:00,7,116.41838073730469,334.2853698730469
2025-05-01 17:30:00,8,115.79438781738281,335.96929931640625
2025-05-01 17:45:00,1,115.40740966796875,338.56597900390625
2025-05-01 17:45:00,2,114.667724609375,335.0586853027344
2025-05-01 17:45:00,3,113.91564178466797,333.00994873046875
2025-05-01 17:45:00,4,114.0531005859375,333.68603515625
2025-05-01 17:45:00,5,114.86969757080078,331.69366455078125
2025-05-01 17:45:00,6,115.93858337402344,329.7482604980469
2025-05-01 17:45:00,7,115.31330108642578,332.82293701171875
2025-05-01 17:45:00,8,115.19953155517578,331.7416076660156
2025-05-01 18:00:00,1,115.6827163696289,340.0558776855469
2025-05-01 18:00:00,2,115.17448425292969,337.3111572265625
2025-05-01 18:00:00,3,114.08683013916016,336.1910705566406
2025-05-01 18:00:00,4,113.48101806640625,333.4219665527344
2025-05-01 18:00:00,5,115.40534973144531,332.14239501953125
2025-05-01 18:00:00,6,115.29724884033203,329.9822082519531
2025-05-01 18:00:00,7,115.21200561523438,330.7508850097656
2025-05-01 18:00:00,8,115.17286682128906,327.7854919433594
2025-05-01 18:15:00,1,107.74285888671875,332.1623840332031
2025-05-01 18:15:00,2,107.0941162109375,330.02264404296875
2025-05-01 18:15:00,3,105.84326934814453,327.74822998046875
2025-05-01 18:15:00,4,106.09640502929688,325.727294921875
2025-05-01 18:15:00,5,107.44586181640625,323.0666198730469
2025-05-01 18:15:00,6,108.12393951416016,322.3716735839844
2025-05-01 18:15:00,7,109.32576751708984,321.6864929199219
2025-05-01 18:15:00,8,108.85820770263672,320.7644348144531
2025-05-01 18:30:00,1,110.23649597167969,332.0151062011719
2025-05-01 18:30:00,2,108.97563171386719,330.35760498046875
2025-05-01 18:30:00,3,107.14083862304688,327.71636962890625
2025-05-01 18:30:00,4,108.02903747558594,324.6535949707031
2025-05-01 18:30:00,5,110.33012390136719,320.9921569824219
2025-05-01 18:30:00,6,110.58492279052734,324.52392578125
2025-05-01 18:30:00,7,110.24212646484375,325.6375732421875
2025-05-01 18:30:00,8,109.91383361816406,319.6776123046875
2025-05-01 18:45:00,1,109.6742935180664,329.8985595703125
2025-05-01 18:45:00,2,109.82007598876953,326.9100341796875
2025-05-01 18:45:00,3,107.7038803100586,324.260498046875
2025-05-01 18:45:00,4,107.43268585205078,319.82342529296875
2025-05-01 18:45:00,5,109.14096069335938,313.8510437011719
2025-05-01 18:45:00,6,109.26319122314453,314.97344970703125
2025-05-01 18:45:00,7,109.04739379882812,313.76141357421875
2025-05-01 18:45:00,8,108.11266326904297,314.85736083984375
2025-05-01 19:00:00,1,114.42633819580078,343.5995178222656
2025-05-01 19:00:00,2,113.9831771850586,339.66522216796875
2025-05-01 19:00:00,3,112.20044708251953,335.54595947265625
2025-05-01 19:00:00,4,111.94795989990234,331.93084716796875
2025-05-01 19:00:00,5,114.458251953125,324.7101135253906
2025-05-01 19:00:00,6,112.08052062988281,325.0636291503906
2025-05-01 19:00:00,7,112.08361053466797,324.1025390625
2025-05-01 19:00:00,8,111.24795532226562,323.7646484375
2025-05-01 19:15:00,1,115.26219177246094,344.4682312011719
2025-05-01 19:15:00,2,113.97999572753906,339.260986328125
2025-05-01 19:15:00,3,110.96159362792969,336.0997314453125
2025-05-01 19:15:00,4,110.42083740234375,330.9475402832031
2025-05-01 19:15:00,5,111.06353759765625,322.6808166503906
2025-05-01 19:15:00,6,108.00859832763672,323.7874755859375
2025-05-01 19:15:00,7,110.11034393310547,324.09857177734375
2025-05-01 19:15:00,8,110.99714660644531,325.37347412109375
2025-05-01 19:30:00,1,116.16635131835938,342.8699951171875
2025-05-01 19:30:00,2,114.47411346435547,337.0133972167969
2025-05-01 19:30:00,3,111.65380859375,332.5857238769531
2025-05-01 19:30:00,4,109.67948150634766,327.35919189453125
2025-05-01 19:30:00,5,110.6805191040039,325.47369384765625
2025-05-01 19:30:00,6,109.571044921875,325.9334716796875
2025-05-01 19:30:00,7,111.02166748046875,323.5137939453125
2025-05-01 19:30:00,8,110.9325180053711,324.56640625
2025-05-01 19:45:00,1,115.89359283447266,342.4127197265625
2025-05-01 19:45:00,2,113.81688690185547,337.6240234375
2025-05-01 19:45:00,3,111.40381622314453,334.4337158203125
2025-05-01 19:45:00,4,110.14302825927734,331.84796142578125
2025-05-01 19:45:00,5,110.79010772705078,327.70843505859375
2025-05-01 19:45:00,6,108.69429779052734,329.4896545410156
2025-05-01 19:45:00,7,109.33792877197266,326.3392028808594
2025-05-01 19:45:00,8,111.39656066894531,326.6922607421875
2025-05-01 20:00:00,1,116.80994415283203,346.1716003417969
2025-05-01 20:00:00,2,114.35871124267578,341.31103515625
2025-05-01 20:00:00,3,111.88184356689453,337.9512023925781
2025-05-01 20:00:00,4,109.55414581298828,334.79742431640625
2025-05-01 20:00:00,5,110.46186065673828,331.5204162597656
2025-05-01 20:00:00,6,108.21693420410156,334.7414245605469
2025-05-01 20:00:00,7,110.89562225341797,331.06463623046875
2025-05-01 20:00:00,8,111.45525360107422,330.99505615234375
2025-05-01 20:15:00,1,112.05502319335938,339.82073974609375
2025-05-01 20:15:00,2,111.04155731201172,333.8122863769531
2025-05-01 20:15:00,3,108.97140502929688,329.6506042480469
2025-05-01 20:15:00,4,106.13204956054688,325.0732421875
2025-05-01 20:15:00,5,106.94913482666016,325.10357666015625
2025-05-01 20:15:00,6,107.28199768066406,326.5450134277344
2025-05-01 20:15:00,7,107.62390899658203,323.8802795410156
2025-05-01 20:15:00,8,110.06871032714844,324.3158264160156
2025-05-01 20:30:00,1,111.11834716796875,336.49713134765625
2025-05-01 20:30:00,2,110.32269287109375,330.6259765625
2025-05-01 20:30:00,3,107.54409790039062,326.0489196777344
2025-05-01 20:30:00,4,105.22576904296875,320.7181396484375
2025-05-01 20:30:00,5,106.35580444335938,321.89990234375
2025-05-01 20:30:00,6,106.47235107421875,322.1651611328125
2025-05-01 20:30:00,7,106.30184173583984,319.4027404785156
2025-05-01 20:30:00,8,108.66590118408203,320.43316650390625
2025-05-01 20:45:00,1,114.31198120117188,337.2767639160156
2025-05-01 20:45:00,2,112.20381927490234,332.4506530761719
2025-05-01 20:45:00,3,110.66083526611328,329.428466796875
2025-05-01 20:45:00,4,108.11173248291016,324.4814147949219
2025-05-01 20:45:00,5,108.35712432861328,323.9316101074219
2025-05-01 20:45:00,6,107.24658966064453,322.121337890625
2025-05-01 20:45:00,7,108.25875854492188,321.6092529296875
2025-05-01 20:45:00,8,108.58132934570312,322.16546630859375
2025-05-01 21:00:00,1,103.02283477783203,321.4173278808594
2025-05-01 21:00:00,2,102.44251251220703,316.63006591796875
2025-05-01 21:00:00,3,102.11739349365234,314.597900390625
2025-05-01 21:00:00,4,100.60469055175781,311.45880126953125
2025-05-01 21:00:00,5,101.42584991455078,308.7857666015625
2025-05-01 21:00:00,6,101.65738677978516,310.528076171875
2025-05-01 21:00:00,7,101.45317840576172,310.79461669921875
2025-05-01 21:00:00,8,103.88668060302734,309.00836181640625
2025-05-01 21:15:00,1,101.84349060058594,320.44403076171875
2025-05-01 21:15:00,2,101.16231536865234,316.31903076171875
2025-05-01 21:15:00,3,101.10771179199219,315.4380187988281
2025-05-01 21:15:00,4,99.86185455322266,311.35858154296875
2025-05-01 21:15:00,5,100.48458099365234,308.3481140136719
2025-05-01 21:15:00,6,100.0452880859375,308.6587219238281
2025-05-01 21:15:00,7,100.83786010742188,309.8541259765625
2025-05-01 21:15:00,8,102.82215118408203,309.1336669921875
2025-05-01 21:30:00,1,99.77703857421875,315.67352294921875
2025-05-01 21:30:00,2,98.76678466796875,314.0818176269531
2025-05-01 21:30:00,3,99.24127960205078,310.4153137207031
2025-05-01 21:30:00,4,98.07589721679688,309.9479675292969
2025-05-01 21:30:00,5,99.32258605957031,307.31610107421875
2025-05-01 21:30:00,6,99.42996215820312,307.17333984375
2025-05-01 21:30:00,7,99.95862579345703,306.48309326171875
2025-05-01 21:30:00,8,101.07026672363281,305.9087829589844
2025-05-01 21:45:00,1,103.10047149658203,313.81591796875
2025-05-01 21:45:00,2,102.8326416015625,311.135986328125
2025-05-01 21:45:00,3,103.71886444091797,309.4146728515625
2025-05-01 21:45:00,4,103.21025848388672,309.5262451171875
2025-05-01 21:45:00,5,105.50904846191406,306.7417297363281
2025-05-01 21:45:00,6,105.20036315917969,307.69769287109375
2025-05-01 21:45:00,7,105.67594146728516,306.0669250488281
2025-05-01 21:45:00,8,106.0819091796875,307.2113952636719
2025-05-01 22:00:00,1,105.52510070800781,318.5025939941406
2025-05-01 22:00:00,2,104.62715148925781,319.3368835449219
2025-05-01 22:00:00,3,105.10811614990234,320.5850524902344
2025-05-01 22:00:00,4,105.84901428222656,321.15081787109375
2025-05-01 22:00:00,5,106.74777221679688,319.909912109375
2025-05-01 22:00:00,6,107.8354263305664,319.25372314453125
2025-05-01 22:00:00,7,109.89460754394531,321.0473327636719
2025-05-01 22:00:00,8,108.7957992553711,317.06060791015625
2025-05-01 22:15:00,1,104.13057708740234,320.649658203125
2025-05-01 22:15:00,2,103.81925964355469,321.9361572265625
2025-05-01 22:15:00,3,104.72645568847656,324.3367919921875
2025-05-01 22:15:00,4,105.19767761230469,325.1594543457031
2025-05-01 22:15:00,5,106.29696655273438,321.3032531738281
2025-05-01 22:15:00,6,108.9322509765625,321.3348083496094
2025-05-01 22:15:00,7,110.43907928466797,323.9490661621094
2025-05-01 22:15:00,8,110.05167388916016,319.28070068359375
2025-05-01 22:30:00,1,102.31031799316406,320.7408142089844
2025-05-01 22:30:00,2,101.99151611328125,321.11065673828125
2025-05-01 22:30:00,3,102.89134979248047,323.5510559082031
2025-05-01 22:30:00,4,103.76539611816406,321.8900451660156
2025-05-01 22:30:00,5,104.71182250976562,321.2137451171875
2025-05-01 22:30:00,6,108.21345520019531,319.9433288574219
2025-05-01 22:30:00,7,109.15838623046875,324.9825744628906
2025-05-01 22:30:00,8,109.00811767578125,321.1300048828125
2025-05-01 22:45:00,1,104.99212646484375,323.2077941894531
2025-05-01 22:45:00,2,104.61573028564453,323.462646484375
2025-05-01 22:45:00,3,104.91297912597656,324.44989013671875
2025-05-01 22:45:00,4,106.56104278564453,325.0459899902344
2025-05-01 22:45:00,5,108.20096588134766,324.8373107910156
2025-05-01 22:45:00,6,108.07206726074219,325.67864990234375
2025-05-01 22:45:00,7,111.3737564086914,327.4557189941406
2025-05-01 22:45:00,8,109.53714752197266,324.86309814453125
2025-05-01 23:00:00,1,103.29653930664062,322.36761474609375
2025-05-01 23:00:00,2,103.52436828613281,322.1672058105469
2025-05-01 23:00:00,3,104.39720153808594,323.1042785644531
2025-05-01 23:00:00,4,104.42391967773438,320.6148681640625
2025-05-01 23:00:00,5,107.3266830444336,321.4415588378906
2025-05-01 23:00:00,6,107.82723999023438,321.0551452636719
2025-05-01 23:00:00,7,110.9544448852539,322.2217102050781
2025-05-01 23:00:00,8,110.0527114868164,319.68701171875
2025-05-01 23:15:00,1,100.93766784667969,321.76934814453125
2025-05-01 23:15:00,2,101.11775970458984,320.7255554199219
2025-05-01 23:15:00,3,101.56462860107422,320.9800720214844
2025-05-01 23:15:00,4,101.15095520019531,318.782958984375
2025-05-01 23:15:00,5,103.31901550292969,316.6746520996094
2025-05-01 23:15:00,6,105.07316589355469,317.365966796875
2025-05-01 23:15:00,7,107.13530731201172,317.95440673828125
2025-05-01 23:15:00,8,107.34981536865234,316.1825866699219
2025-05-01 23:30:00,1,101.4193115234375,321.4993896484375
2025-05-01 23:30:00,2,101.18367767333984,319.8794860839844
2025-05-01 23:30:00,3,101.4993896484375,319.3521423339844
2025-05-01 23:30:00,4,101.32954406738281,317.264404296875
2025-05-01 23:30:00,5,102.868408203125,315.45556640625
2025-05-01 23:30:00,6,105.1312484741211,317.21136474609375
2025-05-01 23:30:00,7,106.94116973876953,318.37225341796875
2025-05-01 23:30:00,8,107.41214752197266,315.5762023925781
2025-05-01 23:45:00,1,95.5594253540039,310.65289306640625
2025-05-01 23:45:00,2,95.71062469482422,307.6529235839844
2025-05-01 23:45:00,3,97.19593811035156,302.3719787597656
2025-05-01 23:45:00,4,96.16844940185547,299.5376892089844
2025-05-01 23:45:00,5,96.90084075927734,297.373779296875
2025-05-01 23:45:00,6,97.988525390625,297.33184814453125
2025-05-01 23:45:00,7,99.40027618408203,297.066162109375
2025-05-01 23:45:00,8,99.43465423583984,294.8525390625
2025-05-02 00:00:00,1,103.46382904052734,309.4886779785156
2025-05-02 00:00:00,2,102.32353973388672,303.20416259765625
2025-05-02 00:00:00,3,101.73788452148438,298.91448974609375
2025-05-02 00:00:00,4,102.33706665039062,296.44439697265625
2025-05-02 00:00:00,5,103.89320373535156,296.89434814453125
2025-05-02 00:00:00,6,103.89473724365234,299.30279541015625
2025-05-02 00:00:00,7,105.61566162109375,301.8067932128906
2025-05-02 00:00:00,8,105.78916931152344,306.06787109375
2025-05-02 00:15:00,1,103.6606674194336,300.7373962402344
2025-05-02 00:15:00,2,102.83941650390625,297.8415832519531
2025-05-02 00:15:00,3,102.69503021240234,294.2720031738281
2025-05-02 00:15:00,4,102.09866333007812,293.9515075683594
2025-05-02 00:15:00,5,103.77436065673828,294.69195556640625
2025-05-02 00:15:00,6,103.4235610961914,296.7996826171875
2025-05-02 00:15:00,7,105.8813247680664,300.1297607421875
2025-05-02 00:15:00,8,105.55870056152344,303.5330810546875
2025-05-02 00:30:00,1,105.64962005615234,304.80841064453125
2025-05-02 00:30:00,2,105.03917694091797,305.17474365234375
2025-05-02 00:30:00,3,104.51087188720703,305.248046875
2025-05-02 00:30:00,4,105.7356185913086,307.0786437988281
2025-05-02 00:30:00,5,106.84986114501953,306.9507141113281
2025-05-02 00:30:00,6,107.44544982910156,315.4305725097656
2025-05-02 00:30:00,7,109.82508850097656,318.0688171386719
2025-05-02 00:30:00,8,108.47399139404297,316.02496337890625
2025-05-02 00:45:00,1,105.63484954833984,305.5321960449219
2025-05-02 00:45:00,2,105.17637634277344,306.21148681640625
2025-05-02 00:45:00,3,105.01665496826172,307.8252868652344
2025-05-02 00:45:00,4,105.38304901123047,308.98577880859375
2025-05-02 00:45:00,5,106.46511840820312,311.551025390625
2025-05-02 00:45:00,6,106.05352783203125,317.88482666015625
2025-05-02 00:45:00,7,110.61287689208984,319.4549255371094
2025-05-02 00:45:00,8,109.61370086669922,320.5736083984375
2025-05-02 01:00:00,1,106.6890640258789,308.2541809082031
2025-05-02 01:00:00,2,106.57929992675781,308.8703308105469
2025-05-02 01:00:00,3,106.29325866699219,311.6399230957031
2025-05-02 01:00:00,4,107.41981506347656,311.5185852050781
2025-05-02 01:00:00,5,107.29170989990234,311.9638366699219
2025-05-02 01:00:00,6,108.69279479980469,314.5001525878906
2025-05-02 01:00:00,7,110.8542709350586,318.9842529296875
2025-05-02 01:00:00,8,109.29261016845703,320.4283752441406
2025-05-02 01:15:00,1,104.5433120727539,305.4939880371094
2025-05-02 01:15:00,2,104.44738006591797,307.8766784667969
2025-05-02 01:15:00,3,105.20152282714844,308.69775390625
2025-05-02 01:15:00,4,105.69676971435547,311.6964416503906
2025-05-02 01:15:00,5,107.39266967773438,313.68206787109375
2025-05-02 01:15:00,6,108.31311798095703,317.8063049316406
2025-05-02 01:15:00,7,110.20091247558594,321.0993347167969
2025-05-02 01:15:00,8,110.60700225830078,318.507568359375
2025-05-02 01:30:00,1,105.05121612548828,305.1780700683594
2025-05-02 01:30:00,2,104.96983337402344,307.78057861328125
2025-05-02 01:30:00,3,106.63005828857422,311.57330322265625
2025-05-02 01:30:00,4,107.48091125488281,316.8712158203125
2025-05-02 01:30:00,5,107.92276000976562,322.4610900878906
2025-05-02 01:30:00,6,110.3178939819336,327.2664794921875
2025-05-02 01:30:00,7,111.39173126220703,331.2358703613281
2025-05-02 01:30:00,8,111.27704620361328,329.7895812988281
2025-05-02 01:45:00,1,106.55894470214844,309.8302001953125
2025-05-02 01:45:00,2,106.81047821044922,314.0237121582031
2025-05-02 01:45:00,3,107.737060546875,320.114013671875
2025-05-02 01:45:00,4,109.40412902832031,325.6740417480469
2025-05-02 01:45:00,5,109.88050842285156,328.203857421875
2025-05-02 01:45:00,6,111.35943603515625,332.4668884277344
2025-05-02 01:45:00,7,112.4981689453125,331.4556579589844
2025-05-02 01:45:00,8,112.76173400878906,331.0478515625
2025-05-02 02:00:00,1,103.650146484375,305.1748962402344
2025-05-02 02:00:00,2,104.73483276367188,305.9040222167969
2025-05-02 02:00:00,3,106.78250885009766,309.5666198730469
2025-05-02 02:00:00,4,108.251708984375,312.6109313964844
2025-05-02 02:00:00,5,108.75286102294922,314.7991943359375
2025-05-02 02:00:00,6,109.2360610961914,319.232421875
2025-05-02 02:00:00,7,110.68464660644531,318.1813659667969
2025-05-02 02:00:00,8,111.88238525390625,320.7396545410156
2025-05-02 02:15:00,1,103.57514190673828,304.2053527832031
2025-05-02 02:15:00,2,104.20814514160156,303.10882568359375
2025-05-02 02:15:00,3,105.2072525024414,307.090087890625
2025-05-02 02:15:00,4,106.23446655273438,307.1571350097656
2025-05-02 02:15:00,5,106.47569274902344,309.85284423828125
2025-05-02 02:15:00,6,107.8613510131836,314.21112060546875
2025-05-02 02:15:00,7,109.13233947753906,312.1199035644531
2025-05-02 02:15:00,8,110.54017639160156,315.6742858886719
2025-05-02 02:30:00,1,102.68843841552734,303.7498779296875
2025-05-02 02:30:00,2,103.66544342041016,302.9380798339844
2025-05-02 02:30:00,3,104.94583129882812,305.436767578125
2025-05-02 02:30:00,4,106.04425811767578,305.3137512207031
2025-05-02 02:30:00,5,106.0618667602539,306.66815185546875
2025-05-02 02:30:00,6,106.89579010009766,310.73394775390625
2025-05-02 02:30:00,7,108.20442962646484,309.5120849609375
2025-05-02 02:30:00,8,109.30963134765625,313.5794982910156
2025-05-02 02:45:00,1,103.13844299316406,303.8334655761719
2025-05-02 02:45:00,2,103.20292663574219,300.87701416015625
2025-05-02 02:45:00,3,103.97230529785156,300.0838623046875
2025-05-02 02:45:00,4,103.91814422607422,299.8691101074219
2025-05-02 02:45:00,5,104.41859436035156,300.89971923828125
2025-05-02 02:45:00,6,106.02964782714844,304.03253173828125
2025-05-02 02:45:00,7,106.52774047851562,305.9501037597656
2025-05-02 02:45:00,8,107.92697143554688,309.16851806640625
2025-05-02 03:00:00,1,103.04723358154297,297.812744140625
2025-05-02 03:00:00,2,103.00082397460938,295.67376708984375
2025-05-02 03:00:00,3,103.35323333740234,294.94183349609375
2025-05-02 03:00:00,4,102.90068054199219,290.16461181640625
2025-05-02 03:00:00,5,103.4798583984375,292.8930969238281
2025-05-02 03:00:00,6,104.14197540283203,292.36834716796875
2025-05-02 03:00:00,7,105.85153198242188,298.35186767578125
2025-05-02 03:00:00,8,107.82844543457031,300.0203857421875
2025-05-02 03:15:00,1,105.41096496582031,303.711669921875
2025-05-02 03:15:00,2,104.46343231201172,301.9346618652344
2025-05-02 03:15:00,3,105.58877563476562,299.0227355957031
2025-05-02 03:15:00,4,105.09671783447266,297.5190124511719
2025-05-02 03:15:00,5,105.97351837158203,298.7070617675781
2025-05-02 03:15:00,6,106.66493225097656,296.20294189453125
2025-05-02 03:15:00,7,107.72305297851562,300.4864807128906
2025-05-02 03:15:00,8,109.3316650390625,305.4862060546875
2025-05-02 03:30:00,1,104.71337890625,297.8550109863281
2025-05-02 03:30:00,2,105.01411437988281,295.25811767578125
2025-05-02 03:30:00,3,104.5033950805664,292.5395812988281
2025-05-02 03:30:00,4,103.77075958251953,288.0820007324219
2025-05-02 03:30:00,5,104.71513366699219,286.7763977050781
2025-05-02 03:30:00,6,105.63017272949219,287.23846435546875
2025-05-02 03:30:00,7,107.1634521484375,292.1209716796875
2025-05-02 03:30:00,8,107.89738464355469,297.7167053222656
2025-05-02 03:45:00,1,105.79933166503906,301.2632751464844
2025-05-02 03:45:00,2,105.00774383544922,298.9101257324219
2025-05-02 03:45:00,3,105.11769104003906,298.6838684082031
2025-05-02 03:45:00,4,105.59088897705078,299.17230224609375
2025-05-02 03:45:00,5,105.8449935913086,302.7016906738281
2025-05-02 03:45:00,6,107.45027923583984,305.4720153808594
2025-05-02 03:45:00,7,109.70863342285156,306.8680114746094
2025-05-02 03:45:00,8,108.83795928955078,313.3846130371094
2025-05-02 04:00:00,1,106.26683807373047,302.1904296875
2025-05-02 04:00:00,2,106.04264831542969,301.4342346191406
2025-05-02 04:00:00,3,106.76155853271484,301.8249206542969
2025-05-02 04:00:00,4,105.9925308227539,302.20330810546875
2025-05-02 04:00:00,5,107.03191375732422,305.9474792480469
2025-05-02 04:00:00,6,108.5718002319336,306.1819763183594
2025-05-02 04:00:00,7,109.88916015625,311.6380615234375
2025-05-02 04:00:00,8,111.38090515136719,315.3392639160156
2025-05-02 04:15:00,1,106.62340545654297,304.2023620605469
2025-05-02 04:15:00,2,105.87750244140625,302.40380859375
2025-05-02 04:15:00,3,105.94600677490234,301.48284912109375
2025-05-02 04:15:00,4,106.31184387207031,297.9657287597656
2025-05-02 04:15:00,5,107.12943267822266,297.4748229980469
2025-05-02 04:15:00,6,108.87273406982422,299.2618713378906
2025-05-02 04:15:00,7,110.11453247070312,301.8448181152344
2025-05-02 04:15:00,8,110.50029754638672,305.6982727050781
2025-05-02 04:30:00,1,104.69954681396484,298.951904296875
2025-05-02 04:30:00,2,104.93880462646484,297.4286193847656
2025-05-02 04:30:00,3,105.63300323486328,297.45867919921875
2025-05-02 04:30:00,4,105.20967102050781,296.7710876464844
2025-05-02 04:30:00,5,105.74803924560547,301.431640625
2025-05-02 04:30:00,6,108.48698425292969,302.2803039550781
2025-05-02 04:30:00,7,110.48873901367188,307.2731628417969
2025-05-02 04:30:00,8,111.72315216064453,311.7660217285156
2025-05-02 04:45:00,1,99.82562255859375,291.0211181640625
2025-05-02 04:45:00,2,100.06073760986328,289.13397216796875
2025-05-02 04:45:00,3,100.82670593261719,289.7044982910156
2025-05-02 04:45:00,4,100.01215362548828,288.6278076171875
2025-05-02 04:45:00,5,101.90196228027344,291.5928955078125
2025-05-02 04:45:00,6,102.6082534790039,294.76959228515625
2025-05-02 04:45:00,7,107.13407135009766,299.1765441894531
2025-05-02 04:45:00,8,108.37945556640625,300.40625
2025-05-02 05:00:00,1,102.16966247558594,279.63775634765625
2025-05-02 05:00:00,2,103.33118438720703,280.24072265625
2025-05-02 05:00:00,3,103.40237426757812,283.9580383300781
2025-05-02 05:00:00,4,104.48731231689453,288.6854553222656
2025-05-02 05:00:00,5,105.85128784179688,294.3562316894531
2025-05-02 05:00:00,6,106.7165756225586,298.9750671386719
2025-05-02 05:00:00,7,112.00933074951172,308.4994812011719
2025-05-02 05:00:00,8,111.97698974609375,308.0906066894531
2025-05-02 05:15:00,1,102.84099578857422,285.93212890625
2025-05-02 05:15:00,2,103.1002426147461,288.10491943359375
2025-05-02 05:15:00,3,104.38334655761719,295.3360595703125
2025-05-02 05:15:00,4,106.57353973388672,306.4687194824219
2025-05-02 05:15:00,5,108.35103607177734,316.6340026855469
2025-05-02 05:15:00,6,109.67083740234375,323.3580017089844
2025-05-02 05:15:00,7,112.81078338623047,329.46124267578125
2025-05-02 05:15:00,8,113.28619384765625,328.1799011230469
2025-05-02 05:30:00,1,99.79269409179688,281.1248779296875
2025-05-02 05:30:00,2,100.46588897705078,285.1464538574219
2025-05-02 05:30:00,3,101.00334167480469,293.0315856933594
2025-05-02 05:30:00,4,103.16448974609375,301.28778076171875
2025-05-02 05:30:00,5,105.27085876464844,312.806640625
2025-05-02 05:30:00,6,107.19013977050781,318.0167236328125
2025-05-02 05:30:00,7,110.58466339111328,326.5618591308594
2025-05-02 05:30:00,8,111.53583526611328,326.0497741699219
2025-05-02 05:45:00,1,102.50780487060547,287.98956298828125
2025-05-02 05:45:00,2,104.30850982666016,294.24188232421875
2025-05-02 05:45:00,3,105.34304809570312,303.45660400390625
2025-05-02 05:45:00,4,107.13640594482422,315.6276550292969
2025-05-02 05:45:00,5,109.9188461303711,324.27197265625
2025-05-02 05:45:00,6,111.14976501464844,328.36358642578125
2025-05-02 05:45:00,7,112.62295532226562,336.8702087402344
2025-05-02 05:45:00,8,111.67471313476562,338.6385803222656
2025-05-02 06:00:00,1,106.65727233886719,301.12615966796875
2025-05-02 06:00:00,2,108.87438201904297,313.28570556640625
2025-05-02 06:00:00,3,110.02073669433594,319.4563903808594
2025-05-02 06:00:00,4,112.46027374267578,328.5538330078125
2025-05-02 06:00:00,5,113.83290100097656,329.650634765625
2025-05-02 06:00:00,6,114.6026611328125,334.8825378417969
2025-05-02 06:00:00,7,115.57357788085938,337.6967468261719
2025-05-02 06:00:00,8,114.32447814941406,338.22576904296875
2025-05-02 06:15:00,1,100.15177917480469,307.47198486328125
2025-05-02 06:15:00,2,102.55789947509766,312.743896484375
2025-05-02 06:15:00,3,105.06493377685547,314.58038330078125
2025-05-02 06:15:00,4,105.56969451904297,316.8630065917969
2025-05-02 06:15:00,5,107.00786590576172,317.5078125
2025-05-02 06:15:00,6,107.35250091552734,317.9315490722656
2025-05-02 06:15:00,7,109.47421264648438,324.6961669921875
2025-05-02 06:15:00,8,108.7195816040039,326.2230224609375
2025-05-02 06:30:00,1,104.23222351074219,315.4109802246094
2025-05-02 06:30:00,2,106.28980255126953,320.9181213378906
2025-05-02 06:30:00,3,108.01321411132812,326.4999694824219
2025-05-02 06:30:00,4,109.82818603515625,331.6111755371094
2025-05-02 06:30:00,5,112.05403137207031,331.4991149902344
2025-05-02 06:30:00,6,111.72998046875,332.09820556640625
2025-05-02 06:30:00,7,113.03876495361328,331.9895324707031
2025-05-02 06:30:00,8,111.39080047607422,333.95794677734375
2025-05-02 06:45:00,1,104.57360076904297,320.3369445800781
2025-05-02 06:45:00,2,106.18345642089844,323.9140930175781
2025-05-02 06:45:00,3,107.8920669555664,323.9554748535156
2025-05-02 06:45:00,4,109.4022216796875,326.2131652832031
2025-05-02 06:45:00,5,111.1668472290039,327.0825500488281
2025-05-02 06:45:00,6,110.70581817626953,327.2931823730469
2025-05-02 06:45:00,7,111.70272064208984,330.0025634765625
2025-05-02 06:45:00,8,110.57582092285156,329.1754455566406
2025-05-02 07:00:00,1,112.61126708984375,322.8968200683594
2025-05-02 07:00:00,2,113.30776977539062,322.48321533203125
2025-05-02 07:00:00,3,113.24769592285156,323.5618591308594
2025-05-02 07:00:00,4,112.06609344482422,323.55462646484375
2025-05-02 07:00:00,5,113.38426208496094,325.0894775390625
2025-05-02 07:00:00,6,114.45167541503906,325.42431640625
2025-05-02 07:00:00,7,113.35295867919922,326.19805908203125
2025-05-02 07:00:00,8,113.30010986328125,328.097900390625
2025-05-02 07:15:00,1,113.52716827392578,312.8826599121094
2025-05-02 07:15:00,2,112.37438201904297,312.1908264160156
2025-05-02 07:15:00,3,112.599365234375,313.5193786621094
2025-05-02 07:15:00,4,112.32864379882812,312.12664794921875
2025-05-02 07:15:00,5,113.43191528320312,313.9330749511719
2025-05-02 07:15:00,6,113.91448974609375,312.1154479980469
2025-05-02 07:15:00,7,114.74565887451172,317.9447021484375
2025-05-02 07:15:00,8,113.0159683227539,316.8923034667969
2025-05-02 07:30:00,1,105.15174102783203,305.0264587402344
2025-05-02 07:30:00,2,105.8454818725586,305.0589904785156
2025-05-02 07:30:00,3,106.73953247070312,306.4354248046875
2025-05-02 07:30:00,4,107.09114837646484,304.7134704589844
2025-05-02 07:30:00,5,108.14876556396484,306.1244812011719
2025-05-02 07:30:00,6,108.93428039550781,303.70953369140625
2025-05-02 07:30:00,7,111.68778991699219,306.64654541015625
2025-05-02 07:30:00,8,110.05375671386719,307.2006530761719
2025-05-02 07:45:00,1,104.8348617553711,303.91766357421875
2025-05-02 07:45:00,2,106.24016571044922,304.2459411621094
2025-05-02 07:45:00,3,107.15801239013672,305.42437744140625
2025-05-02 07:45:00,4,107.6551513671875,302.7330322265625
2025-05-02 07:45:00,5,109.20075225830078,303.16632080078125
2025-05-02 07:45:00,6,109.4688949584961,302.4277648925781
2025-05-02 07:45:00,7,112.45414733886719,310.93359375
2025-05-02 07:45:00,8,109.6890869140625,308.4808349609375
2025-05-02 08:00:00,1,104.53162384033203,313.01153564453125
2025-05-02 08:00:00,2,105.02783203125,311.501220703125
2025-05-02 08:00:00,3,107.52863311767578,310.95147705078125
2025-05-02 08:00:00,4,107.09331512451172,309.7087707519531
2025-05-02 08:00:00,5,108.26803588867188,309.0758056640625
2025-05-02 08:00:00,6,107.66360473632812,310.4342346191406
2025-05-02 08:00:00,7,110.52769470214844,314.4099426269531
2025-05-02 08:00:00,8,108.73133850097656,310.1759338378906
2025-05-02 08:15:00,1,108.23560333251953,329.6743469238281
2025-05-02 08:15:00,2,107.95842742919922,328.432373046875
2025-05-02 08:15:00,3,108.94186401367188,327.6407165527344
2025-05-02 08:15:00,4,108.38241577148438,323.4463195800781
2025-05-02 08:15:00,5,109.14830780029297,317.7396545410156
2025-05-02 08:15:00,6,110.09615325927734,316.3203430175781
2025-05-02 08:15:00,7,110.33256530761719,317.0341796875
2025-05-02 08:15:00,8,109.46524047851562,315.1396484375
2025-05-02 08:30:00,1,105.84991455078125,336.03466796875
2025-05-02 08:30:00,2,106.69140625,338.26300048828125
2025-05-02 08:30:00,3,108.26142883300781,338.57452392578125
2025-05-02 08:30:00,4,108.22601318359375,336.91766357421875
2025-05-02 08:30:00,5,109.10552978515625,336.3692321777344
2025-05-02 08:30:00,6,110.37916564941406,335.26165771484375
2025-05-02 08:30:00,7,110.48973083496094,333.0397644042969
2025-05-02 08:30:00,8,109.94001770019531,329.6341552734375
2025-05-02 08:45:00,1,102.85641479492188,332.60540771484375
2025-05-02 08:45:00,2,103.35176086425781,329.47161865234375
2025-05-02 08:45:00,3,103.93212890625,327.8110656738281
2025-05-02 08:45:00,4,103.8852310180664,321.1037292480469
2025-05-02 08:45:00,5,104.46592712402344,316.11444091796875
2025-05-02 08:45:00,6,104.57582092285156,314.9029846191406
2025-05-02 08:45:00,7,107.34629821777344,312.05047607421875
2025-05-02 08:45:00,8,106.685546875,310.7798156738281
2025-05-02 09:00:00,1,104.13042449951172,336.2492370605469
2025-05-02 09:00:00,2,104.12515258789062,332.48779296875
2025-05-02 09:00:00,3,105.0103530883789,327.8424377441406
2025-05-02 09:00:00,4,103.65058898925781,320.8645935058594
2025-05-02 09:00:00,5,104.6544418334961,318.62188720703125
2025-05-02 09:00:00,6,104.78680419921875,315.4808349609375
2025-05-02 09:00:00,7,106.49089050292969,314.3797607421875
2025-05-02 09:00:00,8,106.24876403808594,317.2080078125
2025-05-02 09:15:00,1,103.79898834228516,335.50543212890625
2025-05-02 09:15:00,2,104.54209899902344,334.1150817871094
2025-05-02 09:15:00,3,105.4024887084961,332.946044921875
2025-05-02 09:15:00,4,104.61537170410156,331.8299560546875
2025-05-02 09:15:00,5,106.19425201416016,330.1612854003906
2025-05-02 09:15:00,6,106.61931610107422,326.3066101074219
2025-05-02 09:15:00,7,107.10457611083984,325.4610290527344
2025-05-02 09:15:00,8,107.65291595458984,322.9972229003906
2025-05-02 09:30:00,1,101.6173095703125,333.1615905761719
2025-05-02 09:30:00,2,101.74053192138672,330.15338134765625
2025-05-02 09:30:00,3,102.2469482421875,327.8890380859375
2025-05-02 09:30:00,4,101.4010238647461,323.6705322265625
2025-05-02 09:30:00,5,102.96946716308594,322.7998046875
2025-05-02 09:30:00,6,103.0944595336914,321.0228576660156
2025-05-02 09:30:00,7,103.38423156738281,317.69024658203125
2025-05-02 09:30:00,8,104.29776000976562,317.9483947753906
2025-05-02 09:45:00,1,102.92523956298828,334.45001220703125
2025-05-02 09:45:00,2,103.38959503173828,330.8201599121094
2025-05-02 09:45:00,3,103.6037826538086,326.5758056640625
2025-05-02 09:45:00,4,102.37651824951172,320.94927978515625
2025-05-02 09:45:00,5,104.69723510742188,320.0993957519531
2025-05-02 09:45:00,6,103.80110931396484,318.9021301269531
2025-05-02 09:45:00,7,103.88834381103516,316.5614929199219
2025-05-02 09:45:00,8,104.6268539428711,317.2731628417969
2025-05-02 10:00:00,1,105.32521057128906,335.3406677246094
2025-05-02 10:00:00,2,106.49040985107422,330.9193115234375
2025-05-02 10:00:00,3,106.35110473632812,327.6434326171875
2025-05-02 10:00:00,4,104.32567596435547,322.2837219238281
2025-05-02 10:00:00,5,104.83484649658203,318.7558898925781
2025-05-02 10:00:00,6,102.9325180053711,317.9774169921875
2025-05-02 10:00:00,7,104.92323303222656,316.6112976074219
2025-05-02 10:00:00,8,104.34622955322266,315.087646484375
2025-05-02 10:15:00,1,103.15187072753906,324.72320556640625
2025-05-02 10:15:00,2,103.51212310791016,318.78448486328125
2025-05-02 10:15:00,3,103.02662658691406,313.26605224609375
2025-05-02 10:15:00,4,102.57479858398438,311.7635803222656
2025-05-02 10:15:00,5,103.07637786865234,309.1495666503906
2025-05-02 10:15:00,6,101.72683715820312,309.6889953613281
2025-05-02 10:15:00,7,103.280029296875,305.7571716308594
2025-05-02 10:15:00,8,103.19844055175781,305.6002197265625
2025-05-02 10:30:00,1,105.49588775634766,330.5431213378906
2025-05-02 10:30:00,2,105.63219451904297,324.87811279296875
2025-05-02 10:30:00,3,104.87995910644531,318.95220947265625
2025-05-02 10:30:00,4,103.7684097290039,314.8428955078125
2025-05-02 10:30:00,5,104.15442657470703,310.6082763671875
2025-05-02 10:30:00,6,102.82457733154297,311.38812255859375
2025-05-02 10:30:00,7,104.46717834472656,308.3073425292969
2025-05-02 10:30:00,8,104.59607696533203,308.046630859375
2025-05-02 10:45:00,1,102.74018859863281,322.3563232421875
2025-05-02 10:45:00,2,103.41692352294922,317.5312805175781
2025-05-02 10:45:00,3,103.04957580566406,313.3790283203125
2025-05-02 10:45:00,4,101.02674102783203,310.7864990234375
2025-05-02 10:45:00,5,101.21979522705078,307.71014404296875
2025-05-02 10:45:00,6,99.611083984375,304.4760437011719
2025-05-02 10:45:00,7,102.0196533203125,301.21160888671875
2025-05-02 10:45:00,8,103.13005065917969,304.1128234863281
2025-05-02 11:00:00,1,100.3112564086914,303.6790771484375
2025-05-02 11:00:00,2,99.87646484375,297.3392639160156
2025-05-02 11:00:00,3,100.4415283203125,294.230224609375
2025-05-02 11:00:00,4,99.35857391357422,292.8127746582031
2025-05-02 11:00:00,5,100.27294921875,289.6518249511719
2025-05-02 11:00:00,6,98.7980728149414,288.3610534667969
2025-05-02 11:00:00,7,101.21089172363281,287.51605224609375
2025-05-02 11:00:00,8,102.0831527709961,288.6585388183594
2025-05-02 11:15:00,1,94.578125,299.69317626953125
2025-05-02 11:15:00,2,95.5456771850586,299.0707702636719
2025-05-02 11:15:00,3,96.35487365722656,296.6019287109375
2025-05-02 11:15:00,4,95.33708953857422,298.4056396484375
2025-05-02 11:15:00,5,96.8786849975586,296.386962890625
2025-05-02 11:15:00,6,95.20288848876953,294.6070251464844
2025-05-02 11:15:00,7,97.58670043945312,294.5777587890625
2025-05-02 11:15:00,8,98.61392211914062,295.9848327636719
2025-05-02 11:30:00,1,91.54822540283203,294.420166015625
2025-05-02 11:30:00,2,91.507080078125,289.8821105957031
2025-05-02 11:30:00,3,92.99279022216797,286.4580383300781
2025-05-02 11:30:00,4,91.58219146728516,287.20538330078125
2025-05-02 11:30:00,5,93.442138671875,285.57958984375
2025-05-02 11:30:00,6,92.3388671875,283.3872985839844
2025-05-02 11:30:00,7,94.24150848388672,285.1692810058594
2025-05-02 11:30:00,8,96.05091094970703,285.06414794921875
2025-05-02 11:45:00,1,94.72730255126953,300.9211730957031
2025-05-02 11:45:00,2,95.20621490478516,298.60601806640625
2025-05-02 11:45:00,3,96.5576171875,297.79010009765625
2025-05-02 11:45:00,4,96.66708374023438,297.94537353515625
2025-05-02 11:45:00,5,98.64129638671875,297.1818542480469
2025-05-02 11:45:00,6,97.70335388183594,297.0489196777344
2025-05-02 11:45:00,7,99.6373291015625,298.66094970703125
2025-05-02 11:45:00,8,100.8827133178711,298.884765625
2025-05-02 12:00:00,1,94.75503540039062,296.914306640625
2025-05-02 12:00:00,2,95.80281829833984,295.8246765136719
2025-05-02 12:00:00,3,97.55318450927734,297.0337219238281
2025-05-02 12:00:00,4,96.69493103027344,296.3829650878906
2025-05-02 12:00:00,5,98.42009735107422,300.0535583496094
2025-05-02 12:00:00,6,99.0999984741211,300.0727233886719
2025-05-02 12:00:00,7,100.36000061035156,302.7334899902344
2025-05-02 12:00:00,8,101.88275146484375,301.11114501953125
2025-05-02 12:15:00,1,94.21920776367188,292.1160583496094
2025-05-02 12:15:00,2,94.27435302734375,289.3518981933594
2025-05-02 12:15:00,3,94.9997329711914,287.6698303222656
2025-05-02 12:15:00,4,94.61212921142578,283.5146179199219
2025-05-02 12:15:00,5,96.0431137084961,288.325439453125
2025-05-02 12:15:00,6,95.65019989013672,289.6732177734375
2025-05-02 12:15:00,7,97.25170135498047,294.9991760253906
2025-05-02 12:15:00,8,98.5557632446289,294.7846374511719
2025-05-02 12:30:00,1,94.66896057128906,282.2243957519531
2025-05-02 12:30:00,2,95.16714477539062,281.013427734375
2025-05-02 12:30:00,3,96.40200805664062,280.38922119140625
2025-05-02 12:30:00,4,96.27640533447266,279.24090576171875
2025-05-02 12:30:00,5,97.78036499023438,282.93255615234375
2025-05-02 12:30:00,6,96.72997283935547,282.7572326660156
2025-05-02 12:30:00,7,98.6946029663086,290.5521545410156
2025-05-02 12:30:00,8,100.65660858154297,292.55133056640625
2025-05-02 12:45:00,1,94.7930679321289,284.3993835449219
2025-05-02 12:45:00,2,95.6998291015625,285.6499328613281
2025-05-02 12:45:00,3,96.7744140625,288.3920593261719
2025-05-02 12:45:00,4,97.19261169433594,290.22576904296875
2025-05-02 12:45:00,5,97.84732055664062,290.788330078125
2025-05-02 12:45:00,6,98.07158660888672,292.9902648925781
2025-05-02 12:45:00,7,100.61470031738281,297.70623779296875
2025-05-02 12:45:00,8,101.76964569091797,300.9986267089844
2025-05-02 13:00:00,1,95.46772766113281,279.1344909667969
2025-05-02 13:00:00,2,96.78355407714844,279.5208435058594
2025-05-02 13:00:00,3,96.91930389404297,276.28302001953125
2025-05-02 13:00:00,4,97.39488220214844,274.5708923339844
2025-05-02 13:00:00,5,97.81040954589844,276.1795959472656
2025-05-02 13:00:00,6,97.30056762695312,277.8022766113281
2025-05-02 13:00:00,7,99.13973999023438,285.83807373046875
2025-05-02 13:00:00,8,100.68706512451172,289.3807373046875
2025-05-02 13:15:00,1,95.62031555175781,280.1468505859375
2025-05-02 13:15:00,2,96.23351287841797,279.8676452636719
2025-05-02 13:15:00,3,97.03175354003906,281.580322265625
2025-05-02 13:15:00,4,97.27570343017578,281.5904235839844
2025-05-02 13:15:00,5,98.75233459472656,282.98162841796875
2025-05-02 13:15:00,6,98.12781524658203,283.38409423828125
2025-05-02 13:15:00,7,100.6796875,290.0293884277344
2025-05-02 13:15:00,8,100.8725814819336,295.2773742675781
2025-05-02 13:30:00,1,102.64366912841797,287.9214172363281
2025-05-02 13:30:00,2,103.22249603271484,287.4991760253906
2025-05-02 13:30:00,3,104.38619995117188,288.5426940917969
2025-05-02 13:30:00,4,104.69478607177734,289.0156555175781
2025-05-02 13:30:00,5,105.91363525390625,291.7458801269531
2025-05-02 13:30:00,6,105.25596618652344,292.3414001464844
2025-05-02 13:30:00,7,107.941162109375,297.7197265625
2025-05-02 13:30:00,8,106.77503967285156,307.1879577636719
2025-05-02 13:45:00,1,104.64268493652344,291.1893615722656
2025-05-02 13:45:00,2,104.96298217773438,293.4921569824219
2025-05-02 13:45:00,3,105.48095703125,296.3221740722656
2025-05-02 13:45:00,4,106.21107482910156,298.6320495605469
2025-05-02 13:45:00,5,107.40623474121094,300.1596984863281
2025-05-02 13:45:00,6,108.01910400390625,302.2632751464844
2025-05-02 13:45:00,7,110.23668670654297,305.80322265625
2025-05-02 13:45:00,8,109.82197570800781,312.67913818359375
2025-05-02 14:00:00,1,105.15335083007812,298.1451416015625
2025-05-02 14:00:00,2,104.84916687011719,302.36187744140625
2025-05-02 14:00:00,3,104.93610382080078,308.42657470703125
2025-05-02 14:00:00,4,107.96537017822266,310.9541320800781
2025-05-02 14:00:00,5,110.29655456542969,311.5673522949219
2025-05-02 14:00:00,6,109.59053802490234,312.002197265625
2025-05-02 14:00:00,7,111.52462768554688,313.7757263183594
2025-05-02 14:00:00,8,110.41338348388672,317.3379821777344
2025-05-02 14:15:00,1,106.36599731445312,300.1094970703125
2025-05-02 14:15:00,2,106.84632110595703,305.6703186035156
2025-05-02 14:15:00,3,107.75238800048828,313.44989013671875
2025-05-02 14:15:00,4,109.61781311035156,316.1390380859375
2025-05-02 14:15:00,5,110.83557891845703,314.497314453125
2025-05-02 14:15:00,6,111.73208618164062,318.4075622558594
2025-05-02 14:15:00,7,112.4411849975586,314.205810546875
2025-05-02 14:15:00,8,110.60148620605469,315.8401794433594
2025-05-02 14:30:00,1,109.94807434082031,312.17742919921875
2025-05-02 14:30:00,2,111.05365753173828,320.1259765625
2025-05-02 14:30:00,3,112.63018798828125,329.2685241699219
2025-05-02 14:30:00,4,114.09845733642578,328.27801513671875
2025-05-02 14:30:00,5,114.28187561035156,320.7498474121094
2025-05-02 14:30:00,6,115.70563507080078,320.72576904296875
2025-05-02 14:30:00,7,114.97563934326172,315.86737060546875
2025-05-02 14:30:00,8,114.4953384399414,317.4594421386719
2025-05-02 14:45:00,1,108.70001220703125,318.9118347167969
2025-05-02 14:45:00,2,110.55612182617188,326.7748107910156
2025-05-02 14:45:00,3,112.15159606933594,332.51873779296875
2025-05-02 14:45:00,4,112.92919921875,329.7593078613281
2025-05-02 14:45:00,5,112.47760772705078,324.5355529785156
2025-05-02 14:45:00,6,114.04175567626953,321.4004211425781
2025-05-02 14:45:00,7,113.37458038330078,315.56884765625
2025-05-02 14:45:00,8,112.6797103881836,320.235595703125
2025-05-02 15:00:00,1,108.24337768554688,320.43243408203125
2025-05-02 15:00:00,2,109.9088134765625,324.84600830078125
2025-05-02 15:00:00,3,111.67247772216797,328.419677734375
2025-05-02 15:00:00,4,111.89530181884766,325.7145690917969
2025-05-02 15:00:00,5,111.58422088623047,322.6148986816406
2025-05-02 15:00:00,6,113.14801025390625,320.87152099609375
2025-05-02 15:00:00,7,113.04405975341797,318.1608581542969
2025-05-02 15:00:00,8,111.83805084228516,322.2047424316406
2025-05-02 15:15:00,1,115.02349090576172,331.564453125
2025-05-02 15:15:00,2,116.4564437866211,336.3311767578125
2025-05-02 15:15:00,3,117.20609283447266,340.0992431640625
2025-05-02 15:15:00,4,117.60558319091797,333.2872619628906
2025-05-02 15:15:00,5,116.27094268798828,332.925048828125
2025-05-02 15:15:00,6,116.84020233154297,329.1106262207031
2025-05-02 15:15:00,7,115.70421600341797,328.0768127441406
2025-05-02 15:15:00,8,116.86886596679688,326.619140625
2025-05-02 15:30:00,1,108.3534927368164,325.60955810546875
2025-05-02 15:30:00,2,109.76206970214844,323.99755859375
2025-05-02 15:30:00,3,110.45932006835938,323.97625732421875
2025-05-02 15:30:00,4,110.9620590209961,321.62542724609375
2025-05-02 15:30:00,5,110.79776000976562,325.20782470703125
2025-05-02 15:30:00,6,112.4011459350586,320.8605651855469
2025-05-02 15:30:00,7,112.61678314208984,322.7205810546875
2025-05-02 15:30:00,8,110.64966583251953,321.7829284667969
2025-05-02 15:45:00,1,107.59059143066406,325.00244140625
2025-05-02 15:45:00,2,108.88135528564453,323.7522277832031
2025-05-02 15:45:00,3,108.84394836425781,324.664306640625
2025-05-02 15:45:00,4,110.05308532714844,322.35943603515625
2025-05-02 15:45:00,5,109.51412963867188,323.2423400878906
2025-05-02 15:45:00,6,111.48458099365234,322.3441467285156
2025-05-02 15:45:00,7,112.03243255615234,322.82879638671875
2025-05-02 15:45:00,8,110.24476623535156,320.9817810058594
2025-05-02 16:00:00,1,105.11579132080078,321.48858642578125
2025-05-02 16:00:00,2,106.85384368896484,319.5930480957031
2025-05-02 16:00:00,3,106.01497650146484,320.2159423828125
2025-05-02 16:00:00,4,107.04480743408203,317.3459167480469
2025-05-02 16:00:00,5,106.34264373779297,318.5826416015625
2025-05-02 16:00:00,6,107.46387481689453,317.1858215332031
2025-05-02 16:00:00,7,107.71548461914062,319.3938903808594
2025-05-02 16:00:00,8,108.41844177246094,316.486083984375
2025-05-02 16:15:00,1,100.12236022949219,312.65899658203125
2025-05-02 16:15:00,2,100.7261734008789,310.11956787109375
2025-05-02 16:15:00,3,101.33138275146484,310.2428894042969
2025-05-02 16:15:00,4,101.50936126708984,307.6925964355469
2025-05-02 16:15:00,5,102.4453353881836,308.2032470703125
2025-05-02 16:15:00,6,102.37592315673828,306.15350341796875
2025-05-02 16:15:00,7,102.30813598632812,307.9451904296875
2025-05-02 16:15:00,8,103.7483901977539,303.26617431640625
2025-05-02 16:30:00,1,101.1654052734375,305.53387451171875
2025-05-02 16:30:00,2,101.2640380859375,304.4534606933594
2025-05-02 16:30:00,3,101.61709594726562,302.3949890136719
2025-05-02 16:30:00,4,101.6551284790039,300.4274597167969
2025-05-02 16:30:00,5,102.50788116455078,300.538818359375
2025-05-02 16:30:00,6,103.01322937011719,300.32562255859375
2025-05-02 16:30:00,7,102.86377716064453,304.2939453125
2025-05-02 16:30:00,8,102.8749771118164,302.5526428222656
2025-05-02 16:45:00,1,98.9325180053711,307.8780822753906
2025-05-02 16:45:00,2,99.3853988647461,306.14434814453125
2025-05-02 16:45:00,3,100.33574676513672,307.8752136230469
2025-05-02 16:45:00,4,99.9319839477539,306.98455810546875
2025-05-02 16:45:00,5,101.70832061767578,311.94970703125
2025-05-02 16:45:00,6,102.49999237060547,314.3677673339844
2025-05-02 16:45:00,7,102.63214874267578,315.0592956542969
2025-05-02 16:45:00,8,102.84695434570312,310.0779113769531
2025-05-02 17:00:00,1,105.40283966064453,315.9209899902344
2025-05-02 17:00:00,2,105.64437866210938,314.7261657714844
2025-05-02 17:00:00,3,105.35047912597656,315.0869445800781
2025-05-02 17:00:00,4,105.85623931884766,311.6664123535156
2025-05-02 17:00:00,5,105.89022064208984,312.1099853515625
2025-05-02 17:00:00,6,107.99459075927734,312.2697448730469
2025-05-02 17:00:00,7,107.89398193359375,312.336181640625
2025-05-02 17:00:00,8,106.03925323486328,307.66064453125
2025-05-02 17:15:00,1,106.09823608398438,322.42254638671875
2025-05-02 17:15:00,2,105.50973510742188,322.7690124511719
2025-05-02 17:15:00,3,106.31671142578125,324.1789245605469
2025-05-02 17:15:00,4,106.421142578125,320.3143615722656
2025-05-02 17:15:00,5,106.5674057006836,323.84710693359375
2025-05-02 17:15:00,6,108.38330078125,322.6661682128906
2025-05-02 17:15:00,7,108.79877471923828,320.4467468261719
2025-05-02 17:15:00,8,107.38975524902344,317.7664489746094
2025-05-02 17:30:00,1,105.38246154785156,321.30615234375
2025-05-02 17:30:00,2,105.5311050415039,319.2110900878906
2025-05-02 17:30:00,3,106.01653289794922,319.0515441894531
2025-05-02 17:30:00,4,105.87089538574219,316.4874572753906
2025-05-02 17:30:00,5,105.49891662597656,316.67364501953125
2025-05-02 17:30:00,6,107.86019134521484,316.0532531738281
2025-05-02 17:30:00,7,107.69978332519531,315.2720642089844
2025-05-02 17:30:00,8,106.63653564453125,311.678466796875
2025-05-02 17:45:00,1,105.15901184082031,322.90753173828125
2025-05-02 17:45:00,2,104.70205688476562,322.4520568847656
2025-05-02 17:45:00,3,105.21612548828125,325.6600646972656
2025-05-02 17:45:00,4,107.03141021728516,323.3755187988281
2025-05-02 17:45:00,5,107.13443756103516,326.3988342285156
2025-05-02 17:45:00,6,109.6174087524414,324.9105224609375
2025-05-02 17:45:00,7,109.42893981933594,321.12384033203125
2025-05-02 17:45:00,8,108.27198028564453,320.5071105957031
2025-05-02 18:00:00,1,103.96508026123047,320.6007385253906
2025-05-02 18:00:00,2,103.98358917236328,319.86822509765625
2025-05-02 18:00:00,3,104.58621215820312,320.5762023925781
2025-05-02 18:00:00,4,104.05884552001953,320.3743896484375
2025-05-02 18:00:00,5,105.41300964355469,320.31292724609375
2025-05-02 18:00:00,6,106.46949005126953,322.0881652832031
2025-05-02 18:00:00,7,106.52384185791016,319.575927734375
2025-05-02 18:00:00,8,106.84103393554688,319.2067565917969
2025-05-02 18:15:00,1,97.3125,315.63409423828125
2025-05-02 18:15:00,2,98.30789947509766,313.9796447753906
2025-05-02 18:15:00,3,98.45398712158203,313.55926513671875
2025-05-02 18:15:00,4,99.07552337646484,312.0178527832031
2025-05-02 18:15:00,5,101.10086822509766,314.7691345214844
2025-05-02 18:15:00,6,101.39704132080078,313.9228820800781
2025-05-02 18:15:00,7,102.66310119628906,310.91302490234375
2025-05-02 18:15:00,8,102.55435180664062,309.49090576171875
2025-05-02 18:30:00,1,98.10664367675781,316.11627197265625
2025-05-02 18:30:00,2,98.05064392089844,314.4886474609375
2025-05-02 18:30:00,3,98.48336791992188,315.71820068359375
2025-05-02 18:30:00,4,99.68811798095703,315.0736083984375
2025-05-02 18:30:00,5,102.03982543945312,316.2070617675781
2025-05-02 18:30:00,6,101.89933013916016,316.2628479003906
2025-05-02 18:30:00,7,103.3519515991211,313.9783020019531
2025-05-02 18:30:00,8,102.82489013671875,313.61016845703125
2025-05-02 18:45:00,1,97.61476135253906,314.6861877441406
2025-05-02 18:45:00,2,97.78217315673828,310.4945068359375
2025-05-02 18:45:00,3,97.85508728027344,308.22235107421875
2025-05-02 18:45:00,4,96.8998794555664,304.5791931152344
2025-05-02 18:45:00,5,98.48912811279297,300.92626953125
2025-05-02 18:45:00,6,98.24480438232422,299.2928161621094
2025-05-02 18:45:00,7,100.06116485595703,296.7013854980469
2025-05-02 18:45:00,8,98.34111785888672,297.1120910644531
2025-05-02 19:00:00,1,99.9195556640625,315.3282775878906
2025-05-02 19:00:00,2,99.84158325195312,313.1910400390625
2025-05-02 19:00:00,3,99.92825317382812,311.02679443359375
2025-05-02 19:00:00,4,98.81855010986328,306.7484436035156
2025-05-02 19:00:00,5,99.83692932128906,302.31732177734375
2025-05-02 19:00:00,6,100.25926208496094,296.94775390625
2025-05-02 19:00:00,7,101.93712615966797,297.7074279785156
2025-05-02 19:00:00,8,100.73168182373047,298.7535095214844
2025-05-02 19:15:00,1,100.79537963867188,316.40625
2025-05-02 19:15:00,2,100.7444839477539,312.4653015136719
2025-05-02 19:15:00,3,100.63667297363281,307.69036865234375
2025-05-02 19:15:00,4,99.83492279052734,303.376708984375
2025-05-02 19:15:00,5,100.32476043701172,298.7713623046875
2025-05-02 19:15:00,6,101.2403335571289,296.42144775390625
2025-05-02 19:15:00,7,102.48399353027344,294.85528564453125
2025-05-02 19:15:00,8,101.47122955322266,299.0093688964844
2025-05-02 19:30:00,1,100.21542358398438,319.0200500488281
2025-05-02 19:30:00,2,100.5595474243164,310.19403076171875
2025-05-02 19:30:00,3,99.81168365478516,306.5948181152344
2025-05-02 19:30:00,4,98.42170715332031,302.45220947265625
2025-05-02 19:30:00,5,99.22850036621094,300.84979248046875
2025-05-02 19:30:00,6,100.43609619140625,296.8185119628906
2025-05-02 19:30:00,7,100.98406219482422,296.9173889160156
2025-05-02 19:30:00,8,100.00028228759766,298.1134033203125
2025-05-02 19:45:00,1,99.78166961669922,314.13739013671875
2025-05-02 19:45:00,2,99.63599395751953,306.13970947265625
2025-05-02 19:45:00,3,98.6241226196289,301.71630859375
2025-05-02 19:45:00,4,97.87274169921875,298.5615539550781
2025-05-02 19:45:00,5,98.74968719482422,296.2390441894531
2025-05-02 19:45:00,6,99.12628173828125,295.56549072265625
2025-05-02 19:45:00,7,101.08140563964844,294.2256164550781
2025-05-02 19:45:00,8,100.20824432373047,299.1946716308594
2025-05-02 20:00:00,1,98.87096405029297,315.96807861328125
2025-05-02 20:00:00,2,98.36664581298828,308.29107666015625
2025-05-02 20:00:00,3,98.13105773925781,303.1221923828125
2025-05-02 20:00:00,4,97.1401138305664,299.8750305175781
2025-05-02 20:00:00,5,97.9831771850586,298.1934509277344
2025-05-02 20:00:00,6,97.76311492919922,296.2427978515625
2025-05-02 20:00:00,7,99.63822937011719,294.6101379394531
2025-05-02 20:00:00,8,97.9837875366211,296.744384765625
2025-05-02 20:15:00,1,97.96720123291016,315.1672668457031
2025-05-02 20:15:00,2,97.44863891601562,307.7790832519531
2025-05-02 20:15:00,3,96.97554779052734,303.3578796386719
2025-05-02 20:15:00,4,95.84168243408203,299.8786315917969
2025-05-02 20:15:00,5,97.09839630126953,296.97418212890625
2025-05-02 20:15:00,6,96.367431640625,297.2884521484375
2025-05-02 20:15:00,7,97.45115661621094,296.0174560546875
2025-05-02 20:15:00,8,96.68730163574219,297.9501953125
2025-05-02 20:30:00,1,97.67716217041016,316.43377685546875
2025-05-02 20:30:00,2,96.96849060058594,308.0672912597656
2025-05-02 20:30:00,3,96.29936981201172,304.8025817871094
2025-05-02 20:30:00,4,95.49436950683594,302.4746398925781
2025-05-02 20:30:00,5,96.80603790283203,300.18243408203125
2025-05-02 20:30:00,6,96.54205322265625,298.32867431640625
2025-05-02 20:30:00,7,97.28108215332031,297.0222473144531
2025-05-02 20:30:00,8,97.19670104980469,300.400146484375
2025-05-02 20:45:00,1,93.67925262451172,297.7629089355469
2025-05-02 20:45:00,2,93.91757202148438,293.13177490234375
2025-05-02 20:45:00,3,93.3803939819336,289.8552551269531
2025-05-02 20:45:00,4,92.46772003173828,289.6097412109375
2025-05-02 20:45:00,5,93.78809356689453,288.0615234375
2025-05-02 20:45:00,6,92.92811584472656,287.7835693359375
2025-05-02 20:45:00,7,94.5897445678711,289.158935546875
2025-05-02 20:45:00,8,94.77603912353516,293.8323669433594
2025-05-02 21:00:00,1,94.7232894897461,284.6807861328125
2025-05-02 21:00:00,2,95.23504638671875,283.1033935546875
2025-05-02 21:00:00,3,95.58882904052734,281.4080810546875
2025-05-02 21:00:00,4,94.98036193847656,280.6044006347656
2025-05-02 21:00:00,5,96.10595703125,282.3392639160156
2025-05-02 21:00:00,6,96.57555389404297,284.4902038574219
2025-05-02 21:00:00,7,96.6185531616211,289.0103759765625
2025-05-02 21:00:00,8,97.26769256591797,294.7814025878906
2025-05-02 21:15:00,1,94.08281707763672,274.9790344238281
2025-05-02 21:15:00,2,94.86043548583984,273.9159240722656
2025-05-02 21:15:00,3,95.23819732666016,276.20196533203125
2025-05-02 21:15:00,4,94.85358428955078,278.1944885253906
2025-05-02 21:15:00,5,96.49205780029297,282.99871826171875
2025-05-02 21:15:00,6,96.3351058959961,281.9729309082031
2025-05-02 21:15:00,7,97.72029876708984,286.1913757324219
2025-05-02 21:15:00,8,98.07402801513672,289.2502136230469
2025-05-02 21:30:00,1,93.9190444946289,280.9711608886719
2025-05-02 21:30:00,2,94.61991119384766,281.02899169921875
2025-05-02 21:30:00,3,95.2882308959961,283.5279541015625
2025-05-02 21:30:00,4,95.14031982421875,285.62347412109375
2025-05-02 21:30:00,5,96.27935028076172,288.8304748535156
2025-05-02 21:30:00,6,96.43245697021484,285.83880615234375
2025-05-02 21:30:00,7,97.45071411132812,293.0191650390625
2025-05-02 21:30:00,8,98.29517364501953,292.27703857421875
2025-05-02 21:45:00,1,93.82784271240234,280.6605224609375
2025-05-02 21:45:00,2,94.75335693359375,281.3412170410156
2025-05-02 21:45:00,3,95.55486297607422,284.6716003417969
2025-05-02 21:45:00,4,95.57865142822266,287.30743408203125
2025-05-02 21:45:00,5,96.31538391113281,292.1259460449219
2025-05-02 21:45:00,6,97.90397644042969,293.5823974609375
2025-05-02 21:45:00,7,98.5478286743164,299.5087890625
2025-05-02 21:45:00,8,99.99691009521484,304.2548522949219
2025-05-02 22:00:00,1,95.1663818359375,288.12432861328125
2025-05-02 22:00:00,2,96.13443756103516,290.81488037109375
2025-05-02 22:00:00,3,97.1419906616211,297.9695129394531
2025-05-02 22:00:00,4,98.54190826416016,302.887939453125
2025-05-02 22:00:00,5,100.03801727294922,303.4968566894531
2025-05-02 22:00:00,6,100.49695587158203,306.6048889160156
2025-05-02 22:00:00,7,100.43559265136719,310.36993408203125
2025-05-02 22:00:00,8,100.48162078857422,312.1395568847656
2025-05-02 22:15:00,1,95.00806427001953,289.05889892578125
2025-05-02 22:15:00,2,95.8653793334961,291.2806396484375
2025-05-02 22:15:00,3,96.9716796875,295.0919494628906
2025-05-02 22:15:00,4,97.45703125,294.73773193359375
2025-05-02 22:15:00,5,98.230712890625,298.4895324707031
2025-05-02 22:15:00,6,98.64955139160156,299.0361022949219
2025-05-02 22:15:00,7,99.05769348144531,304.81976318359375
2025-05-02 22:15:00,8,99.95353698730469,306.4806823730469
2025-05-02 22:30:00,1,95.76854705810547,306.2554016113281
2025-05-02 22:30:00,2,96.91748046875,310.1484375
2025-05-02 22:30:00,3,98.5721664428711,313.9212341308594
2025-05-02 22:30:00,4,99.33955383300781,315.5885009765625
2025-05-02 22:30:00,5,101.73500061035156,314.5716247558594
2025-05-02 22:30:00,6,101.97722625732422,313.57513427734375
2025-05-02 22:30:00,7,102.63223266601562,316.5580749511719
2025-05-02 22:30:00,8,101.2654800415039,313.8174743652344
2025-05-02 22:45:00,1,95.1930160522461,311.6600646972656
2025-05-02 22:45:00,2,97.41439819335938,314.6031494140625
2025-05-02 22:45:00,3,99.89422607421875,319.3826904296875
2025-05-02 22:45:00,4,101.27468872070312,321.20684814453125
2025-05-02 22:45:00,5,104.10400390625,320.5384826660156
2025-05-02 22:45:00,6,104.38597106933594,318.4865417480469
2025-05-02 22:45:00,7,103.23302459716797,316.5810241699219
2025-05-02 22:45:00,8,101.48554992675781,315.8113098144531
2025-05-02 23:00:00,1,95.87053680419922,322.40057373046875
2025-05-02 23:00:00,2,98.12303161621094,322.50982666015625
2025-05-02 23:00:00,3,100.42503356933594,325.48394775390625
2025-05-02 23:00:00,4,101.63636016845703,324.2729187011719
2025-05-02 23:00:00,5,103.42076110839844,322.69305419921875
2025-05-02 23:00:00,6,102.55826568603516,320.7857971191406
2025-05-02 23:00:00,7,101.55269622802734,318.5711975097656
2025-05-02 23:00:00,8,101.10668182373047,317.1283874511719
2025-05-02 23:15:00,1,96.08233642578125,329.1133728027344
2025-05-02 23:15:00,2,98.56547546386719,330.99542236328125
2025-05-02 23:15:00,3,101.1963882446289,332.9513854980469
2025-05-02 23:15:00,4,103.39977264404297,334.06036376953125
2025-05-02 23:15:00,5,104.48474884033203,330.47869873046875
2025-05-02 23:15:00,6,104.00518798828125,332.6519775390625
2025-05-02 23:15:00,7,102.47601318359375,329.4264221191406
2025-05-02 23:15:00,8,101.587646484375,322.5685729980469
2025-05-02 23:30:00,1,95.2497329711914,320.62713623046875
2025-05-02 23:30:00,2,98.38237762451172,321.8971252441406
2025-05-02 23:30:00,3,100.29393768310547,320.3752136230469
2025-05-02 23:30:00,4,101.72055053710938,322.1883239746094
2025-05-02 23:30:00,5,103.1123046875,321.21923828125
2025-05-02 23:30:00,6,101.7890396118164,320.92193603515625
2025-05-02 23:30:00,7,101.03436279296875,316.50830078125
2025-05-02 23:30:00,8,99.8771743774414,312.0840759277344
2025-05-02 23:45:00,1,96.876953125,328.53009033203125
2025-05-02 23:45:00,2,99.65123748779297,329.21527099609375
2025-05-02 23:45:00,3,100.47415161132812,331.49322509765625
2025-05-02 23:45:00,4,101.2244644165039,332.2551574707031
2025-05-02 23:45:00,5,103.39358520507812,326.4787902832031
2025-05-02 23:45:00,6,102.32859802246094,325.8230285644531
2025-05-02 23:45:00,7,101.95033264160156,322.9739074707031
2025-05-02 23:45:00,8,100.94384002685547,317.6197814941406
