config,fold,target,horizon_step,horizon_minutes,persistence_mape,model_mape
weighted_mae,fold_1,generator_1,1,15,0.03156390893665046,0.03156390893665046
weighted_mae,fold_1,generator_1,2,30,0.043275977089045244,0.04325122249994775
weighted_mae,fold_1,generator_1,3,45,0.05293743294860251,0.05295958167772664
weighted_mae,fold_1,generator_1,4,60,0.06344591717508666,0.06370518604175415
weighted_mae,fold_1,generator_1,5,75,0.0721605821587182,0.07267865162455522
weighted_mae,fold_1,generator_1,6,90,0.08152056715428455,0.08223760710054344
weighted_mae,fold_1,generator_1,7,105,0.08908944227053858,0.09064275260767884
weighted_mae,fold_1,generator_1,8,120,0.09574508887537954,0.09727924565935372
weighted_mae,fold_1,generator_all,1,15,0.02186762973227245,0.02186762973227245
weighted_mae,fold_1,generator_all,2,30,0.03446066454027024,0.03434676365851568
weighted_mae,fold_1,generator_all,3,45,0.04592172014637651,0.04559163379348899
weighted_mae,fold_1,generator_all,4,60,0.057118041670146336,0.0565457432103066
weighted_mae,fold_1,generator_all,5,75,0.06733841739409391,0.06644754823174316
weighted_mae,fold_1,generator_all,6,90,0.07712961611914662,0.07582389446501885
weighted_mae,fold_1,generator_all,7,105,0.08517687724684049,0.08383452788208128
weighted_mae,fold_1,generator_all,8,120,0.0925461453967379,0.09099209414849158
weighted_mae,fold_2,generator_1,1,15,0.03436640939242628,0.03436640939242628
weighted_mae,fold_2,generator_1,2,30,0.049056689557536365,0.04902630390591975
weighted_mae,fold_2,generator_1,3,45,0.05889929693466068,0.05882404125786515
weighted_mae,fold_2,generator_1,4,60,0.06910600725120387,0.06894932511078171
weighted_mae,fold_2,generator_1,5,75,0.07843227949386493,0.07814247230201575
weighted_mae,fold_2,generator_1,6,90,0.08647526720993637,0.08594109999886344
weighted_mae,fold_2,generator_1,7,105,0.09424041642979794,0.09353974632699655
weighted_mae,fold_2,generator_1,8,120,0.10060849756102876,0.09966989365606706
weighted_mae,fold_2,generator_all,1,15,0.01817706140155703,0.01817706140155703
weighted_mae,fold_2,generator_all,2,30,0.030040556456426174,0.029922137968215006
weighted_mae,fold_2,generator_all,3,45,0.04009056713071729,0.03975068484073619
weighted_mae,fold_2,generator_all,4,60,0.04936646076556394,0.04874945791846476
weighted_mae,fold_2,generator_all,5,75,0.05768168393165481,0.05680572049895968
weighted_mae,fold_2,generator_all,6,90,0.06492988282777731,0.06360883334943702
weighted_mae,fold_2,generator_all,7,105,0.07053549437757464,0.06898384672087753
weighted_mae,fold_2,generator_all,8,120,0.07541573837165721,0.07358787991726876
weighted_mae,fold_3,generator_1,1,15,0.027609963914310528,0.027609963914310528
weighted_mae,fold_3,generator_1,2,30,0.03794446481115239,0.03790490475641178
weighted_mae,fold_3,generator_1,3,45,0.045877063024577884,0.045741194355747354
weighted_mae,fold_3,generator_1,4,60,0.05555125655592958,0.05524717138837174
weighted_mae,fold_3,generator_1,5,75,0.06245893561967351,0.061988008471437796
weighted_mae,fold_3,generator_1,6,90,0.06867434733864484,0.0680017778190458
weighted_mae,fold_3,generator_1,7,105,0.07389960481143418,0.07320428670380671
weighted_mae,fold_3,generator_1,8,120,0.07755812847138344,0.07647635149363961
weighted_mae,fold_3,generator_all,1,15,0.01657808554632253,0.01657808554632253
weighted_mae,fold_3,generator_all,2,30,0.02584983562798502,0.025752470748275132
weighted_mae,fold_3,generator_all,3,45,0.03452293918030855,0.03431747041433755
weighted_mae,fold_3,generator_all,4,60,0.04247617973037207,0.042047572030880206
weighted_mae,fold_3,generator_all,5,75,0.04925710549593384,0.04856229963756162
weighted_mae,fold_3,generator_all,6,90,0.055284032300015856,0.054148865033993555
weighted_mae,fold_3,generator_all,7,105,0.060042963118814865,0.058743950819184904
weighted_mae,fold_3,generator_all,8,120,0.06411589054546961,0.06262777984776643
weighted_mse,fold_1,generator_1,1,15,0.03156390893665046,0.03156390893665046
weighted_mse,fold_1,generator_1,2,30,0.043275977089045244,0.043238652312495324
weighted_mse,fold_1,generator_1,3,45,0.05293743294860251,0.05295720132986578
weighted_mse,fold_1,generator_1,4,60,0.06344591717508666,0.06372491902939245
weighted_mse,fold_1,generator_1,5,75,0.0721605821587182,0.07269398517838017
weighted_mse,fold_1,generator_1,6,90,0.08152056715428455,0.08209128036057833
weighted_mse,fold_1,generator_1,7,105,0.08908944227053858,0.09034613960709977
weighted_mse,fold_1,generator_1,8,120,0.09574508887537954,0.09718000348689518
weighted_mse,fold_1,generator_all,1,15,0.02186762973227245,0.02186762973227245
weighted_mse,fold_1,generator_all,2,30,0.03446066454027024,0.03434257949307093
weighted_mse,fold_1,generator_all,3,45,0.04592172014637651,0.0455665250285919
weighted_mse,fold_1,generator_all,4,60,0.057118041670146336,0.05662742053558125
weighted_mse,fold_1,generator_all,5,75,0.06733841739409391,0.06665414245819148
weighted_mse,fold_1,generator_all,6,90,0.07712961611914662,0.0766646723458493
weighted_mse,fold_1,generator_all,7,105,0.08517687724684049,0.0846877693889491
weighted_mse,fold_1,generator_all,8,120,0.0925461453967379,0.09167830383224448
weighted_mse,fold_2,generator_1,1,15,0.03436640939242628,0.03436640939242628
weighted_mse,fold_2,generator_1,2,30,0.049056689557536365,0.04900332539656506
weighted_mse,fold_2,generator_1,3,45,0.05889929693466068,0.05876183928185487
weighted_mse,fold_2,generator_1,4,60,0.06910600725120387,0.06884797916984876
weighted_mse,fold_2,generator_1,5,75,0.07843227949386493,0.07798216245891888
weighted_mse,fold_2,generator_1,6,90,0.08647526720993637,0.08577015897671197
weighted_mse,fold_2,generator_1,7,105,0.09424041642979794,0.09330268851771996
weighted_mse,fold_2,generator_1,8,120,0.10060849756102876,0.09934358574533046
weighted_mse,fold_2,generator_all,1,15,0.01817706140155703,0.01817706140155703
weighted_mse,fold_2,generator_all,2,30,0.030040556456426174,0.02990636853163409
weighted_mse,fold_2,generator_all,3,45,0.04009056713071729,0.03972097533907519
weighted_mse,fold_2,generator_all,4,60,0.04936646076556394,0.04872002298340866
weighted_mse,fold_2,generator_all,5,75,0.05768168393165481,0.05682860303173683
weighted_mse,fold_2,generator_all,6,90,0.06492988282777731,0.06379635364971273
weighted_mse,fold_2,generator_all,7,105,0.07053549437757464,0.06928529906919452
weighted_mse,fold_2,generator_all,8,120,0.07541573837165721,0.07421153303652663
weighted_mse,fold_3,generator_1,1,15,0.027609963914310528,0.027609963914310528
weighted_mse,fold_3,generator_1,2,30,0.03794446481115239,0.03788133093618636
weighted_mse,fold_3,generator_1,3,45,0.045877063024577884,0.04570215701503987
weighted_mse,fold_3,generator_1,4,60,0.05555125655592958,0.055159764069393526
weighted_mse,fold_3,generator_1,5,75,0.06245893561967351,0.06187569711996163
weighted_mse,fold_3,generator_1,6,90,0.06867434733864484,0.06784295923661052
weighted_mse,fold_3,generator_1,7,105,0.07389960481143418,0.0729961248215565
weighted_mse,fold_3,generator_1,8,120,0.07755812847138344,0.07625965023250061
weighted_mse,fold_3,generator_all,1,15,0.01657808554632253,0.01657808554632253
weighted_mse,fold_3,generator_all,2,30,0.02584983562798502,0.02574164132349545
weighted_mse,fold_3,generator_all,3,45,0.03452293918030855,0.034284715808045464
weighted_mse,fold_3,generator_all,4,60,0.04247617973037207,0.042034107981472134
weighted_mse,fold_3,generator_all,5,75,0.04925710549593384,0.04859697606872678
weighted_mse,fold_3,generator_all,6,90,0.055284032300015856,0.0542235644920381
weighted_mse,fold_3,generator_all,7,105,0.060042963118814865,0.05884469319421757
weighted_mse,fold_3,generator_all,8,120,0.06411589054546961,0.06285635858794163
