fold,config,target,horizon_step,train_rows,features,runtime_seconds,device_requested
fold_1,weighted_mae,generator_1,1,4984,869,4.179997200000798,cuda
fold_1,weighted_mae,generator_1,2,4984,869,4.029693199998292,cuda
fold_1,weighted_mae,generator_1,3,4984,869,4.000244300001214,cuda
fold_1,weighted_mae,generator_1,4,4984,869,3.978615100000752,cuda
fold_1,weighted_mae,generator_1,5,4984,869,4.0392982000012125,cuda
fold_1,weighted_mae,generator_1,6,4984,869,4.054199399997742,cuda
fold_1,weighted_mae,generator_1,7,4984,869,3.971742499998072,cuda
fold_1,weighted_mae,generator_1,8,4984,869,3.9631933999989997,cuda
fold_1,weighted_mae,generator_all,1,4984,869,3.8389575999972294,cuda
fold_1,weighted_mae,generator_all,2,4984,869,3.8885694999989937,cuda
fold_1,weighted_mae,generator_all,3,4984,869,3.9716141000026255,cuda
fold_1,weighted_mae,generator_all,4,4984,869,4.004177599999821,cuda
fold_1,weighted_mae,generator_all,5,4984,869,4.026708000001236,cuda
fold_1,weighted_mae,generator_all,6,4984,869,4.036296499998571,cuda
fold_1,weighted_mae,generator_all,7,4984,869,4.075020100000984,cuda
fold_1,weighted_mae,generator_all,8,4984,869,4.082598000000871,cuda
fold_1,weighted_mse,generator_1,1,4984,869,2.743227200000547,cuda
fold_1,weighted_mse,generator_1,2,4984,869,2.79040299999906,cuda
fold_1,weighted_mse,generator_1,3,4984,869,2.8379378999998153,cuda
fold_1,weighted_mse,generator_1,4,4984,869,2.8687752000005275,cuda
fold_1,weighted_mse,generator_1,5,4984,869,2.856517799998983,cuda
fold_1,weighted_mse,generator_1,6,4984,869,2.9168743999980506,cuda
fold_1,weighted_mse,generator_1,7,4984,869,2.9340191000010236,cuda
fold_1,weighted_mse,generator_1,8,4984,869,2.9719010000007984,cuda
fold_1,weighted_mse,generator_all,1,4984,869,3.1545060999997077,cuda
fold_1,weighted_mse,generator_all,2,4984,869,3.2207847999998194,cuda
fold_1,weighted_mse,generator_all,3,4984,869,3.214392300000327,cuda
fold_1,weighted_mse,generator_all,4,4984,869,3.285087799999019,cuda
fold_1,weighted_mse,generator_all,5,4984,869,3.2732252000023436,cuda
fold_1,weighted_mse,generator_all,6,4984,869,3.301315099997737,cuda
fold_1,weighted_mse,generator_all,7,4984,869,3.258508399998391,cuda
fold_1,weighted_mse,generator_all,8,4984,869,3.304130200001964,cuda
fold_2,weighted_mae,generator_1,1,7960,869,3.9340112000027148,cuda
fold_2,weighted_mae,generator_1,2,7960,869,3.9548051999991003,cuda
fold_2,weighted_mae,generator_1,3,7960,869,3.9790721999997913,cuda
fold_2,weighted_mae,generator_1,4,7960,869,4.0441190999990795,cuda
fold_2,weighted_mae,generator_1,5,7960,869,4.071410500000638,cuda
fold_2,weighted_mae,generator_1,6,7960,869,4.099329900000157,cuda
fold_2,weighted_mae,generator_1,7,7960,869,4.1066298999976425,cuda
fold_2,weighted_mae,generator_1,8,7960,869,4.112271699999837,cuda
fold_2,weighted_mae,generator_all,1,7960,869,3.8524691999991774,cuda
fold_2,weighted_mae,generator_all,2,7960,869,3.999327199999243,cuda
fold_2,weighted_mae,generator_all,3,7960,869,4.007750000000669,cuda
fold_2,weighted_mae,generator_all,4,7960,869,4.042944900000293,cuda
fold_2,weighted_mae,generator_all,5,7960,869,4.058530400001473,cuda
fold_2,weighted_mae,generator_all,6,7960,869,4.058574999999109,cuda
fold_2,weighted_mae,generator_all,7,7960,869,4.047830399998929,cuda
fold_2,weighted_mae,generator_all,8,7960,869,4.057581900000514,cuda
fold_2,weighted_mse,generator_1,1,7960,869,3.390575400000671,cuda
fold_2,weighted_mse,generator_1,2,7960,869,3.4162188000009337,cuda
fold_2,weighted_mse,generator_1,3,7960,869,3.430554899998242,cuda
fold_2,weighted_mse,generator_1,4,7960,869,3.5123241000001144,cuda
fold_2,weighted_mse,generator_1,5,7960,869,3.5272667999997793,cuda
fold_2,weighted_mse,generator_1,6,7960,869,3.533744000000297,cuda
fold_2,weighted_mse,generator_1,7,7960,869,3.527925000002142,cuda
fold_2,weighted_mse,generator_1,8,7960,869,3.57996639999692,cuda
fold_2,weighted_mse,generator_all,1,7960,869,3.7599899000015284,cuda
fold_2,weighted_mse,generator_all,2,7960,869,3.7577272999988054,cuda
fold_2,weighted_mse,generator_all,3,7960,869,3.7714211999991676,cuda
fold_2,weighted_mse,generator_all,4,7960,869,3.724906999999803,cuda
fold_2,weighted_mse,generator_all,5,7960,869,3.733769599999505,cuda
fold_2,weighted_mse,generator_all,6,7960,869,3.7851014000007126,cuda
fold_2,weighted_mse,generator_all,7,7960,869,3.7714653000002727,cuda
fold_2,weighted_mse,generator_all,8,7960,869,3.7914700000001176,cuda
fold_3,weighted_mae,generator_1,1,9400,869,4.292887399999017,cuda
fold_3,weighted_mae,generator_1,2,9400,869,4.32958520000102,cuda
fold_3,weighted_mae,generator_1,3,9400,869,4.362610300002416,cuda
fold_3,weighted_mae,generator_1,4,9400,869,4.418842700000823,cuda
fold_3,weighted_mae,generator_1,5,9400,869,4.439817499998753,cuda
fold_3,weighted_mae,generator_1,6,9400,869,4.488571500001854,cuda
fold_3,weighted_mae,generator_1,7,9400,869,4.508604799997556,cuda
fold_3,weighted_mae,generator_1,8,9400,869,4.480861399999412,cuda
fold_3,weighted_mae,generator_all,1,9400,869,4.280840999999782,cuda
fold_3,weighted_mae,generator_all,2,9400,869,4.379427199997735,cuda
fold_3,weighted_mae,generator_all,3,9400,869,4.4553984999984095,cuda
fold_3,weighted_mae,generator_all,4,9400,869,4.469301599998289,cuda
fold_3,weighted_mae,generator_all,5,9400,869,4.407452999999805,cuda
fold_3,weighted_mae,generator_all,6,9400,869,4.543784699999378,cuda
fold_3,weighted_mae,generator_all,7,9400,869,4.548731599999883,cuda
fold_3,weighted_mae,generator_all,8,9400,869,4.554365600000892,cuda
fold_3,weighted_mse,generator_1,1,9400,869,3.7809782000003906,cuda
fold_3,weighted_mse,generator_1,2,9400,869,3.918868199998542,cuda
fold_3,weighted_mse,generator_1,3,9400,869,3.9878418000007514,cuda
fold_3,weighted_mse,generator_1,4,9400,869,4.0710718000009365,cuda
fold_3,weighted_mse,generator_1,5,9400,869,3.9834745000007388,cuda
fold_3,weighted_mse,generator_1,6,9400,869,3.984485799999675,cuda
fold_3,weighted_mse,generator_1,7,9400,869,4.077050300002156,cuda
fold_3,weighted_mse,generator_1,8,9400,869,4.117201699998986,cuda
fold_3,weighted_mse,generator_all,1,9400,869,4.21679690000019,cuda
fold_3,weighted_mse,generator_all,2,9400,869,4.155024699997739,cuda
fold_3,weighted_mse,generator_all,3,9400,869,4.18064129999766,cuda
fold_3,weighted_mse,generator_all,4,9400,869,4.1851583999996365,cuda
fold_3,weighted_mse,generator_all,5,9400,869,4.218687900000077,cuda
fold_3,weighted_mse,generator_all,6,9400,869,4.175631300000532,cuda
fold_3,weighted_mse,generator_all,7,9400,869,4.193030300000828,cuda
fold_3,weighted_mse,generator_all,8,9400,869,4.285291199998028,cuda
