step,stage,script,result_group,report_group,status,data_scope,introduced_version
1,preprocessing,codefiles/legacy/01_data_audit.py,results/preprocessing,docs/experimental_docs/preprocessing,completed,training-only,v0.1.0-preliminary
2,preprocessing,codefiles/legacy/02_preprocess.py,results/preprocessing,docs/experimental_docs/preprocessing,completed,training-only,v0.1.0-preliminary
3,preprocessing,codefiles/legacy/03_validate_preprocessing.py,results/preprocessing,docs/experimental_docs/preprocessing,completed,training-only,v0.1.0-preliminary
4,preprocessing,codefiles/legacy/04_interpolation_benchmark.py,results/preprocessing,docs/experimental_docs/preprocessing,completed,training-only,v0.1.0-preliminary
5,preprocessing,codefiles/legacy/05_all_null_column_analysis.py,results/preprocessing,docs/experimental_docs/preprocessing,completed,training-only,v0.1.0-preliminary
6,preprocessing,codefiles/legacy/06_environment_check.py,results/preprocessing,docs/experimental_docs/preprocessing,completed,training-only,v0.1.0-preliminary
7,preprocessing,codefiles/legacy/07_build_supervised_features.py,results/preprocessing,docs/experimental_docs/preprocessing,completed,training-only,v0.1.0-preliminary
8,forecasting,codefiles/legacy/08_baseline_experiments.py,results/experiments,docs/experimental_docs/forecasting,completed,training-only,v0.1.0-preliminary
9,forecasting,codefiles/legacy/09_xgboost_gpu_experiments.py,results/experiments,docs/experimental_docs/forecasting,completed,training-only,v0.1.0-preliminary
10,forecasting,codefiles/legacy/10_xgboost_crossfold_calibration.py,results/experiments,docs/experimental_docs/forecasting,completed,training-only,v0.1.0-preliminary
11,forecasting,codefiles/legacy/11_xgboost_direct_targets.py,results/experiments,docs/experimental_docs/forecasting,completed,training-only,v0.1.0-preliminary
12,forecasting,codefiles/legacy/12_recency_window_screen.py,results/experiments,docs/experimental_docs/forecasting,completed,training-only,v0.1.0-preliminary
13,forecasting,codefiles/legacy/13_oof_ensemble_and_shrinkage.py,results/experiments,docs/experimental_docs/forecasting,completed,training-only,v0.1.0-preliminary
14,forecasting,codefiles/legacy/14_forecast_robustness_analysis.py,results/experiments,docs/experimental_docs/forecasting,completed,training-only,v0.1.0-preliminary
15,forecasting,codefiles/legacy/15_build_time_augmented_features.py,results/experiments,docs/experimental_docs/forecasting,completed,training-only,v0.1.0-preliminary
16,forecasting,codefiles/legacy/16_time_feature_ablation.py,results/experiments,docs/experimental_docs/forecasting,completed,training-only,v0.1.0-preliminary
17,forecasting,codefiles/legacy/17_temporal_effect_analysis.py,results/experiments,docs/experimental_docs/forecasting,completed,training-only,v0.1.0-preliminary
18,forecasting,codefiles/legacy/18_relative_residual_ablation.py,results/experiments,docs/experimental_docs/forecasting,completed,training-only,v0.1.0-preliminary
19,forecasting,codefiles/legacy/19_hybrid_target_selection.py,results/experiments,docs/experimental_docs/forecasting,completed,training-only,v0.1.0-preliminary
20,forecasting,codefiles/legacy/20_train_final_forecaster.py,results/experiments,docs/experimental_docs/forecasting,completed,training-only,v0.1.0-preliminary
21,forecasting,codefiles/legacy/21_forecasting_inference.py,results/experiments,docs/experimental_docs/forecasting,completed,training-only,v0.1.0-preliminary
22,forecasting,codefiles/legacy/22_final_hybrid_error_analysis.py,results/experiments,docs/experimental_docs/forecasting,completed,training-only,v0.1.0-preliminary
23,forecasting,codefiles/legacy/23_validate_modeling_stage.py,results/experiments,docs/experimental_docs/forecasting,completed,training-only,v0.1.0-preliminary
24,forecasting_optimization,codefiles/legacy/24_cleaning_reaudit.py,results/experiments,docs/experimental_docs/forecasting,completed,training-only,v0.1.0-preliminary
25,forecasting_optimization,codefiles/legacy/25_build_cleaning_enhanced_features.py,results/experiments,docs/experimental_docs/forecasting,completed,training-only,v0.1.0-preliminary
26,forecasting_optimization,codefiles/legacy/26_cleaning_enhanced_hybrid_cv.py,results/experiments,docs/experimental_docs/forecasting,completed,training-only,v0.1.0-preliminary
27,forecasting_optimization,codefiles/legacy/27_cleaning_model_oof_ensemble.py,results/experiments,docs/experimental_docs/forecasting,completed,training-only,v0.1.0-preliminary
28,forecasting_optimization,codefiles/legacy/28_mape_aligned_objectives.py,results/experiments,docs/experimental_docs/forecasting,completed,training-only,v0.1.0-preliminary
29,forecasting_optimization,codefiles/legacy/29_tcn_sequence_model.py,results/experiments,docs/experimental_docs/forecasting,completed,training-only,v0.1.0-preliminary
30,forecasting_optimization,codefiles/legacy/30_cleaning_feature_importance.py,results/experiments,docs/experimental_docs/forecasting,completed,training-only,v0.1.0-preliminary
31,forecasting_optimization,codefiles/legacy/31_cleaning_feature_group_ablation.py,results/experiments,docs/experimental_docs/forecasting,completed,training-only,v0.1.0-preliminary
32,forecasting_optimization,codefiles/legacy/32_dynamic_shrinkage_gate.py,results/experiments,docs/experimental_docs/forecasting,completed,training-only,v0.1.0-preliminary
33,forecasting_optimization,codefiles/legacy/33_generator1_mode_classifier.py,results/experiments,docs/experimental_docs/forecasting,completed,training-only,v0.1.0-preliminary
34,forecasting_optimization,codefiles/legacy/34_targeted_xgboost_capacity.py,results/experiments,docs/experimental_docs/forecasting,completed,training-only,v0.1.0-preliminary
35,forecasting_optimization,codefiles/legacy/35_multidepth_dynamic_ensemble.py,results/experiments,docs/experimental_docs/forecasting,completed,training-only,v0.1.0-preliminary
36,forecasting_optimization,codefiles/legacy/36_build_known_future_price_features.py,results/experiments,docs/experimental_docs/forecasting,completed,training-only,v0.1.0-preliminary
37,forecasting_optimization,codefiles/legacy/37_known_future_price_cv.py,results/experiments,docs/experimental_docs/forecasting,completed,training-only,v0.1.0-preliminary
38,dispatch_optimization,codefiles/legacy/38_optimization_constraint_audit.py,results/optimization,docs/experimental_docs/optimization,completed,training-only,v0.1.0-preliminary
39,dispatch_optimization,codefiles/legacy/39_resource_mechanism_diagnostics.py,results/optimization,docs/experimental_docs/optimization,completed,training-only,v0.1.0-preliminary
40,dispatch_optimization,codefiles/legacy/40_prediction_visualizations.py,results/optimization,docs/experimental_docs/optimization,completed,training-only,v0.1.0-preliminary
41,dispatch_optimization,codefiles/legacy/41_conservative_dispatch_backtest.py,results/optimization,docs/experimental_docs/optimization,completed,training-only,v0.1.0-preliminary
42,dispatch_optimization,codefiles/legacy/42_dispatch_robustness_and_selection.py,results/optimization,docs/experimental_docs/optimization,completed,training-only,v0.1.0-preliminary
43,dispatch_optimization,codefiles/legacy/43_optimization_visualizations.py,results/optimization,docs/experimental_docs/optimization,completed,training-only,v0.1.0-preliminary
44,dispatch_optimization,codefiles/legacy/44_validate_optimization_stage.py,results/optimization,docs/experimental_docs/optimization,completed,training-only,v0.1.0-preliminary
45,dispatch_optimization,codefiles/legacy/45_run_optimization_pipeline.py,results/optimization,docs/experimental_docs/optimization,completed,training-only,v0.1.0-preliminary
