fold,window,train_rows,valid_rows,fit_predict_seconds,device_requested
fold_1,last_21d,2016,1440,15.685263299998041,cuda
fold_1,last_35d,3360,1440,17.256349699997372,cuda
fold_1,last_49d,4704,1440,18.36336830000073,cuda
fold_2,last_21d,2016,1440,15.949166100002913,cuda
fold_2,last_35d,3360,1440,17.35190099999818,cuda
fold_2,last_49d,4704,1440,17.976838999999018,cuda
fold_3,last_21d,2016,1423,16.104391599998053,cuda
fold_3,last_35d,3360,1423,17.354069100001652,cuda
fold_3,last_49d,4704,1423,18.173194400002103,cuda
