file,member,rows,start,end,frequency_minutes,sha256
Pre_gas.csv,初赛-数据集/Pre_gas.csv,11519,2025-01-01 00:00:00,2025-05-01 00:00:00,15,6af59cdf90a7986a99a28171c75d9e1653a8d9270247908dbade81f429b50dc3
Pre_test_gas.csv,初赛-评分所用测试集/Pre_test_gas.csv,192,2025-05-01 00:00:00,2025-05-02 23:45:00,15,f06ab41b1b21287376f3a94c791c281fa882ae16f37cd81906084405694e4b42
Semi_gas.csv,复赛-参赛者使用/Semi_gas.csv,217438,2025-05-03 00:00:00,2025-09-30 23:59:00,1,b54d7b4e9f4ec41d2b74822b7fabd87e8f7bb0fedfe09f7a8b5374379b20b58c
Semi_test_gas.csv,复赛-评分所用测试集/Semi_test_gas.csv,14400,2025-10-01 00:00:00,2025-10-10 23:59:00,1,60d1d23b43ebf71c9a6161f8030699ce831908c1dcd29c64d8d19f1fa7121ef2
Pre_gas_holder.csv,初赛-数据集/Pre_gas_holder.csv,11519,2025-01-01 00:00:00,2025-05-01 00:00:00,15,42929b4815f06f703e3a2504ac1d6c07a47677817687e378c7cd45935e40b3f1
Pre_test_gas_holder.csv,初赛-评分所用测试集/Pre_test_gas_holder.csv,192,2025-05-01 00:00:00,2025-05-02 23:45:00,15,d556cc0be5a1f0a35f405224424ca780fc543230b10332639c660118d316a1bc
Semi_gas_holder.csv,复赛-参赛者使用/Semi_gas_holder.csv,217437,2025-05-03 00:00:00,2025-09-30 23:59:00,1,241261644742a63f3587b0fd02441989e71ef43edcfdafaabcd35a1ac68569fa
Semi_test_gas_holder.csv,复赛-评分所用测试集/Semi_test_gas_holder.csv,14400,2025-10-01 00:00:00,2025-10-10 23:59:00,1,bb06cd2e509645c4e1e22b04df17d8e187a6349c73dcaf4f93c0c91018a8f989
Pre_gas_user.csv,初赛-数据集/Pre_gas_user.csv,11518,2025-01-01 00:00:00,2025-05-01 00:00:00,15,677a6b9e40349d144dc7c78985110131a291e859cf74d46d1e71bbf6de13ac92
Pre_test_gas_user.csv,初赛-评分所用测试集/Pre_test_gas_user.csv,192,2025-05-01 00:00:00,2025-05-02 23:45:00,15,8f52da05f28490513c82e2e086de0e2f5a57ebc41e9a529919207087a928c407
Semi_gas_user.csv,复赛-参赛者使用/Semi_gas_user.csv,217438,2025-05-03 00:00:00,2025-09-30 23:59:00,1,6810a0edf71d16a3b01121167d16adedcee0afd81147f44d8384c82161b2288d
Semi_test_gas_user.csv,复赛-评分所用测试集/Semi_test_gas_user.csv,14400,2025-10-01 00:00:00,2025-10-10 23:59:00,1,18a5783cf62f385e44988c59536a5a18a3f4a6437cf544416179b71fd553c48c
Pre_load.csv,初赛-数据集/Pre_load.csv,11519,2025-01-01 00:00:00,2025-05-01 00:00:00,15,64c68d5e325a6aad40530f533110161205ed207adfb9ab27a28f4b762e6a5458
Pre_test_load.csv,初赛-评分所用测试集/Pre_test_load.csv,192,2025-05-01 00:00:00,2025-05-02 23:45:00,15,f68b02b140d5e8811060b533d4de3906d31414852a3b27facff6b500aad0ec8e
Semi_load.csv,复赛-参赛者使用/Semi_load.csv,217437,2025-05-03 00:00:00,2025-09-30 23:59:00,1,0d8c14e3abffe91137c18abde00ec19a62a42e80683f7ebda15da8bd955dc309
Semi_test_load.csv,复赛-评分所用测试集/Semi_test_load.csv,14400,2025-10-01 00:00:00,2025-10-10 23:59:00,1,ca06847286fcbafe7c06f8617638895404ee266810735c8850c615af850b7bf7
