field,missing,invalid,scientific_text,explicit_radix,tiny_negative,source
blast_furnace_1,4,0,0,0,0,Pre_gas.csv
blast_furnace_2,0,0,0,0,0,Pre_gas.csv
blast_furnace_3,11519,0,0,0,0,Pre_gas.csv
blast_furnace_4,0,0,52,0,0,Pre_gas.csv
blast_furnace_5,4,0,0,0,0,Pre_gas.csv
coke_oven_1,0,0,0,0,0,Pre_gas.csv
converter_1,4,0,0,0,0,Pre_gas.csv
air_heater_1,0,0,0,0,0,Pre_gas.csv
air_heater_2,0,0,0,0,0,Pre_gas.csv
air_heater_3,11519,0,0,0,0,Pre_gas.csv
air_heater_4,0,0,0,0,0,Pre_gas.csv
air_heater_5,4,0,0,0,0,Pre_gas.csv
into_gas_mixed_coke,0,0,0,0,0,Pre_gas.csv
into_gas_mixed_blast_furnace,0,0,0,0,0,Pre_gas.csv
into_gas_mixed_converter,0,0,0,0,0,Pre_gas.csv
blast_furnace_1,0,0,0,0,0,Pre_test_gas.csv
blast_furnace_2,0,0,0,0,0,Pre_test_gas.csv
blast_furnace_3,192,0,0,0,0,Pre_test_gas.csv
blast_furnace_4,0,0,0,0,0,Pre_test_gas.csv
blast_furnace_5,0,0,0,0,0,Pre_test_gas.csv
coke_oven_1,0,0,0,0,0,Pre_test_gas.csv
converter_1,0,0,0,0,0,Pre_test_gas.csv
air_heater_1,0,0,0,0,0,Pre_test_gas.csv
air_heater_2,0,0,0,0,0,Pre_test_gas.csv
air_heater_3,192,0,0,0,0,Pre_test_gas.csv
air_heater_4,0,0,0,0,0,Pre_test_gas.csv
air_heater_5,0,0,0,0,0,Pre_test_gas.csv
into_gas_mixed_coke,0,0,0,0,0,Pre_test_gas.csv
into_gas_mixed_blast_furnace,0,0,0,0,0,Pre_test_gas.csv
into_gas_mixed_converter,0,0,0,0,0,Pre_test_gas.csv
blast_furnace_1,1,0,0,0,0,Semi_gas.csv
blast_furnace_2,1,0,0,0,0,Semi_gas.csv
blast_furnace_3,176542,0,0,0,0,Semi_gas.csv
blast_furnace_4,2,0,107,0,0,Semi_gas.csv
blast_furnace_5,0,0,0,0,0,Semi_gas.csv
coke_oven_1,1,0,0,0,0,Semi_gas.csv
converter_1,1,0,0,0,0,Semi_gas.csv
air_heater_1,1,0,0,0,0,Semi_gas.csv
air_heater_2,1,0,0,0,0,Semi_gas.csv
air_heater_3,16482,0,0,0,0,Semi_gas.csv
air_heater_4,0,1,0,0,0,Semi_gas.csv
air_heater_5,1,0,0,0,0,Semi_gas.csv
into_gas_mixed_coke,1,0,0,0,0,Semi_gas.csv
into_gas_mixed_blast_furnace,1,0,0,0,0,Semi_gas.csv
into_gas_mixed_converter,1,0,0,0,0,Semi_gas.csv
blast_furnace_1,0,0,0,0,0,Semi_test_gas.csv
blast_furnace_2,0,0,0,0,0,Semi_test_gas.csv
blast_furnace_3,1,1001,0,0,0,Semi_test_gas.csv
blast_furnace_4,1,0,0,0,0,Semi_test_gas.csv
blast_furnace_5,0,0,0,0,0,Semi_test_gas.csv
coke_oven_1,0,0,0,0,0,Semi_test_gas.csv
converter_1,0,0,0,0,0,Semi_test_gas.csv
air_heater_1,0,0,0,0,0,Semi_test_gas.csv
air_heater_2,0,0,0,0,0,Semi_test_gas.csv
air_heater_3,0,0,0,0,0,Semi_test_gas.csv
air_heater_4,0,0,0,0,0,Semi_test_gas.csv
air_heater_5,0,0,0,0,0,Semi_test_gas.csv
into_gas_mixed_coke,0,0,0,0,0,Semi_test_gas.csv
into_gas_mixed_blast_furnace,0,0,0,0,0,Semi_test_gas.csv
into_gas_mixed_converter,0,0,0,0,0,Semi_test_gas.csv
blast_furnace_gas_holder_1,11519,0,0,0,0,Pre_gas_holder.csv
blast_furnace_gas_holder_2,0,0,0,0,0,Pre_gas_holder.csv
blast_furnace_gas_holder_1,192,0,0,0,0,Pre_test_gas_holder.csv
blast_furnace_gas_holder_2,0,0,0,0,0,Pre_test_gas_holder.csv
blast_furnace_gas_holder_1,208462,1,2,0,1,Semi_gas_holder.csv
blast_furnace_gas_holder_2,0,0,0,0,0,Semi_gas_holder.csv
blast_furnace_gas_holder_1,0,0,0,0,0,Semi_test_gas_holder.csv
blast_furnace_gas_holder_2,0,0,0,0,0,Semi_test_gas_holder.csv
blast_furnace_user1,1,0,0,0,0,Pre_gas_user.csv
blast_furnace_user2,5,0,0,0,0,Pre_gas_user.csv
blast_furnace_user3,4,0,0,0,0,Pre_gas_user.csv
blast_furnace_user4,5,0,0,0,0,Pre_gas_user.csv
converter_user1,1,0,0,0,0,Pre_gas_user.csv
converter_user2,5,0,0,0,0,Pre_gas_user.csv
converter_user3,11518,0,0,0,0,Pre_gas_user.csv
blast_furnace_user1,0,0,0,0,0,Pre_test_gas_user.csv
blast_furnace_user2,0,0,0,0,0,Pre_test_gas_user.csv
blast_furnace_user3,0,0,0,0,0,Pre_test_gas_user.csv
blast_furnace_user4,0,0,0,0,0,Pre_test_gas_user.csv
converter_user1,0,0,0,0,0,Pre_test_gas_user.csv
converter_user2,0,0,0,0,0,Pre_test_gas_user.csv
converter_user3,192,0,0,0,0,Pre_test_gas_user.csv
blast_furnace_user1,1,0,0,0,0,Semi_gas_user.csv
blast_furnace_user2,1,0,0,0,0,Semi_gas_user.csv
blast_furnace_user3,1,0,0,0,0,Semi_gas_user.csv
blast_furnace_user4,1,0,0,0,0,Semi_gas_user.csv
converter_user1,0,1,0,0,0,Semi_gas_user.csv
converter_user2,1,0,0,0,0,Semi_gas_user.csv
converter_user3,217438,0,0,0,0,Semi_gas_user.csv
blast_furnace_user1,0,0,0,0,0,Semi_test_gas_user.csv
blast_furnace_user2,1,0,0,0,0,Semi_test_gas_user.csv
blast_furnace_user3,0,0,0,0,0,Semi_test_gas_user.csv
blast_furnace_user4,0,0,0,0,0,Semi_test_gas_user.csv
converter_user1,0,0,0,0,0,Semi_test_gas_user.csv
converter_user2,0,0,0,0,0,Semi_test_gas_user.csv
converter_user3,14400,0,0,0,0,Semi_test_gas_user.csv
generator_all,0,0,0,0,0,Pre_load.csv
generator_1,0,0,0,0,0,Pre_load.csv
generator_use_blast_furnace_gas,0,0,0,0,0,Pre_load.csv
generator_use_coke_gas,4,0,0,0,0,Pre_load.csv
generator_use_converter_gas,0,0,0,0,0,Pre_load.csv
generator_all,1,0,0,0,0,Pre_test_load.csv
generator_1,2,0,0,0,0,Pre_test_load.csv
generator_use_blast_furnace_gas,0,0,0,0,0,Pre_test_load.csv
generator_use_coke_gas,0,0,0,0,0,Pre_test_load.csv
generator_use_converter_gas,0,0,0,0,0,Pre_test_load.csv
generator_all,0,0,0,0,0,Semi_load.csv
generator_1,0,0,0,0,0,Semi_load.csv
generator_use_blast_furnace_gas,0,0,0,0,0,Semi_load.csv
generator_use_coke_gas,0,0,0,0,0,Semi_load.csv
generator_use_converter_gas,0,0,0,0,0,Semi_load.csv
generator_all,14400,0,0,0,0,Semi_test_load.csv
generator_1,14400,0,0,0,0,Semi_test_load.csv
generator_use_blast_furnace_gas,8,0,0,0,0,Semi_test_load.csv
generator_use_coke_gas,6,0,0,0,0,Semi_test_load.csv
generator_use_converter_gas,4,0,0,0,0,Semi_test_load.csv
