model,target,blend,mean_mape,std_mape,worst_mape
direct_d5_time_augmented,generator_1,0.15,0.06412869070967038,0.021103503944301095,0.09854152798652649
direct_d5_time_augmented,generator_1,0.1,0.06415998415711026,0.021105901713532667,0.09915444999933243
direct_d5_time_augmented,generator_1,0.2,0.06422029963384072,0.02117170821902082,0.09799397736787796
direct_d5_time_augmented,generator_1,0.05,0.06431819009594619,0.021175301952289845,0.09984171390533447
direct_d5_time_augmented,generator_1,0.25,0.06442549141744773,0.02130682932634337,0.09846366941928864
direct_d5_time_augmented,generator_1,0.0,0.06460406444966793,0.02130211472457276,0.10060849785804749
direct_d5_time_augmented,generator_1,0.3,0.06473539133245747,0.021513022087842865,0.09999272972345352
direct_d5_time_augmented,generator_1,0.35,0.06514180218800902,0.021789136001883813,0.10179304331541061
direct_d5_time_augmented,generator_1,0.4,0.06564887752756476,0.022142975593420666,0.10385172814130783
direct_d5_time_augmented,generator_1,0.45,0.06624774378724396,0.022577203350747373,0.10614006221294403
direct_d5_time_augmented,generator_1,0.5,0.06693137631130715,0.02309302012588481,0.10864927619695663
direct_d5_time_augmented,generator_1,0.55,0.0676790898044904,0.023672977226787864,0.11127713322639465
direct_d5_time_augmented,generator_1,0.6,0.06848953873850405,0.024317047384354046,0.11405859887599945
direct_d5_time_augmented,generator_1,0.65,0.06936163447486858,0.02501806999027004,0.11696266382932663
direct_d5_time_augmented,generator_1,0.7,0.07029359578154981,0.025778793584074623,0.12001696974039078
direct_d5_time_augmented,generator_1,0.75,0.07127772939080994,0.026592065351588055,0.12316803634166718
direct_d5_time_augmented,generator_1,0.8,0.07231464725919068,0.027459388513337464,0.1264350414276123
direct_d5_time_augmented,generator_1,0.85,0.07339777401648462,0.028370488208412776,0.12976574897766113
direct_d5_time_augmented,generator_1,0.9,0.07452395798948903,0.029324954061822776,0.13318628072738647
direct_d5_time_augmented,generator_1,0.95,0.07569138185742001,0.03031802510089753,0.13667725026607513
direct_d5_time_augmented,generator_1,1.0,0.07689445908181369,0.031344880576030944,0.14023664593696594
direct_d5_time_augmented,generator_all,0.55,0.047796736393744745,0.020135449922183732,0.08885277807712555
direct_d5_time_augmented,generator_all,0.6,0.04780489450786263,0.020215026772230263,0.08918679505586624
direct_d5_time_augmented,generator_all,0.5,0.047836198626706995,0.020077459320039005,0.08861837536096573
direct_d5_time_augmented,generator_all,0.65,0.047861256171017885,0.020317705590952657,0.08960452675819397
direct_d5_time_augmented,generator_all,0.45,0.04792657409173747,0.020046600844688546,0.08849722892045975
direct_d5_time_augmented,generator_all,0.7,0.04796334002943089,0.020444324088999023,0.09010043740272522
direct_d5_time_augmented,generator_all,0.4,0.04806813054407636,0.020043202072506976,0.08851258456707001
direct_d5_time_augmented,generator_all,0.75,0.04811257294689616,0.020591732197578354,0.09068893641233444
direct_d5_time_augmented,generator_all,0.35,0.04826486296951771,0.02006521172818179,0.08862175047397614
direct_d5_time_augmented,generator_all,0.8,0.04830213737053176,0.02076023646903542,0.09135112911462784
direct_d5_time_augmented,generator_all,0.3,0.048525935892636575,0.020117251605266392,0.08882790058851242
direct_d5_time_augmented,generator_all,0.85,0.04852929765669008,0.020947413920413847,0.092068150639534
direct_d5_time_augmented,generator_all,0.9,0.04879399680066854,0.021150861108048303,0.09284509718418121
direct_d5_time_augmented,generator_all,0.25,0.04885319961855809,0.02020457992599584,0.08916071802377701
direct_d5_time_augmented,generator_all,0.95,0.04909602191764861,0.021372003476632363,0.09367460757493973
direct_d5_time_augmented,generator_all,0.2,0.04924663878045976,0.02032591826295346,0.08958365023136139
direct_d5_time_augmented,generator_all,1.0,0.04943510940453658,0.02161437767029699,0.0945902094244957
direct_d5_time_augmented,generator_all,0.15,0.04969761512863139,0.0204737453397912,0.0900760218501091
direct_d5_time_augmented,generator_all,0.1,0.05021404327514271,0.020656206472327732,0.09068707376718521
direct_d5_time_augmented,generator_all,0.05,0.05081388975183169,0.02088931462026644,0.09149530529975891
direct_d5_time_augmented,generator_all,0.0,0.05149681493639946,0.021177202665321408,0.09254614263772964
