name,train_missing_fraction,test_missing_fraction
feat_blast_furnace_1__observed,0.0002670940170940171,0.0
feat_blast_furnace_1__last,3.8156288156288156e-05,0.0
feat_blast_furnace_1__age_minutes,3.8156288156288156e-05,0.0
feat_blast_furnace_1__missing_now,0.0,0.0
feat_blast_furnace_1__mean_15m,0.0002670940170940171,0.0
feat_blast_furnace_1__mean_60m,3.8156288156288156e-05,0.0
feat_blast_furnace_1__mean_360m,3.8156288156288156e-05,0.0
feat_blast_furnace_1__std_60m,0.00015262515262515263,0.0
feat_blast_furnace_1__diff_15m,7.631257631257631e-05,0.0
feat_blast_furnace_1__coverage_60m,0.0,0.0
feat_blast_furnace_2__observed,0.00011446886446886447,0.0
feat_blast_furnace_2__last,3.8156288156288156e-05,0.0
feat_blast_furnace_2__age_minutes,3.8156288156288156e-05,0.0
feat_blast_furnace_2__missing_now,0.0,0.0
feat_blast_furnace_2__mean_15m,0.00011446886446886447,0.0
feat_blast_furnace_2__mean_60m,3.8156288156288156e-05,0.0
feat_blast_furnace_2__mean_360m,3.8156288156288156e-05,0.0
feat_blast_furnace_2__std_60m,7.631257631257631e-05,0.0
feat_blast_furnace_2__diff_15m,7.631257631257631e-05,0.0
feat_blast_furnace_2__coverage_60m,0.0,0.0
feat_blast_furnace_3__observed,0.8959859584859585,0.06875
feat_blast_furnace_3__last,0.8959859584859585,0.04375
feat_blast_furnace_3__age_minutes,0.8959859584859585,0.0
feat_blast_furnace_3__missing_now,0.0,0.0
feat_blast_furnace_3__mean_15m,0.8959859584859585,0.06770833333333333
feat_blast_furnace_3__mean_60m,0.8959859584859585,0.06458333333333334
feat_blast_furnace_3__mean_360m,0.8959859584859585,0.04375
feat_blast_furnace_3__std_60m,0.8959859584859585,0.065625
feat_blast_furnace_3__diff_15m,0.8960241147741148,0.04479166666666667
feat_blast_furnace_3__coverage_60m,0.0,0.0
feat_blast_furnace_4__observed,0.00011446886446886447,0.0
feat_blast_furnace_4__last,3.8156288156288156e-05,0.0
feat_blast_furnace_4__age_minutes,3.8156288156288156e-05,0.0
feat_blast_furnace_4__missing_now,0.0,0.0
feat_blast_furnace_4__mean_15m,0.00011446886446886447,0.0
feat_blast_furnace_4__mean_60m,3.8156288156288156e-05,0.0
feat_blast_furnace_4__mean_360m,3.8156288156288156e-05,0.0
feat_blast_furnace_4__std_60m,7.631257631257631e-05,0.0
feat_blast_furnace_4__diff_15m,7.631257631257631e-05,0.0
feat_blast_furnace_4__coverage_60m,0.0,0.0
feat_blast_furnace_5__observed,0.0002670940170940171,0.0
feat_blast_furnace_5__last,3.8156288156288156e-05,0.0
feat_blast_furnace_5__age_minutes,3.8156288156288156e-05,0.0
feat_blast_furnace_5__missing_now,0.0,0.0
feat_blast_furnace_5__mean_15m,0.0002670940170940171,0.0
feat_blast_furnace_5__mean_60m,3.8156288156288156e-05,0.0
feat_blast_furnace_5__mean_360m,3.8156288156288156e-05,0.0
feat_blast_furnace_5__std_60m,0.00015262515262515263,0.0
feat_blast_furnace_5__diff_15m,7.631257631257631e-05,0.0
feat_blast_furnace_5__coverage_60m,0.0,0.0
feat_coke_oven_1__observed,0.00011446886446886447,0.0
feat_coke_oven_1__last,3.8156288156288156e-05,0.0
feat_coke_oven_1__age_minutes,3.8156288156288156e-05,0.0
feat_coke_oven_1__missing_now,0.0,0.0
feat_coke_oven_1__mean_15m,0.00011446886446886447,0.0
feat_coke_oven_1__mean_60m,3.8156288156288156e-05,0.0
feat_coke_oven_1__mean_360m,3.8156288156288156e-05,0.0
feat_coke_oven_1__std_60m,7.631257631257631e-05,0.0
feat_coke_oven_1__diff_15m,7.631257631257631e-05,0.0
feat_coke_oven_1__coverage_60m,0.0,0.0
feat_converter_1__observed,0.0002670940170940171,0.0
feat_converter_1__last,3.8156288156288156e-05,0.0
feat_converter_1__age_minutes,3.8156288156288156e-05,0.0
feat_converter_1__missing_now,0.0,0.0
feat_converter_1__mean_15m,0.0002670940170940171,0.0
feat_converter_1__mean_60m,3.8156288156288156e-05,0.0
feat_converter_1__mean_360m,3.8156288156288156e-05,0.0
feat_converter_1__std_60m,0.00015262515262515263,0.0
feat_converter_1__diff_15m,7.631257631257631e-05,0.0
feat_converter_1__coverage_60m,0.0,0.0
feat_air_heater_1__observed,0.00011446886446886447,0.0
feat_air_heater_1__last,3.8156288156288156e-05,0.0
feat_air_heater_1__age_minutes,3.8156288156288156e-05,0.0
feat_air_heater_1__missing_now,0.0,0.0
feat_air_heater_1__mean_15m,0.00011446886446886447,0.0
feat_air_heater_1__mean_60m,3.8156288156288156e-05,0.0
feat_air_heater_1__mean_360m,3.8156288156288156e-05,0.0
feat_air_heater_1__std_60m,7.631257631257631e-05,0.0
feat_air_heater_1__diff_15m,7.631257631257631e-05,0.0
feat_air_heater_1__coverage_60m,0.0,0.0
feat_air_heater_2__observed,0.00011446886446886447,0.0
feat_air_heater_2__last,3.8156288156288156e-05,0.0
feat_air_heater_2__age_minutes,3.8156288156288156e-05,0.0
feat_air_heater_2__missing_now,0.0,0.0
feat_air_heater_2__mean_15m,0.00011446886446886447,0.0
feat_air_heater_2__mean_60m,3.8156288156288156e-05,0.0
feat_air_heater_2__mean_360m,3.8156288156288156e-05,0.0
feat_air_heater_2__std_60m,7.631257631257631e-05,0.0
feat_air_heater_2__diff_15m,7.631257631257631e-05,0.0
feat_air_heater_2__coverage_60m,0.0,0.0
feat_air_heater_3__observed,0.48882020757020755,0.0
feat_air_heater_3__last,0.48878205128205127,0.0
feat_air_heater_3__age_minutes,0.48878205128205127,0.0
feat_air_heater_3__missing_now,0.0,0.0
feat_air_heater_3__mean_15m,0.48878205128205127,0.0
feat_air_heater_3__mean_60m,0.48878205128205127,0.0
feat_air_heater_3__mean_360m,0.48878205128205127,0.0
feat_air_heater_3__std_60m,0.48878205128205127,0.0
feat_air_heater_3__diff_15m,0.48882020757020755,0.0
feat_air_heater_3__coverage_60m,0.0,0.0
feat_air_heater_4__observed,0.00011446886446886447,0.0
feat_air_heater_4__last,3.8156288156288156e-05,0.0
feat_air_heater_4__age_minutes,3.8156288156288156e-05,0.0
feat_air_heater_4__missing_now,0.0,0.0
feat_air_heater_4__mean_15m,0.00011446886446886447,0.0
feat_air_heater_4__mean_60m,3.8156288156288156e-05,0.0
feat_air_heater_4__mean_360m,3.8156288156288156e-05,0.0
feat_air_heater_4__std_60m,7.631257631257631e-05,0.0
feat_air_heater_4__diff_15m,7.631257631257631e-05,0.0
feat_air_heater_4__coverage_60m,0.0,0.0
feat_air_heater_5__observed,0.0002670940170940171,0.0
feat_air_heater_5__last,3.8156288156288156e-05,0.0
feat_air_heater_5__age_minutes,3.8156288156288156e-05,0.0
feat_air_heater_5__missing_now,0.0,0.0
feat_air_heater_5__mean_15m,0.0002670940170940171,0.0
feat_air_heater_5__mean_60m,3.8156288156288156e-05,0.0
feat_air_heater_5__mean_360m,3.8156288156288156e-05,0.0
feat_air_heater_5__std_60m,0.00015262515262515263,0.0
feat_air_heater_5__diff_15m,7.631257631257631e-05,0.0
feat_air_heater_5__coverage_60m,0.0,0.0
feat_into_gas_mixed_coke__observed,0.00011446886446886447,0.0
feat_into_gas_mixed_coke__last,3.8156288156288156e-05,0.0
feat_into_gas_mixed_coke__age_minutes,3.8156288156288156e-05,0.0
feat_into_gas_mixed_coke__missing_now,0.0,0.0
feat_into_gas_mixed_coke__mean_15m,0.00011446886446886447,0.0
feat_into_gas_mixed_coke__mean_60m,3.8156288156288156e-05,0.0
feat_into_gas_mixed_coke__mean_360m,3.8156288156288156e-05,0.0
feat_into_gas_mixed_coke__std_60m,7.631257631257631e-05,0.0
feat_into_gas_mixed_coke__diff_15m,7.631257631257631e-05,0.0
feat_into_gas_mixed_coke__coverage_60m,0.0,0.0
feat_into_gas_mixed_blast_furnace__observed,0.00011446886446886447,0.0
feat_into_gas_mixed_blast_furnace__last,3.8156288156288156e-05,0.0
feat_into_gas_mixed_blast_furnace__age_minutes,3.8156288156288156e-05,0.0
feat_into_gas_mixed_blast_furnace__missing_now,0.0,0.0
feat_into_gas_mixed_blast_furnace__mean_15m,0.00011446886446886447,0.0
feat_into_gas_mixed_blast_furnace__mean_60m,3.8156288156288156e-05,0.0
feat_into_gas_mixed_blast_furnace__mean_360m,3.8156288156288156e-05,0.0
feat_into_gas_mixed_blast_furnace__std_60m,7.631257631257631e-05,0.0
feat_into_gas_mixed_blast_furnace__diff_15m,7.631257631257631e-05,0.0
feat_into_gas_mixed_blast_furnace__coverage_60m,0.0,0.0
feat_into_gas_mixed_converter__observed,0.00011446886446886447,0.0
feat_into_gas_mixed_converter__last,3.8156288156288156e-05,0.0
feat_into_gas_mixed_converter__age_minutes,3.8156288156288156e-05,0.0
feat_into_gas_mixed_converter__missing_now,0.0,0.0
feat_into_gas_mixed_converter__mean_15m,0.00011446886446886447,0.0
feat_into_gas_mixed_converter__mean_60m,3.8156288156288156e-05,0.0
feat_into_gas_mixed_converter__mean_360m,3.8156288156288156e-05,0.0
feat_into_gas_mixed_converter__std_60m,7.631257631257631e-05,0.0
feat_into_gas_mixed_converter__diff_15m,7.631257631257631e-05,0.0
feat_into_gas_mixed_converter__coverage_60m,0.0,0.0
feat_blast_furnace_gas_holder_1__observed,0.9771825396825397,0.0
feat_blast_furnace_gas_holder_1__last,0.9771825396825397,0.0
feat_blast_furnace_gas_holder_1__age_minutes,0.9771825396825397,0.0
feat_blast_furnace_gas_holder_1__missing_now,0.0,0.0
feat_blast_furnace_gas_holder_1__mean_15m,0.9771825396825397,0.0
feat_blast_furnace_gas_holder_1__mean_60m,0.9771825396825397,0.0
feat_blast_furnace_gas_holder_1__mean_360m,0.9771825396825397,0.0
feat_blast_furnace_gas_holder_1__std_60m,0.9771825396825397,0.0
feat_blast_furnace_gas_holder_1__diff_15m,0.9772206959706959,0.0
feat_blast_furnace_gas_holder_1__coverage_60m,0.0,0.0
feat_blast_furnace_gas_holder_2__observed,0.00011446886446886447,0.0
feat_blast_furnace_gas_holder_2__last,3.8156288156288156e-05,0.0
feat_blast_furnace_gas_holder_2__age_minutes,3.8156288156288156e-05,0.0
feat_blast_furnace_gas_holder_2__missing_now,0.0,0.0
feat_blast_furnace_gas_holder_2__mean_15m,0.00011446886446886447,0.0
feat_blast_furnace_gas_holder_2__mean_60m,3.8156288156288156e-05,0.0
feat_blast_furnace_gas_holder_2__mean_360m,3.8156288156288156e-05,0.0
feat_blast_furnace_gas_holder_2__std_60m,7.631257631257631e-05,0.0
feat_blast_furnace_gas_holder_2__diff_15m,7.631257631257631e-05,0.0
feat_blast_furnace_gas_holder_2__coverage_60m,0.0,0.0
feat_blast_furnace_user1__observed,0.00019078144078144078,0.0
feat_blast_furnace_user1__last,3.8156288156288156e-05,0.0
feat_blast_furnace_user1__age_minutes,3.8156288156288156e-05,0.0
feat_blast_furnace_user1__missing_now,0.0,0.0
feat_blast_furnace_user1__mean_15m,0.00019078144078144078,0.0
feat_blast_furnace_user1__mean_60m,3.8156288156288156e-05,0.0
feat_blast_furnace_user1__mean_360m,3.8156288156288156e-05,0.0
feat_blast_furnace_user1__std_60m,7.631257631257631e-05,0.0
feat_blast_furnace_user1__diff_15m,7.631257631257631e-05,0.0
feat_blast_furnace_user1__coverage_60m,0.0,0.0
feat_blast_furnace_user2__observed,0.00034340659340659343,0.0
feat_blast_furnace_user2__last,3.8156288156288156e-05,0.0
feat_blast_furnace_user2__age_minutes,3.8156288156288156e-05,0.0
feat_blast_furnace_user2__missing_now,0.0,0.0
feat_blast_furnace_user2__mean_15m,0.00034340659340659343,0.0
feat_blast_furnace_user2__mean_60m,3.8156288156288156e-05,0.0
feat_blast_furnace_user2__mean_360m,3.8156288156288156e-05,0.0
feat_blast_furnace_user2__std_60m,0.00015262515262515263,0.0
feat_blast_furnace_user2__diff_15m,7.631257631257631e-05,0.0
feat_blast_furnace_user2__coverage_60m,0.0,0.0
feat_blast_furnace_user3__observed,0.00030525030525030525,0.0
feat_blast_furnace_user3__last,3.8156288156288156e-05,0.0
feat_blast_furnace_user3__age_minutes,3.8156288156288156e-05,0.0
feat_blast_furnace_user3__missing_now,0.0,0.0
feat_blast_furnace_user3__mean_15m,0.00030525030525030525,0.0
feat_blast_furnace_user3__mean_60m,3.8156288156288156e-05,0.0
feat_blast_furnace_user3__mean_360m,3.8156288156288156e-05,0.0
feat_blast_furnace_user3__std_60m,0.00015262515262515263,0.0
feat_blast_furnace_user3__diff_15m,7.631257631257631e-05,0.0
feat_blast_furnace_user3__coverage_60m,0.0,0.0
feat_blast_furnace_user4__observed,0.00034340659340659343,0.0
feat_blast_furnace_user4__last,3.8156288156288156e-05,0.0
feat_blast_furnace_user4__age_minutes,3.8156288156288156e-05,0.0
feat_blast_furnace_user4__missing_now,0.0,0.0
feat_blast_furnace_user4__mean_15m,0.00034340659340659343,0.0
feat_blast_furnace_user4__mean_60m,3.8156288156288156e-05,0.0
feat_blast_furnace_user4__mean_360m,3.8156288156288156e-05,0.0
feat_blast_furnace_user4__std_60m,0.00015262515262515263,0.0
feat_blast_furnace_user4__diff_15m,7.631257631257631e-05,0.0
feat_blast_furnace_user4__coverage_60m,0.0,0.0
feat_converter_user1__observed,0.00019078144078144078,0.0
feat_converter_user1__last,3.8156288156288156e-05,0.0
feat_converter_user1__age_minutes,3.8156288156288156e-05,0.0
feat_converter_user1__missing_now,0.0,0.0
feat_converter_user1__mean_15m,0.00019078144078144078,0.0
feat_converter_user1__mean_60m,3.8156288156288156e-05,0.0
feat_converter_user1__mean_360m,3.8156288156288156e-05,0.0
feat_converter_user1__std_60m,7.631257631257631e-05,0.0
feat_converter_user1__diff_15m,7.631257631257631e-05,0.0
feat_converter_user1__coverage_60m,0.0,0.0
feat_converter_user2__observed,0.00034340659340659343,0.0
feat_converter_user2__last,3.8156288156288156e-05,0.0
feat_converter_user2__age_minutes,3.8156288156288156e-05,0.0
feat_converter_user2__missing_now,0.0,0.0
feat_converter_user2__mean_15m,0.00034340659340659343,0.0
feat_converter_user2__mean_60m,3.8156288156288156e-05,0.0
feat_converter_user2__mean_360m,3.8156288156288156e-05,0.0
feat_converter_user2__std_60m,0.00015262515262515263,0.0
feat_converter_user2__diff_15m,7.631257631257631e-05,0.0
feat_converter_user2__coverage_60m,0.0,0.0
feat_converter_user3__observed,1.0,1.0
feat_converter_user3__last,1.0,1.0
feat_converter_user3__age_minutes,1.0,1.0
feat_converter_user3__missing_now,0.0,0.0
feat_converter_user3__mean_15m,1.0,1.0
feat_converter_user3__mean_60m,1.0,1.0
feat_converter_user3__mean_360m,1.0,1.0
feat_converter_user3__std_60m,1.0,1.0
feat_converter_user3__diff_15m,1.0,1.0
feat_converter_user3__coverage_60m,0.0,0.0
feat_generator_use_blast_furnace_gas__observed,0.00011446886446886447,0.0010416666666666667
feat_generator_use_blast_furnace_gas__last,3.8156288156288156e-05,0.0
feat_generator_use_blast_furnace_gas__age_minutes,3.8156288156288156e-05,0.0
feat_generator_use_blast_furnace_gas__missing_now,0.0,0.0
feat_generator_use_blast_furnace_gas__mean_15m,0.00011446886446886447,0.0
feat_generator_use_blast_furnace_gas__mean_60m,3.8156288156288156e-05,0.0
feat_generator_use_blast_furnace_gas__mean_360m,3.8156288156288156e-05,0.0
feat_generator_use_blast_furnace_gas__std_60m,7.631257631257631e-05,0.0
feat_generator_use_blast_furnace_gas__diff_15m,7.631257631257631e-05,0.0
feat_generator_use_blast_furnace_gas__coverage_60m,0.0,0.0
feat_generator_use_coke_gas__observed,0.0002670940170940171,0.0
feat_generator_use_coke_gas__last,3.8156288156288156e-05,0.0
feat_generator_use_coke_gas__age_minutes,3.8156288156288156e-05,0.0
feat_generator_use_coke_gas__missing_now,0.0,0.0
feat_generator_use_coke_gas__mean_15m,0.0002670940170940171,0.0
feat_generator_use_coke_gas__mean_60m,3.8156288156288156e-05,0.0
feat_generator_use_coke_gas__mean_360m,3.8156288156288156e-05,0.0
feat_generator_use_coke_gas__std_60m,0.00015262515262515263,0.0
feat_generator_use_coke_gas__diff_15m,7.631257631257631e-05,0.0
feat_generator_use_coke_gas__coverage_60m,0.0,0.0
feat_generator_use_converter_gas__observed,0.00011446886446886447,0.0
feat_generator_use_converter_gas__last,3.8156288156288156e-05,0.0
feat_generator_use_converter_gas__age_minutes,3.8156288156288156e-05,0.0
feat_generator_use_converter_gas__missing_now,0.0,0.0
feat_generator_use_converter_gas__mean_15m,0.00011446886446886447,0.0
feat_generator_use_converter_gas__mean_60m,3.8156288156288156e-05,0.0
feat_generator_use_converter_gas__mean_360m,3.8156288156288156e-05,0.0
feat_generator_use_converter_gas__std_60m,7.631257631257631e-05,0.0
feat_generator_use_converter_gas__diff_15m,7.631257631257631e-05,0.0
feat_generator_use_converter_gas__coverage_60m,0.0,0.0
feat_day_sin,0.0,0.0
feat_day_cos,0.0,0.0
feat_week_sin,0.0,0.0
feat_week_cos,0.0,0.0
feat_price,0.0,0.0
feat_native_cadence_minutes,0.0,0.0
