name,source,operator,availability,uses_target,unit
feat_blast_furnace_1__observed,blast_furnace_1,observed,<=origin,False,source_unit_unmodified
feat_blast_furnace_1__last,blast_furnace_1,last,<=origin,False,source_unit_unmodified
feat_blast_furnace_1__age_minutes,blast_furnace_1,age_minutes,<=origin,False,age_minutes
feat_blast_furnace_1__missing_now,blast_furnace_1,missing_now,<=origin,False,missing_now
feat_blast_furnace_1__mean_15m,blast_furnace_1,mean_15m,<=origin,False,source_unit_unmodified
feat_blast_furnace_1__mean_60m,blast_furnace_1,mean_60m,<=origin,False,source_unit_unmodified
feat_blast_furnace_1__mean_360m,blast_furnace_1,mean_360m,<=origin,False,source_unit_unmodified
feat_blast_furnace_1__std_60m,blast_furnace_1,std_60m,<=origin,False,source_unit_unmodified
feat_blast_furnace_1__diff_15m,blast_furnace_1,diff_15m,<=origin,False,source_unit_unmodified
feat_blast_furnace_1__coverage_60m,blast_furnace_1,valid_count / scheduled_count in past hour,<=origin,False,fraction
feat_blast_furnace_2__observed,blast_furnace_2,observed,<=origin,False,source_unit_unmodified
feat_blast_furnace_2__last,blast_furnace_2,last,<=origin,False,source_unit_unmodified
feat_blast_furnace_2__age_minutes,blast_furnace_2,age_minutes,<=origin,False,age_minutes
feat_blast_furnace_2__missing_now,blast_furnace_2,missing_now,<=origin,False,missing_now
feat_blast_furnace_2__mean_15m,blast_furnace_2,mean_15m,<=origin,False,source_unit_unmodified
feat_blast_furnace_2__mean_60m,blast_furnace_2,mean_60m,<=origin,False,source_unit_unmodified
feat_blast_furnace_2__mean_360m,blast_furnace_2,mean_360m,<=origin,False,source_unit_unmodified
feat_blast_furnace_2__std_60m,blast_furnace_2,std_60m,<=origin,False,source_unit_unmodified
feat_blast_furnace_2__diff_15m,blast_furnace_2,diff_15m,<=origin,False,source_unit_unmodified
feat_blast_furnace_2__coverage_60m,blast_furnace_2,valid_count / scheduled_count in past hour,<=origin,False,fraction
feat_blast_furnace_3__observed,blast_furnace_3,observed,<=origin,False,source_unit_unmodified
feat_blast_furnace_3__last,blast_furnace_3,last,<=origin,False,source_unit_unmodified
feat_blast_furnace_3__age_minutes,blast_furnace_3,age_minutes,<=origin,False,age_minutes
feat_blast_furnace_3__missing_now,blast_furnace_3,missing_now,<=origin,False,missing_now
feat_blast_furnace_3__mean_15m,blast_furnace_3,mean_15m,<=origin,False,source_unit_unmodified
feat_blast_furnace_3__mean_60m,blast_furnace_3,mean_60m,<=origin,False,source_unit_unmodified
feat_blast_furnace_3__mean_360m,blast_furnace_3,mean_360m,<=origin,False,source_unit_unmodified
feat_blast_furnace_3__std_60m,blast_furnace_3,std_60m,<=origin,False,source_unit_unmodified
feat_blast_furnace_3__diff_15m,blast_furnace_3,diff_15m,<=origin,False,source_unit_unmodified
feat_blast_furnace_3__coverage_60m,blast_furnace_3,valid_count / scheduled_count in past hour,<=origin,False,fraction
feat_blast_furnace_4__observed,blast_furnace_4,observed,<=origin,False,source_unit_unmodified
feat_blast_furnace_4__last,blast_furnace_4,last,<=origin,False,source_unit_unmodified
feat_blast_furnace_4__age_minutes,blast_furnace_4,age_minutes,<=origin,False,age_minutes
feat_blast_furnace_4__missing_now,blast_furnace_4,missing_now,<=origin,False,missing_now
feat_blast_furnace_4__mean_15m,blast_furnace_4,mean_15m,<=origin,False,source_unit_unmodified
feat_blast_furnace_4__mean_60m,blast_furnace_4,mean_60m,<=origin,False,source_unit_unmodified
feat_blast_furnace_4__mean_360m,blast_furnace_4,mean_360m,<=origin,False,source_unit_unmodified
feat_blast_furnace_4__std_60m,blast_furnace_4,std_60m,<=origin,False,source_unit_unmodified
feat_blast_furnace_4__diff_15m,blast_furnace_4,diff_15m,<=origin,False,source_unit_unmodified
feat_blast_furnace_4__coverage_60m,blast_furnace_4,valid_count / scheduled_count in past hour,<=origin,False,fraction
feat_blast_furnace_5__observed,blast_furnace_5,observed,<=origin,False,source_unit_unmodified
feat_blast_furnace_5__last,blast_furnace_5,last,<=origin,False,source_unit_unmodified
feat_blast_furnace_5__age_minutes,blast_furnace_5,age_minutes,<=origin,False,age_minutes
feat_blast_furnace_5__missing_now,blast_furnace_5,missing_now,<=origin,False,missing_now
feat_blast_furnace_5__mean_15m,blast_furnace_5,mean_15m,<=origin,False,source_unit_unmodified
feat_blast_furnace_5__mean_60m,blast_furnace_5,mean_60m,<=origin,False,source_unit_unmodified
feat_blast_furnace_5__mean_360m,blast_furnace_5,mean_360m,<=origin,False,source_unit_unmodified
feat_blast_furnace_5__std_60m,blast_furnace_5,std_60m,<=origin,False,source_unit_unmodified
feat_blast_furnace_5__diff_15m,blast_furnace_5,diff_15m,<=origin,False,source_unit_unmodified
feat_blast_furnace_5__coverage_60m,blast_furnace_5,valid_count / scheduled_count in past hour,<=origin,False,fraction
feat_coke_oven_1__observed,coke_oven_1,observed,<=origin,False,source_unit_unmodified
feat_coke_oven_1__last,coke_oven_1,last,<=origin,False,source_unit_unmodified
feat_coke_oven_1__age_minutes,coke_oven_1,age_minutes,<=origin,False,age_minutes
feat_coke_oven_1__missing_now,coke_oven_1,missing_now,<=origin,False,missing_now
feat_coke_oven_1__mean_15m,coke_oven_1,mean_15m,<=origin,False,source_unit_unmodified
feat_coke_oven_1__mean_60m,coke_oven_1,mean_60m,<=origin,False,source_unit_unmodified
feat_coke_oven_1__mean_360m,coke_oven_1,mean_360m,<=origin,False,source_unit_unmodified
feat_coke_oven_1__std_60m,coke_oven_1,std_60m,<=origin,False,source_unit_unmodified
feat_coke_oven_1__diff_15m,coke_oven_1,diff_15m,<=origin,False,source_unit_unmodified
feat_coke_oven_1__coverage_60m,coke_oven_1,valid_count / scheduled_count in past hour,<=origin,False,fraction
feat_converter_1__observed,converter_1,observed,<=origin,False,source_unit_unmodified
feat_converter_1__last,converter_1,last,<=origin,False,source_unit_unmodified
feat_converter_1__age_minutes,converter_1,age_minutes,<=origin,False,age_minutes
feat_converter_1__missing_now,converter_1,missing_now,<=origin,False,missing_now
feat_converter_1__mean_15m,converter_1,mean_15m,<=origin,False,source_unit_unmodified
feat_converter_1__mean_60m,converter_1,mean_60m,<=origin,False,source_unit_unmodified
feat_converter_1__mean_360m,converter_1,mean_360m,<=origin,False,source_unit_unmodified
feat_converter_1__std_60m,converter_1,std_60m,<=origin,False,source_unit_unmodified
feat_converter_1__diff_15m,converter_1,diff_15m,<=origin,False,source_unit_unmodified
feat_converter_1__coverage_60m,converter_1,valid_count / scheduled_count in past hour,<=origin,False,fraction
feat_air_heater_1__observed,air_heater_1,observed,<=origin,False,source_unit_unmodified
feat_air_heater_1__last,air_heater_1,last,<=origin,False,source_unit_unmodified
feat_air_heater_1__age_minutes,air_heater_1,age_minutes,<=origin,False,age_minutes
feat_air_heater_1__missing_now,air_heater_1,missing_now,<=origin,False,missing_now
feat_air_heater_1__mean_15m,air_heater_1,mean_15m,<=origin,False,source_unit_unmodified
feat_air_heater_1__mean_60m,air_heater_1,mean_60m,<=origin,False,source_unit_unmodified
feat_air_heater_1__mean_360m,air_heater_1,mean_360m,<=origin,False,source_unit_unmodified
feat_air_heater_1__std_60m,air_heater_1,std_60m,<=origin,False,source_unit_unmodified
feat_air_heater_1__diff_15m,air_heater_1,diff_15m,<=origin,False,source_unit_unmodified
feat_air_heater_1__coverage_60m,air_heater_1,valid_count / scheduled_count in past hour,<=origin,False,fraction
feat_air_heater_2__observed,air_heater_2,observed,<=origin,False,source_unit_unmodified
feat_air_heater_2__last,air_heater_2,last,<=origin,False,source_unit_unmodified
feat_air_heater_2__age_minutes,air_heater_2,age_minutes,<=origin,False,age_minutes
feat_air_heater_2__missing_now,air_heater_2,missing_now,<=origin,False,missing_now
feat_air_heater_2__mean_15m,air_heater_2,mean_15m,<=origin,False,source_unit_unmodified
feat_air_heater_2__mean_60m,air_heater_2,mean_60m,<=origin,False,source_unit_unmodified
feat_air_heater_2__mean_360m,air_heater_2,mean_360m,<=origin,False,source_unit_unmodified
feat_air_heater_2__std_60m,air_heater_2,std_60m,<=origin,False,source_unit_unmodified
feat_air_heater_2__diff_15m,air_heater_2,diff_15m,<=origin,False,source_unit_unmodified
feat_air_heater_2__coverage_60m,air_heater_2,valid_count / scheduled_count in past hour,<=origin,False,fraction
feat_air_heater_3__observed,air_heater_3,observed,<=origin,False,source_unit_unmodified
feat_air_heater_3__last,air_heater_3,last,<=origin,False,source_unit_unmodified
feat_air_heater_3__age_minutes,air_heater_3,age_minutes,<=origin,False,age_minutes
feat_air_heater_3__missing_now,air_heater_3,missing_now,<=origin,False,missing_now
feat_air_heater_3__mean_15m,air_heater_3,mean_15m,<=origin,False,source_unit_unmodified
feat_air_heater_3__mean_60m,air_heater_3,mean_60m,<=origin,False,source_unit_unmodified
feat_air_heater_3__mean_360m,air_heater_3,mean_360m,<=origin,False,source_unit_unmodified
feat_air_heater_3__std_60m,air_heater_3,std_60m,<=origin,False,source_unit_unmodified
feat_air_heater_3__diff_15m,air_heater_3,diff_15m,<=origin,False,source_unit_unmodified
feat_air_heater_3__coverage_60m,air_heater_3,valid_count / scheduled_count in past hour,<=origin,False,fraction
feat_air_heater_4__observed,air_heater_4,observed,<=origin,False,source_unit_unmodified
feat_air_heater_4__last,air_heater_4,last,<=origin,False,source_unit_unmodified
feat_air_heater_4__age_minutes,air_heater_4,age_minutes,<=origin,False,age_minutes
feat_air_heater_4__missing_now,air_heater_4,missing_now,<=origin,False,missing_now
feat_air_heater_4__mean_15m,air_heater_4,mean_15m,<=origin,False,source_unit_unmodified
feat_air_heater_4__mean_60m,air_heater_4,mean_60m,<=origin,False,source_unit_unmodified
feat_air_heater_4__mean_360m,air_heater_4,mean_360m,<=origin,False,source_unit_unmodified
feat_air_heater_4__std_60m,air_heater_4,std_60m,<=origin,False,source_unit_unmodified
feat_air_heater_4__diff_15m,air_heater_4,diff_15m,<=origin,False,source_unit_unmodified
feat_air_heater_4__coverage_60m,air_heater_4,valid_count / scheduled_count in past hour,<=origin,False,fraction
feat_air_heater_5__observed,air_heater_5,observed,<=origin,False,source_unit_unmodified
feat_air_heater_5__last,air_heater_5,last,<=origin,False,source_unit_unmodified
feat_air_heater_5__age_minutes,air_heater_5,age_minutes,<=origin,False,age_minutes
feat_air_heater_5__missing_now,air_heater_5,missing_now,<=origin,False,missing_now
feat_air_heater_5__mean_15m,air_heater_5,mean_15m,<=origin,False,source_unit_unmodified
feat_air_heater_5__mean_60m,air_heater_5,mean_60m,<=origin,False,source_unit_unmodified
feat_air_heater_5__mean_360m,air_heater_5,mean_360m,<=origin,False,source_unit_unmodified
feat_air_heater_5__std_60m,air_heater_5,std_60m,<=origin,False,source_unit_unmodified
feat_air_heater_5__diff_15m,air_heater_5,diff_15m,<=origin,False,source_unit_unmodified
feat_air_heater_5__coverage_60m,air_heater_5,valid_count / scheduled_count in past hour,<=origin,False,fraction
feat_into_gas_mixed_coke__observed,into_gas_mixed_coke,observed,<=origin,False,source_unit_unmodified
feat_into_gas_mixed_coke__last,into_gas_mixed_coke,last,<=origin,False,source_unit_unmodified
feat_into_gas_mixed_coke__age_minutes,into_gas_mixed_coke,age_minutes,<=origin,False,age_minutes
feat_into_gas_mixed_coke__missing_now,into_gas_mixed_coke,missing_now,<=origin,False,missing_now
feat_into_gas_mixed_coke__mean_15m,into_gas_mixed_coke,mean_15m,<=origin,False,source_unit_unmodified
feat_into_gas_mixed_coke__mean_60m,into_gas_mixed_coke,mean_60m,<=origin,False,source_unit_unmodified
feat_into_gas_mixed_coke__mean_360m,into_gas_mixed_coke,mean_360m,<=origin,False,source_unit_unmodified
feat_into_gas_mixed_coke__std_60m,into_gas_mixed_coke,std_60m,<=origin,False,source_unit_unmodified
feat_into_gas_mixed_coke__diff_15m,into_gas_mixed_coke,diff_15m,<=origin,False,source_unit_unmodified
feat_into_gas_mixed_coke__coverage_60m,into_gas_mixed_coke,valid_count / scheduled_count in past hour,<=origin,False,fraction
feat_into_gas_mixed_blast_furnace__observed,into_gas_mixed_blast_furnace,observed,<=origin,False,source_unit_unmodified
feat_into_gas_mixed_blast_furnace__last,into_gas_mixed_blast_furnace,last,<=origin,False,source_unit_unmodified
feat_into_gas_mixed_blast_furnace__age_minutes,into_gas_mixed_blast_furnace,age_minutes,<=origin,False,age_minutes
feat_into_gas_mixed_blast_furnace__missing_now,into_gas_mixed_blast_furnace,missing_now,<=origin,False,missing_now
feat_into_gas_mixed_blast_furnace__mean_15m,into_gas_mixed_blast_furnace,mean_15m,<=origin,False,source_unit_unmodified
feat_into_gas_mixed_blast_furnace__mean_60m,into_gas_mixed_blast_furnace,mean_60m,<=origin,False,source_unit_unmodified
feat_into_gas_mixed_blast_furnace__mean_360m,into_gas_mixed_blast_furnace,mean_360m,<=origin,False,source_unit_unmodified
feat_into_gas_mixed_blast_furnace__std_60m,into_gas_mixed_blast_furnace,std_60m,<=origin,False,source_unit_unmodified
feat_into_gas_mixed_blast_furnace__diff_15m,into_gas_mixed_blast_furnace,diff_15m,<=origin,False,source_unit_unmodified
feat_into_gas_mixed_blast_furnace__coverage_60m,into_gas_mixed_blast_furnace,valid_count / scheduled_count in past hour,<=origin,False,fraction
feat_into_gas_mixed_converter__observed,into_gas_mixed_converter,observed,<=origin,False,source_unit_unmodified
feat_into_gas_mixed_converter__last,into_gas_mixed_converter,last,<=origin,False,source_unit_unmodified
feat_into_gas_mixed_converter__age_minutes,into_gas_mixed_converter,age_minutes,<=origin,False,age_minutes
feat_into_gas_mixed_converter__missing_now,into_gas_mixed_converter,missing_now,<=origin,False,missing_now
feat_into_gas_mixed_converter__mean_15m,into_gas_mixed_converter,mean_15m,<=origin,False,source_unit_unmodified
feat_into_gas_mixed_converter__mean_60m,into_gas_mixed_converter,mean_60m,<=origin,False,source_unit_unmodified
feat_into_gas_mixed_converter__mean_360m,into_gas_mixed_converter,mean_360m,<=origin,False,source_unit_unmodified
feat_into_gas_mixed_converter__std_60m,into_gas_mixed_converter,std_60m,<=origin,False,source_unit_unmodified
feat_into_gas_mixed_converter__diff_15m,into_gas_mixed_converter,diff_15m,<=origin,False,source_unit_unmodified
feat_into_gas_mixed_converter__coverage_60m,into_gas_mixed_converter,valid_count / scheduled_count in past hour,<=origin,False,fraction
feat_blast_furnace_gas_holder_1__observed,blast_furnace_gas_holder_1,observed,<=origin,False,source_unit_unmodified
feat_blast_furnace_gas_holder_1__last,blast_furnace_gas_holder_1,last,<=origin,False,source_unit_unmodified
feat_blast_furnace_gas_holder_1__age_minutes,blast_furnace_gas_holder_1,age_minutes,<=origin,False,age_minutes
feat_blast_furnace_gas_holder_1__missing_now,blast_furnace_gas_holder_1,missing_now,<=origin,False,missing_now
feat_blast_furnace_gas_holder_1__mean_15m,blast_furnace_gas_holder_1,mean_15m,<=origin,False,source_unit_unmodified
feat_blast_furnace_gas_holder_1__mean_60m,blast_furnace_gas_holder_1,mean_60m,<=origin,False,source_unit_unmodified
feat_blast_furnace_gas_holder_1__mean_360m,blast_furnace_gas_holder_1,mean_360m,<=origin,False,source_unit_unmodified
feat_blast_furnace_gas_holder_1__std_60m,blast_furnace_gas_holder_1,std_60m,<=origin,False,source_unit_unmodified
feat_blast_furnace_gas_holder_1__diff_15m,blast_furnace_gas_holder_1,diff_15m,<=origin,False,source_unit_unmodified
feat_blast_furnace_gas_holder_1__coverage_60m,blast_furnace_gas_holder_1,valid_count / scheduled_count in past hour,<=origin,False,fraction
feat_blast_furnace_gas_holder_2__observed,blast_furnace_gas_holder_2,observed,<=origin,False,source_unit_unmodified
feat_blast_furnace_gas_holder_2__last,blast_furnace_gas_holder_2,last,<=origin,False,source_unit_unmodified
feat_blast_furnace_gas_holder_2__age_minutes,blast_furnace_gas_holder_2,age_minutes,<=origin,False,age_minutes
feat_blast_furnace_gas_holder_2__missing_now,blast_furnace_gas_holder_2,missing_now,<=origin,False,missing_now
feat_blast_furnace_gas_holder_2__mean_15m,blast_furnace_gas_holder_2,mean_15m,<=origin,False,source_unit_unmodified
feat_blast_furnace_gas_holder_2__mean_60m,blast_furnace_gas_holder_2,mean_60m,<=origin,False,source_unit_unmodified
feat_blast_furnace_gas_holder_2__mean_360m,blast_furnace_gas_holder_2,mean_360m,<=origin,False,source_unit_unmodified
feat_blast_furnace_gas_holder_2__std_60m,blast_furnace_gas_holder_2,std_60m,<=origin,False,source_unit_unmodified
feat_blast_furnace_gas_holder_2__diff_15m,blast_furnace_gas_holder_2,diff_15m,<=origin,False,source_unit_unmodified
feat_blast_furnace_gas_holder_2__coverage_60m,blast_furnace_gas_holder_2,valid_count / scheduled_count in past hour,<=origin,False,fraction
feat_blast_furnace_user1__observed,blast_furnace_user1,observed,<=origin,False,source_unit_unmodified
feat_blast_furnace_user1__last,blast_furnace_user1,last,<=origin,False,source_unit_unmodified
feat_blast_furnace_user1__age_minutes,blast_furnace_user1,age_minutes,<=origin,False,age_minutes
feat_blast_furnace_user1__missing_now,blast_furnace_user1,missing_now,<=origin,False,missing_now
feat_blast_furnace_user1__mean_15m,blast_furnace_user1,mean_15m,<=origin,False,source_unit_unmodified
feat_blast_furnace_user1__mean_60m,blast_furnace_user1,mean_60m,<=origin,False,source_unit_unmodified
feat_blast_furnace_user1__mean_360m,blast_furnace_user1,mean_360m,<=origin,False,source_unit_unmodified
feat_blast_furnace_user1__std_60m,blast_furnace_user1,std_60m,<=origin,False,source_unit_unmodified
feat_blast_furnace_user1__diff_15m,blast_furnace_user1,diff_15m,<=origin,False,source_unit_unmodified
feat_blast_furnace_user1__coverage_60m,blast_furnace_user1,valid_count / scheduled_count in past hour,<=origin,False,fraction
feat_blast_furnace_user2__observed,blast_furnace_user2,observed,<=origin,False,source_unit_unmodified
feat_blast_furnace_user2__last,blast_furnace_user2,last,<=origin,False,source_unit_unmodified
feat_blast_furnace_user2__age_minutes,blast_furnace_user2,age_minutes,<=origin,False,age_minutes
feat_blast_furnace_user2__missing_now,blast_furnace_user2,missing_now,<=origin,False,missing_now
feat_blast_furnace_user2__mean_15m,blast_furnace_user2,mean_15m,<=origin,False,source_unit_unmodified
feat_blast_furnace_user2__mean_60m,blast_furnace_user2,mean_60m,<=origin,False,source_unit_unmodified
feat_blast_furnace_user2__mean_360m,blast_furnace_user2,mean_360m,<=origin,False,source_unit_unmodified
feat_blast_furnace_user2__std_60m,blast_furnace_user2,std_60m,<=origin,False,source_unit_unmodified
feat_blast_furnace_user2__diff_15m,blast_furnace_user2,diff_15m,<=origin,False,source_unit_unmodified
feat_blast_furnace_user2__coverage_60m,blast_furnace_user2,valid_count / scheduled_count in past hour,<=origin,False,fraction
feat_blast_furnace_user3__observed,blast_furnace_user3,observed,<=origin,False,source_unit_unmodified
feat_blast_furnace_user3__last,blast_furnace_user3,last,<=origin,False,source_unit_unmodified
feat_blast_furnace_user3__age_minutes,blast_furnace_user3,age_minutes,<=origin,False,age_minutes
feat_blast_furnace_user3__missing_now,blast_furnace_user3,missing_now,<=origin,False,missing_now
feat_blast_furnace_user3__mean_15m,blast_furnace_user3,mean_15m,<=origin,False,source_unit_unmodified
feat_blast_furnace_user3__mean_60m,blast_furnace_user3,mean_60m,<=origin,False,source_unit_unmodified
feat_blast_furnace_user3__mean_360m,blast_furnace_user3,mean_360m,<=origin,False,source_unit_unmodified
feat_blast_furnace_user3__std_60m,blast_furnace_user3,std_60m,<=origin,False,source_unit_unmodified
feat_blast_furnace_user3__diff_15m,blast_furnace_user3,diff_15m,<=origin,False,source_unit_unmodified
feat_blast_furnace_user3__coverage_60m,blast_furnace_user3,valid_count / scheduled_count in past hour,<=origin,False,fraction
feat_blast_furnace_user4__observed,blast_furnace_user4,observed,<=origin,False,source_unit_unmodified
feat_blast_furnace_user4__last,blast_furnace_user4,last,<=origin,False,source_unit_unmodified
feat_blast_furnace_user4__age_minutes,blast_furnace_user4,age_minutes,<=origin,False,age_minutes
feat_blast_furnace_user4__missing_now,blast_furnace_user4,missing_now,<=origin,False,missing_now
feat_blast_furnace_user4__mean_15m,blast_furnace_user4,mean_15m,<=origin,False,source_unit_unmodified
feat_blast_furnace_user4__mean_60m,blast_furnace_user4,mean_60m,<=origin,False,source_unit_unmodified
feat_blast_furnace_user4__mean_360m,blast_furnace_user4,mean_360m,<=origin,False,source_unit_unmodified
feat_blast_furnace_user4__std_60m,blast_furnace_user4,std_60m,<=origin,False,source_unit_unmodified
feat_blast_furnace_user4__diff_15m,blast_furnace_user4,diff_15m,<=origin,False,source_unit_unmodified
feat_blast_furnace_user4__coverage_60m,blast_furnace_user4,valid_count / scheduled_count in past hour,<=origin,False,fraction
feat_converter_user1__observed,converter_user1,observed,<=origin,False,source_unit_unmodified
feat_converter_user1__last,converter_user1,last,<=origin,False,source_unit_unmodified
feat_converter_user1__age_minutes,converter_user1,age_minutes,<=origin,False,age_minutes
feat_converter_user1__missing_now,converter_user1,missing_now,<=origin,False,missing_now
feat_converter_user1__mean_15m,converter_user1,mean_15m,<=origin,False,source_unit_unmodified
feat_converter_user1__mean_60m,converter_user1,mean_60m,<=origin,False,source_unit_unmodified
feat_converter_user1__mean_360m,converter_user1,mean_360m,<=origin,False,source_unit_unmodified
feat_converter_user1__std_60m,converter_user1,std_60m,<=origin,False,source_unit_unmodified
feat_converter_user1__diff_15m,converter_user1,diff_15m,<=origin,False,source_unit_unmodified
feat_converter_user1__coverage_60m,converter_user1,valid_count / scheduled_count in past hour,<=origin,False,fraction
feat_converter_user2__observed,converter_user2,observed,<=origin,False,source_unit_unmodified
feat_converter_user2__last,converter_user2,last,<=origin,False,source_unit_unmodified
feat_converter_user2__age_minutes,converter_user2,age_minutes,<=origin,False,age_minutes
feat_converter_user2__missing_now,converter_user2,missing_now,<=origin,False,missing_now
feat_converter_user2__mean_15m,converter_user2,mean_15m,<=origin,False,source_unit_unmodified
feat_converter_user2__mean_60m,converter_user2,mean_60m,<=origin,False,source_unit_unmodified
feat_converter_user2__mean_360m,converter_user2,mean_360m,<=origin,False,source_unit_unmodified
feat_converter_user2__std_60m,converter_user2,std_60m,<=origin,False,source_unit_unmodified
feat_converter_user2__diff_15m,converter_user2,diff_15m,<=origin,False,source_unit_unmodified
feat_converter_user2__coverage_60m,converter_user2,valid_count / scheduled_count in past hour,<=origin,False,fraction
feat_converter_user3__observed,converter_user3,observed,<=origin,False,source_unit_unmodified
feat_converter_user3__last,converter_user3,last,<=origin,False,source_unit_unmodified
feat_converter_user3__age_minutes,converter_user3,age_minutes,<=origin,False,age_minutes
feat_converter_user3__missing_now,converter_user3,missing_now,<=origin,False,missing_now
feat_converter_user3__mean_15m,converter_user3,mean_15m,<=origin,False,source_unit_unmodified
feat_converter_user3__mean_60m,converter_user3,mean_60m,<=origin,False,source_unit_unmodified
feat_converter_user3__mean_360m,converter_user3,mean_360m,<=origin,False,source_unit_unmodified
feat_converter_user3__std_60m,converter_user3,std_60m,<=origin,False,source_unit_unmodified
feat_converter_user3__diff_15m,converter_user3,diff_15m,<=origin,False,source_unit_unmodified
feat_converter_user3__coverage_60m,converter_user3,valid_count / scheduled_count in past hour,<=origin,False,fraction
feat_generator_use_blast_furnace_gas__observed,generator_use_blast_furnace_gas,observed,<=origin,False,source_unit_unmodified
feat_generator_use_blast_furnace_gas__last,generator_use_blast_furnace_gas,last,<=origin,False,source_unit_unmodified
feat_generator_use_blast_furnace_gas__age_minutes,generator_use_blast_furnace_gas,age_minutes,<=origin,False,age_minutes
feat_generator_use_blast_furnace_gas__missing_now,generator_use_blast_furnace_gas,missing_now,<=origin,False,missing_now
feat_generator_use_blast_furnace_gas__mean_15m,generator_use_blast_furnace_gas,mean_15m,<=origin,False,source_unit_unmodified
feat_generator_use_blast_furnace_gas__mean_60m,generator_use_blast_furnace_gas,mean_60m,<=origin,False,source_unit_unmodified
feat_generator_use_blast_furnace_gas__mean_360m,generator_use_blast_furnace_gas,mean_360m,<=origin,False,source_unit_unmodified
feat_generator_use_blast_furnace_gas__std_60m,generator_use_blast_furnace_gas,std_60m,<=origin,False,source_unit_unmodified
feat_generator_use_blast_furnace_gas__diff_15m,generator_use_blast_furnace_gas,diff_15m,<=origin,False,source_unit_unmodified
feat_generator_use_blast_furnace_gas__coverage_60m,generator_use_blast_furnace_gas,valid_count / scheduled_count in past hour,<=origin,False,fraction
feat_generator_use_coke_gas__observed,generator_use_coke_gas,observed,<=origin,False,source_unit_unmodified
feat_generator_use_coke_gas__last,generator_use_coke_gas,last,<=origin,False,source_unit_unmodified
feat_generator_use_coke_gas__age_minutes,generator_use_coke_gas,age_minutes,<=origin,False,age_minutes
feat_generator_use_coke_gas__missing_now,generator_use_coke_gas,missing_now,<=origin,False,missing_now
feat_generator_use_coke_gas__mean_15m,generator_use_coke_gas,mean_15m,<=origin,False,source_unit_unmodified
feat_generator_use_coke_gas__mean_60m,generator_use_coke_gas,mean_60m,<=origin,False,source_unit_unmodified
feat_generator_use_coke_gas__mean_360m,generator_use_coke_gas,mean_360m,<=origin,False,source_unit_unmodified
feat_generator_use_coke_gas__std_60m,generator_use_coke_gas,std_60m,<=origin,False,source_unit_unmodified
feat_generator_use_coke_gas__diff_15m,generator_use_coke_gas,diff_15m,<=origin,False,source_unit_unmodified
feat_generator_use_coke_gas__coverage_60m,generator_use_coke_gas,valid_count / scheduled_count in past hour,<=origin,False,fraction
feat_generator_use_converter_gas__observed,generator_use_converter_gas,observed,<=origin,False,source_unit_unmodified
feat_generator_use_converter_gas__last,generator_use_converter_gas,last,<=origin,False,source_unit_unmodified
feat_generator_use_converter_gas__age_minutes,generator_use_converter_gas,age_minutes,<=origin,False,age_minutes
feat_generator_use_converter_gas__missing_now,generator_use_converter_gas,missing_now,<=origin,False,missing_now
feat_generator_use_converter_gas__mean_15m,generator_use_converter_gas,mean_15m,<=origin,False,source_unit_unmodified
feat_generator_use_converter_gas__mean_60m,generator_use_converter_gas,mean_60m,<=origin,False,source_unit_unmodified
feat_generator_use_converter_gas__mean_360m,generator_use_converter_gas,mean_360m,<=origin,False,source_unit_unmodified
feat_generator_use_converter_gas__std_60m,generator_use_converter_gas,std_60m,<=origin,False,source_unit_unmodified
feat_generator_use_converter_gas__diff_15m,generator_use_converter_gas,diff_15m,<=origin,False,source_unit_unmodified
feat_generator_use_converter_gas__coverage_60m,generator_use_converter_gas,valid_count / scheduled_count in past hour,<=origin,False,fraction
feat_day_sin,deterministic_calendar_or_source_schedule,feat_day_sin,known_before_origin,False,specified
feat_day_cos,deterministic_calendar_or_source_schedule,feat_day_cos,known_before_origin,False,specified
feat_week_sin,deterministic_calendar_or_source_schedule,feat_week_sin,known_before_origin,False,specified
feat_week_cos,deterministic_calendar_or_source_schedule,feat_week_cos,known_before_origin,False,specified
feat_price,deterministic_calendar_or_source_schedule,feat_price,known_before_origin,False,specified
feat_native_cadence_minutes,deterministic_calendar_or_source_schedule,feat_native_cadence_minutes,known_before_origin,False,specified
