model,target,forecast_session,samples,mape
base_features,generator_1,night_00_06,8604,0.06032483914199703
base_features,generator_1,morning_06_09,4320,0.08414043442824581
base_features,generator_1,day_09_17,11514,0.062351721364141036
base_features,generator_1,evening_17_22,7134,0.05982093571281591
base_features,generator_1,late_22_24,2852,0.06375096610379855
base_features,generator_all,night_00_06,8604,0.04671953079572184
base_features,generator_all,morning_06_09,4320,0.0681341214585427
base_features,generator_all,day_09_17,11514,0.04418070836889377
base_features,generator_all,evening_17_22,7134,0.04448096537928167
base_features,generator_all,late_22_24,2852,0.04171837529894814
time_augmented,generator_1,night_00_06,8604,0.06028472902474938
time_augmented,generator_1,morning_06_09,4320,0.08410390966947742
time_augmented,generator_1,day_09_17,11514,0.06234152802768222
time_augmented,generator_1,evening_17_22,7134,0.05984337031612352
time_augmented,generator_1,late_22_24,2852,0.06378156513865668
time_augmented,generator_all,night_00_06,8604,0.04699016907864435
time_augmented,generator_all,morning_06_09,4320,0.06766942536846202
time_augmented,generator_all,day_09_17,11514,0.04455248801299992
time_augmented,generator_all,evening_17_22,7134,0.044504268963487956
time_augmented,generator_all,late_22_24,2852,0.04176715532053665
