index,hour,session,mean,std,median,target
0,0,night_00_06,53.21418841787942,30.4381630013944,35.303684,generator_1
1,1,night_00_06,53.017498070833334,30.193435863136084,35.43712,generator_1
2,2,night_00_06,53.25187542916667,29.99688825087877,36.148987,generator_1
3,3,night_00_06,53.715935691666665,29.951047107435635,37.052451000000005,generator_1
4,4,night_00_06,53.98749811458333,30.361185574335668,36.6712225,generator_1
5,5,night_00_06,53.82426564166667,30.411579454103425,37.464712000000006,generator_1
6,6,morning_06_09,54.63902303333334,31.1158132140497,39.0590895,generator_1
7,7,morning_06_09,55.69094471458333,31.71252863258885,39.477892,generator_1
8,8,morning_06_09,56.68079235208334,31.965360793459475,39.784102,generator_1
9,9,day_09_17,57.37147614375,33.02059189155668,41.196268,generator_1
10,10,day_09_17,56.905233322916665,31.96598293432518,42.100879000000006,generator_1
11,11,day_09_17,55.99411750625,31.993366408306564,40.347972999999996,generator_1
12,12,day_09_17,55.18652337916667,31.229415495510903,38.948271000000005,generator_1
13,13,day_09_17,55.11404976666667,31.53442108158979,38.9258935,generator_1
14,14,day_09_17,55.24632286041666,31.076595888506912,39.354597,generator_1
15,15,day_09_17,55.76071286458333,31.69662632627729,39.982681,generator_1
16,16,day_09_17,56.32875591875,31.837621852261336,41.2796165,generator_1
17,17,evening_17_22,57.60480508958334,32.687912399068985,42.218422000000004,generator_1
18,18,evening_17_22,56.9857589497908,32.15486191527264,41.434436000000005,generator_1
19,19,evening_17_22,56.84254857083333,32.34682283773765,40.970439999999996,generator_1
20,20,evening_17_22,56.18552945625,31.96063981308491,40.807204999999996,generator_1
21,21,evening_17_22,55.575856058333336,31.98842944612402,38.814276,generator_1
22,22,late_22_24,54.47233651041667,31.46373155998095,36.1216465,generator_1
23,23,late_22_24,53.67856212291667,30.748372303243876,35.640615499999996,generator_1
0,0,night_00_06,224.1661563201663,49.41137787280235,220.28049,generator_all
1,1,night_00_06,221.55939129166666,49.939391118463504,216.51675999999998,generator_all
2,2,night_00_06,221.82604314583332,52.93025740997735,215.855815,generator_all
3,3,night_00_06,223.34305608333335,51.069349536777544,216.22069,generator_all
4,4,night_00_06,225.96898364583333,48.87182473691128,221.42392,generator_all
5,5,night_00_06,225.57481272916667,49.821374796818084,223.13157999999999,generator_all
6,6,morning_06_09,225.77633577083333,52.54939475600766,227.30572,generator_all
7,7,morning_06_09,231.7330312020833,54.97465130761544,232.14803,generator_all
8,8,morning_06_09,242.46669128958334,54.13306482236048,244.654505,generator_all
9,9,day_09_17,244.0292686125,55.25628475501758,247.678805,generator_all
10,10,day_09_17,238.75039393958335,53.82927897853099,237.72523999999999,generator_all
11,11,day_09_17,231.02470382291668,53.309742956165046,225.73799,generator_all
12,12,day_09_17,227.52196868541665,52.25618351602625,220.876145,generator_all
13,13,day_09_17,227.81027342708333,53.598169633012915,221.623355,generator_all
14,14,day_09_17,230.1847725833333,54.25960706435117,229.615735,generator_all
15,15,day_09_17,231.95863596875,53.690882365928424,230.98182500000001,generator_all
16,16,day_09_17,230.25205321875,52.52841057892138,227.007655,generator_all
17,17,evening_17_22,237.51038838333335,55.432034412605745,239.31856,generator_all
18,18,evening_17_22,240.6909872175732,54.56287161127095,240.474525,generator_all
19,19,evening_17_22,239.74487458333334,53.61735374976826,238.777305,generator_all
20,20,evening_17_22,236.74999033333333,52.741191490405626,232.39193,generator_all
21,21,evening_17_22,235.13245377083334,51.76578385328489,228.526885,generator_all
22,22,late_22_24,233.17893313541666,51.67257413841578,228.07420000000002,generator_all
23,23,late_22_24,230.18895027083332,50.99340062500941,227.72561000000002,generator_all
