source,column,category,method,count,raw_missing_count,max_missing_run_steps,max_missing_run_minutes,source_row_missing_count,structural_missing,scoring_missing_count,scoring_max_missing_run_steps,scoring_max_missing_run_minutes
gas,blast_furnace_3,flow,structural_missing_not_filled,11712,11712,11712,175665,0,True,192,192,2880
gas,air_heater_3,flow,structural_missing_not_filled,11712,11712,11712,175665,0,True,192,192,2880
holder,blast_furnace_gas_holder_1,holder,structural_missing_not_filled,11712,11712,11712,175665,0,True,192,192,2880
user,converter_user3,flow,structural_missing_not_filled,11712,11712,11712,175665,0,True,192,192,2880
gas,blast_furnace_1,flow,observed,11706,6,3,45,2,False,0,0,0
gas,blast_furnace_1,flow,causal_ffill,5,6,3,45,2,False,0,0,0
gas,blast_furnace_1,flow,past_seasonal_median,1,6,3,45,2,False,0,0,0
gas,blast_furnace_2,flow,observed,11710,2,2,30,2,False,0,0,0
gas,blast_furnace_2,flow,causal_ffill,2,2,2,30,2,False,0,0,0
gas,blast_furnace_4,flow,observed,11710,2,2,30,2,False,0,0,0
gas,blast_furnace_4,flow,causal_ffill,2,2,2,30,2,False,0,0,0
gas,blast_furnace_5,flow,observed,11706,6,3,45,2,False,0,0,0
gas,blast_furnace_5,flow,causal_ffill,5,6,3,45,2,False,0,0,0
gas,blast_furnace_5,flow,past_seasonal_median,1,6,3,45,2,False,0,0,0
gas,coke_oven_1,flow,observed,11710,2,2,30,2,False,0,0,0
gas,coke_oven_1,flow,causal_ffill,2,2,2,30,2,False,0,0,0
gas,converter_1,flow,observed,11706,6,3,45,2,False,0,0,0
gas,converter_1,flow,causal_ffill,5,6,3,45,2,False,0,0,0
gas,converter_1,flow,past_seasonal_median,1,6,3,45,2,False,0,0,0
gas,air_heater_1,flow,observed,11710,2,2,30,2,False,0,0,0
gas,air_heater_1,flow,causal_ffill,2,2,2,30,2,False,0,0,0
gas,air_heater_2,flow,observed,11710,2,2,30,2,False,0,0,0
gas,air_heater_2,flow,causal_ffill,2,2,2,30,2,False,0,0,0
gas,air_heater_4,flow,observed,11710,2,2,30,2,False,0,0,0
gas,air_heater_4,flow,causal_ffill,2,2,2,30,2,False,0,0,0
gas,air_heater_5,flow,observed,11706,6,3,45,2,False,0,0,0
gas,air_heater_5,flow,causal_ffill,5,6,3,45,2,False,0,0,0
gas,air_heater_5,flow,past_seasonal_median,1,6,3,45,2,False,0,0,0
gas,into_gas_mixed_coke,flow,observed,11710,2,2,30,2,False,0,0,0
gas,into_gas_mixed_coke,flow,causal_ffill,2,2,2,30,2,False,0,0,0
gas,into_gas_mixed_blast_furnace,flow,observed,11710,2,2,30,2,False,0,0,0
gas,into_gas_mixed_blast_furnace,flow,causal_ffill,2,2,2,30,2,False,0,0,0
gas,into_gas_mixed_converter,flow,observed,11710,2,2,30,2,False,0,0,0
gas,into_gas_mixed_converter,flow,causal_ffill,2,2,2,30,2,False,0,0,0
holder,blast_furnace_gas_holder_2,holder,observed,11710,2,2,30,2,False,0,0,0
holder,blast_furnace_gas_holder_2,holder,causal_ffill,2,2,2,30,2,False,0,0,0
user,blast_furnace_user1,flow,observed,11708,4,2,30,3,False,0,0,0
user,blast_furnace_user1,flow,causal_ffill,4,4,2,30,3,False,0,0,0
user,blast_furnace_user2,flow,observed,11704,8,3,45,3,False,0,0,0
user,blast_furnace_user2,flow,causal_ffill,7,8,3,45,3,False,0,0,0
user,blast_furnace_user2,flow,past_seasonal_median,1,8,3,45,3,False,0,0,0
user,blast_furnace_user3,flow,observed,11705,7,3,45,3,False,0,0,0
user,blast_furnace_user3,flow,causal_ffill,6,7,3,45,3,False,0,0,0
user,blast_furnace_user3,flow,past_seasonal_median,1,7,3,45,3,False,0,0,0
user,blast_furnace_user4,flow,observed,11704,8,3,45,3,False,0,0,0
user,blast_furnace_user4,flow,causal_ffill,7,8,3,45,3,False,0,0,0
user,blast_furnace_user4,flow,past_seasonal_median,1,8,3,45,3,False,0,0,0
user,converter_user1,flow,observed,11708,4,2,30,3,False,0,0,0
user,converter_user1,flow,causal_ffill,4,4,2,30,3,False,0,0,0
user,converter_user2,flow,observed,11704,8,3,45,3,False,0,0,0
user,converter_user2,flow,causal_ffill,7,8,3,45,3,False,0,0,0
user,converter_user2,flow,past_seasonal_median,1,8,3,45,3,False,0,0,0
load,generator_all,load,observed,11709,3,2,30,2,False,1,1,15
load,generator_all,load,causal_ffill,3,3,2,30,2,False,1,1,15
load,generator_1,load,observed,11708,4,2,30,2,False,2,1,15
load,generator_1,load,causal_ffill,4,4,2,30,2,False,2,1,15
load,generator_use_blast_furnace_gas,flow,observed,11710,2,2,30,2,False,0,0,0
load,generator_use_blast_furnace_gas,flow,causal_ffill,2,2,2,30,2,False,0,0,0
load,generator_use_coke_gas,flow,observed,11706,6,3,45,2,False,0,0,0
load,generator_use_coke_gas,flow,causal_ffill,5,6,3,45,2,False,0,0,0
load,generator_use_coke_gas,flow,past_seasonal_median,1,6,3,45,2,False,0,0,0
load,generator_use_converter_gas,flow,observed,11710,2,2,30,2,False,0,0,0
load,generator_use_converter_gas,flow,causal_ffill,2,2,2,30,2,False,0,0,0
