config,fold,target,horizon_step,persistence_mape,model_mape
d4_wide,fold_1,generator_1,1,0.03156390893665046,0.030771182752620765
d4_wide,fold_1,generator_1,2,0.043275977089045244,0.043068051084863807
d4_wide,fold_1,generator_1,3,0.05293743294860251,0.05367297197219678
d4_wide,fold_1,generator_1,4,0.06344591717508666,0.06445202510248738
d4_wide,fold_1,generator_1,5,0.0721605821587182,0.07356975047190453
d4_wide,fold_1,generator_1,6,0.08152056715428455,0.08239196742965957
d4_wide,fold_1,generator_1,7,0.08908944227053858,0.09017392082741651
d4_wide,fold_1,generator_1,8,0.09574508887537954,0.09638483237628898
d4_wide,fold_1,generator_all,1,0.02186762973227245,0.020380983326393383
d4_wide,fold_1,generator_all,2,0.03446066454027024,0.03183354457633492
d4_wide,fold_1,generator_all,3,0.04592172014637651,0.04268444326378083
d4_wide,fold_1,generator_all,4,0.057118041670146336,0.053842508701575524
d4_wide,fold_1,generator_all,5,0.06733841739409391,0.06363464626038214
d4_wide,fold_1,generator_all,6,0.07712961611914662,0.07402777619882345
d4_wide,fold_1,generator_all,7,0.08517687724684049,0.08139749193037595
d4_wide,fold_1,generator_all,8,0.0925461453967379,0.08790690454883031
d4_wide,fold_2,generator_1,1,0.03436640939242628,0.033098061095226464
d4_wide,fold_2,generator_1,2,0.049056689557536365,0.04724398811734562
d4_wide,fold_2,generator_1,3,0.05889929693466068,0.057191996276217814
d4_wide,fold_2,generator_1,4,0.06910600725120387,0.06697239235229267
d4_wide,fold_2,generator_1,5,0.07843227949386493,0.07583405156639314
d4_wide,fold_2,generator_1,6,0.08647526720993637,0.0834457337923495
d4_wide,fold_2,generator_1,7,0.09424041642979794,0.09094315828785322
d4_wide,fold_2,generator_1,8,0.10060849756102876,0.09660707949695978
d4_wide,fold_2,generator_all,1,0.01817706140155703,0.016233853343838825
d4_wide,fold_2,generator_all,2,0.030040556456426174,0.026827937923987664
d4_wide,fold_2,generator_all,3,0.04009056713071729,0.03580416083553843
d4_wide,fold_2,generator_all,4,0.04936646076556394,0.04442257979423422
d4_wide,fold_2,generator_all,5,0.05768168393165481,0.052123889901657665
d4_wide,fold_2,generator_all,6,0.06492988282777731,0.05889546752128157
d4_wide,fold_2,generator_all,7,0.07053549437757464,0.06472311462091948
d4_wide,fold_2,generator_all,8,0.07541573837165721,0.07075158156825985
d4_wide,fold_3,generator_1,1,0.027609963914310528,0.026744703711064688
d4_wide,fold_3,generator_1,2,0.03794446481115239,0.036693486589387536
d4_wide,fold_3,generator_1,3,0.045877063024577884,0.04396879932653614
d4_wide,fold_3,generator_1,4,0.05555125655592958,0.05248711479724563
d4_wide,fold_3,generator_1,5,0.06245893561967351,0.05838208973466396
d4_wide,fold_3,generator_1,6,0.06867434733864484,0.06416676986227247
d4_wide,fold_3,generator_1,7,0.07389960481143418,0.06879631496348247
d4_wide,fold_3,generator_1,8,0.07755812847138344,0.07161229152438836
d4_wide,fold_3,generator_all,1,0.01657808554632253,0.015404704045199447
d4_wide,fold_3,generator_all,2,0.02584983562798502,0.0235044972366209
d4_wide,fold_3,generator_all,3,0.03452293918030855,0.0309368899735611
d4_wide,fold_3,generator_all,4,0.04247617973037207,0.038298764771340754
d4_wide,fold_3,generator_all,5,0.04925710549593384,0.04416024573610177
d4_wide,fold_3,generator_all,6,0.055284032300015856,0.04949200512630739
d4_wide,fold_3,generator_all,7,0.060042963118814865,0.05434587158595118
d4_wide,fold_3,generator_all,8,0.06411589054546961,0.05784892575746703
d6_regularized,fold_1,generator_1,1,0.03156390893665046,0.030802817904323865
d6_regularized,fold_1,generator_1,2,0.043275977089045244,0.04280002123233071
d6_regularized,fold_1,generator_1,3,0.05293743294860251,0.05335719860955539
d6_regularized,fold_1,generator_1,4,0.06344591717508666,0.06393550602400093
d6_regularized,fold_1,generator_1,5,0.0721605821587182,0.07272293790462807
d6_regularized,fold_1,generator_1,6,0.08152056715428455,0.08222745352431828
d6_regularized,fold_1,generator_1,7,0.08908944227053858,0.09071762363300583
d6_regularized,fold_1,generator_1,8,0.09574508887537954,0.09750997411788587
d6_regularized,fold_1,generator_all,1,0.02186762973227245,0.020379322615897415
d6_regularized,fold_1,generator_all,2,0.03446066454027024,0.03175258686536482
d6_regularized,fold_1,generator_all,3,0.04592172014637651,0.04268413956051452
d6_regularized,fold_1,generator_all,4,0.057118041670146336,0.05348833674948317
d6_regularized,fold_1,generator_all,5,0.06733841739409391,0.06415618418944363
d6_regularized,fold_1,generator_all,6,0.07712961611914662,0.07278158524503156
d6_regularized,fold_1,generator_all,7,0.08517687724684049,0.08035901029470534
d6_regularized,fold_1,generator_all,8,0.0925461453967379,0.08729836379920272
d6_regularized,fold_2,generator_1,1,0.03436640939242628,0.03309424956372012
d6_regularized,fold_2,generator_1,2,0.049056689557536365,0.047239001769023195
d6_regularized,fold_2,generator_1,3,0.05889929693466068,0.057038932725950356
d6_regularized,fold_2,generator_1,4,0.06910600725120387,0.06680655090351412
d6_regularized,fold_2,generator_1,5,0.07843227949386493,0.07544026554864292
d6_regularized,fold_2,generator_1,6,0.08647526720993637,0.08267466298443528
d6_regularized,fold_2,generator_1,7,0.09424041642979794,0.08961877709648215
d6_regularized,fold_2,generator_1,8,0.10060849756102876,0.09537973853015615
d6_regularized,fold_2,generator_all,1,0.01817706140155703,0.016139700482422453
d6_regularized,fold_2,generator_all,2,0.030040556456426174,0.026830123900121787
d6_regularized,fold_2,generator_all,3,0.04009056713071729,0.03578070154565601
d6_regularized,fold_2,generator_all,4,0.04936646076556394,0.04424338480444774
d6_regularized,fold_2,generator_all,5,0.05768168393165481,0.05197695912951271
d6_regularized,fold_2,generator_all,6,0.06492988282777731,0.059169023272804024
d6_regularized,fold_2,generator_all,7,0.07053549437757464,0.06429905167211485
d6_regularized,fold_2,generator_all,8,0.07541573837165721,0.06995684343056652
d6_regularized,fold_3,generator_1,1,0.027609963914310528,0.026903063405040385
d6_regularized,fold_3,generator_1,2,0.03794446481115239,0.03682232733485224
d6_regularized,fold_3,generator_1,3,0.045877063024577884,0.04387319610881509
d6_regularized,fold_3,generator_1,4,0.05555125655592958,0.052462395518141414
d6_regularized,fold_3,generator_1,5,0.06245893561967351,0.058041784747357245
d6_regularized,fold_3,generator_1,6,0.06867434733864484,0.06385927166069028
d6_regularized,fold_3,generator_1,7,0.07389960481143418,0.06802211911136709
d6_regularized,fold_3,generator_1,8,0.07755812847138344,0.07115309823836374
d6_regularized,fold_3,generator_all,1,0.01657808554632253,0.015419578844538057
d6_regularized,fold_3,generator_all,2,0.02584983562798502,0.023551122158409
d6_regularized,fold_3,generator_all,3,0.03452293918030855,0.031156997144762763
d6_regularized,fold_3,generator_all,4,0.04247617973037207,0.0384674278220057
d6_regularized,fold_3,generator_all,5,0.04925710549593384,0.04398918091772676
d6_regularized,fold_3,generator_all,6,0.055284032300015856,0.04956715461708634
d6_regularized,fold_3,generator_all,7,0.060042963118814865,0.05426076526020375
d6_regularized,fold_3,generator_all,8,0.06411589054546961,0.05776602097107327
