fold,epoch,train_loss,learning_rate
fold_1,1,0.08247434184026947,0.0007982665016019909
fold_1,2,0.057026346203651324,0.0007930827009451629
fold_1,3,0.05358523644064441,0.0007844985208635951
fold_1,4,0.05084231629202301,0.0007725966317040632
fold_1,5,0.04834583364008518,0.0007574916551654077
fold_1,6,0.04664348337924882,0.0007393290604289163
fold_1,7,0.0449265863740425,0.0007182837632105852
fold_1,8,0.04375922688870522,0.000694558441227157
fold_1,9,0.042111344115261476,0.0006683815822989122
fold_1,10,0.04102287428336963,0.0006400052838870567
fold_1,11,0.03991686214317671,0.0006097028252573591
fold_1,12,0.0389233355262402,0.0005777660356514323
fold_1,13,0.037887014771541085,0.0005445024838116064
fold_1,14,0.03679627406726297,0.0005102325159258063
fold_1,15,0.035916926647218045,0.00047528617051864196
fold_1,16,0.035134250139683056,0.00044
fold_1,17,0.03423725584010634,0.0004047138294813582
fold_1,18,0.03368162492329006,0.0003697674840741939
fold_1,19,0.03294973736733533,0.00033549751618839365
fold_1,20,0.03230620853088641,0.00030223396434856775
fold_1,21,0.031470856753388725,0.0002702971747426409
fold_1,22,0.031227806726557294,0.00023999471611294335
fold_1,23,0.031116082959391334,0.00021161841770108775
fold_1,24,0.030532809515538988,0.000185441558772843
fold_1,25,0.030260352438755248,0.00016171623678941474
fold_1,26,0.030010977673253125,0.00014067093957108372
fold_1,27,0.029583790406800006,0.00012250834483459226
fold_1,28,0.029428059277072382,0.0001074033682959368
fold_1,29,0.029261679479771593,9.550147913640485e-05
fold_1,30,0.02916921229127131,8.691729905483705e-05
fold_1,31,0.02889783661603258,8.173349839800915e-05
fold_1,32,0.028866150453806305,8e-05
fold_2,1,0.07190318145419484,0.0007982665016019909
fold_2,2,0.054037844423373144,0.0007930827009451629
fold_2,3,0.0511217365350256,0.0007844985208635951
fold_2,4,0.048150163357281804,0.0007725966317040632
fold_2,5,0.045942577524999875,0.0007574916551654077
fold_2,6,0.04444568634182963,0.0007393290604289163
fold_2,7,0.04299575687203575,0.0007182837632105852
fold_2,8,0.0420310499268261,0.000694558441227157
fold_2,9,0.041472504156917785,0.0006683815822989122
fold_2,10,0.040206361305548916,0.0006400052838870567
fold_2,11,0.03914181650733229,0.0006097028252573591
fold_2,12,0.03825403545519814,0.0005777660356514323
fold_2,13,0.03735719201103527,0.0005445024838116064
fold_2,14,0.03676035961314062,0.0005102325159258063
fold_2,15,0.03644024278949853,0.00047528617051864196
fold_2,16,0.035098479111589975,0.00044
fold_2,17,0.034531454577218346,0.0004047138294813582
fold_2,18,0.03396765764184933,0.0003697674840741939
fold_2,19,0.03342783458755543,0.00033549751618839365
fold_2,20,0.03272182257031676,0.00030223396434856775
fold_2,21,0.032098687475725036,0.0002702971747426409
fold_2,22,0.031587356061267495,0.00023999471611294335
fold_2,23,0.031114401346325274,0.00021161841770108775
fold_2,24,0.030770272986223948,0.000185441558772843
fold_2,25,0.03045174841155958,0.00016171623678941474
fold_2,26,0.030231827774539064,0.00014067093957108372
fold_2,27,0.030064115811831986,0.00012250834483459226
fold_2,28,0.02966790784843004,0.0001074033682959368
fold_2,29,0.029530414777934253,9.550147913640485e-05
fold_2,30,0.029338742463133442,8.691729905483705e-05
fold_2,31,0.02907412374888233,8.173349839800915e-05
fold_2,32,0.029007212370259678,8e-05
fold_3,1,0.07332591232467205,0.0007982665016019909
fold_3,2,0.0535822464652518,0.0007930827009451629
fold_3,3,0.05062848917347319,0.0007844985208635951
fold_3,4,0.04753164728588246,0.0007725966317040632
fold_3,5,0.04553248263419943,0.0007574916551654077
fold_3,6,0.04405438417132865,0.0007393290604289163
fold_3,7,0.042580037915960274,0.0007182837632105852
fold_3,8,0.04149829964054392,0.000694558441227157
fold_3,9,0.04044828166035896,0.0006683815822989122
fold_3,10,0.039208383927954005,0.0006400052838870567
fold_3,11,0.03860679475868002,0.0006097028252573591
fold_3,12,0.03755293739285875,0.0005777660356514323
fold_3,13,0.03642127572856051,0.0005445024838116064
fold_3,14,0.03574091673214385,0.0005102325159258063
fold_3,15,0.034958017661850506,0.00047528617051864196
fold_3,16,0.034139479636511906,0.00044
fold_3,17,0.03342720477504933,0.0004047138294813582
fold_3,18,0.032529064087157555,0.0003697674840741939
fold_3,19,0.03193893940366329,0.00033549751618839365
fold_3,20,0.03159218746613949,0.00030223396434856775
fold_3,21,0.031020311614934435,0.0002702971747426409
fold_3,22,0.03074738878994546,0.00023999471611294335
fold_3,23,0.030178877609841368,0.00021161841770108775
fold_3,24,0.029707490892169324,0.000185441558772843
fold_3,25,0.029272139024861317,0.00016171623678941474
fold_3,26,0.029164545605791375,0.00014067093957108372
fold_3,27,0.028918222017744754,0.00012250834483459226
fold_3,28,0.028760249109027233,0.0001074033682959368
fold_3,29,0.028396352710241966,9.550147913640485e-05
fold_3,30,0.028346738785188248,8.691729905483705e-05
fold_3,31,0.028084788544380918,8.173349839800915e-05
fold_3,32,0.028074018316383058,8e-05
