group,feature_count,importance_sum,importance_mean,importance_max
rolling,160,0.22680071197100915,0.0014175044498188072,0.006947504356503487
lag,209,0.22614235965011176,0.0010820208595699128,0.01068312581628561
smooth,90,0.1631036132312147,0.0018122623692357189,0.026991872116923332
base,134,0.12295601807315926,0.0009175822244265617,0.017413629218935966
transition,117,0.12021722406643676,0.0010274976415934765,0.006195887923240662
difference,57,0.07109347300138324,0.0012472539123049692,0.018431460484862328
clean_view,25,0.02228503010701388,0.0008914012042805553,0.003929715603590012
state,52,0.02140327917952233,0.0004116015226831217,0.0029567675665020943
mechanism_ratio,9,0.017469436847022735,0.0019410485385580817,0.0058599510230124
change_state,12,0.006538442302643777,0.0005448701918869814,0.0012871830258518457
quality,4,0.001990433745959308,0.000497608436489827,0.0019311949145048857
