split,file,column,dtype_read,is_datetime,is_numeric,rows,missing_count,missing_rate,unique_count,zero_count,negative_count,inf_count,min,q01,q25,median,q75,q99,max
train,Pre_gas.csv,datetime,object,True,False,11519,0,0.0,11519,,,,,,,,,,
train,Pre_gas.csv,blast_furnace_1,float64,False,True,11519,4,0.00034725236565674104,11487,0.0,0.0,0.0,12382.249,37546.35256,362952.295,381702.56,398007.705,426869.7884,493375.16
train,Pre_gas.csv,blast_furnace_2,float64,False,True,11519,0,0.0,11491,0.0,0.0,0.0,33402.09,42438.875199999995,447297.85,474180.5,496981.345,609944.6087999998,721529.3
train,Pre_gas.csv,blast_furnace_3,float64,False,False,11519,11519,1.0,0,,,,,,,,,,
train,Pre_gas.csv,blast_furnace_4,float64,False,True,11519,0,0.0,11424,42.0,0.0,0.0,0.0,0.07473835620000004,401164.88,414390.66,421007.375,434372.46,444051.28
train,Pre_gas.csv,blast_furnace_5,float64,False,True,11519,4,0.00034725236565674104,10992,278.0,0.0,0.0,0.0,0.0,399984.68,404207.75,408277.03,419803.21160000004,435651.06
train,Pre_gas.csv,coke_oven_1,float64,False,True,11519,0,0.0,11474,2.0,0.0,0.0,0.0,48813.90876,68446.8175,71337.2,73952.2575,79695.14868,86263.04
train,Pre_gas.csv,converter_1,float64,False,True,11519,4,0.00034725236565674104,11506,0.0,0.0,0.0,2.3135958,6.899904574,11.469045000000001,13.130425,14.701577499999999,19.41525618,20.866596
train,Pre_gas.csv,air_heater_1,float64,False,True,11519,0,0.0,11467,41.0,0.0,0.0,0.0,12924.98752,94055.18,114265.305,125267.08,141792.43219999998,152013.89
train,Pre_gas.csv,air_heater_2,float64,False,True,11519,0,0.0,11287,188.0,0.0,0.0,0.0,0.0,137194.925,160258.34,171880.775,261937.2481999999,337274.94
train,Pre_gas.csv,air_heater_3,float64,False,False,11519,11519,1.0,0,,,,,,,,,,
train,Pre_gas.csv,air_heater_4,float64,False,True,11519,0,0.0,11186,325.0,0.0,0.0,0.0,0.0,74428.57,92970.09,126826.25,155560.9276,170451.8
train,Pre_gas.csv,air_heater_5,float64,False,True,11519,4,0.00034725236565674104,8110,3399.0,0.0,0.0,0.0,0.0,0.0,100460.836,126014.868,142670.413,151190.36
train,Pre_gas.csv,into_gas_mixed_coke,float64,False,True,11519,0,0.0,11511,0.0,0.0,0.0,15215.799,26815.1577,37660.5645,42198.305,46624.1425,56838.43752,68355.93
train,Pre_gas.csv,into_gas_mixed_blast_furnace,float64,False,True,11519,0,0.0,4762,6461.0,0.0,0.0,0.0,0.0,0.0,0.0,14371.976999999999,45421.726999999984,73682.25
train,Pre_gas.csv,into_gas_mixed_converter,float64,False,True,11519,0,0.0,6564,202.0,0.0,0.0,0.0,0.0,50905.7615,63754.883,72934.57,92036.62112,109311.53
train,Pre_gas_holder.csv,datetime,object,True,False,11519,0,0.0,11519,,,,,,,,,,
train,Pre_gas_holder.csv,blast_furnace_gas_holder_1,float64,False,False,11519,11519,1.0,0,,,,,,,,,,
train,Pre_gas_holder.csv,blast_furnace_gas_holder_2,float64,False,True,11519,0,0.0,1752,0.0,0.0,0.0,26648.951,31658.154,67490.63500000001,106595.805,141192.69,172717.27,178995.47
train,Pre_gas_user.csv,datetime,object,True,False,11518,0,0.0,11518,,,,,,,,,,
train,Pre_gas_user.csv,blast_furnace_user1,float64,False,True,11518,1,8.682062858135092e-05,11503,3.0,0.0,0.0,0.0,19961.486800000002,35733.234,43310.586,51067.586,70478.2392,90968.5
train,Pre_gas_user.csv,blast_furnace_user2,float64,False,True,11518,5,0.00043410314290675465,8454,3056.0,0.0,0.0,0.0,0.0,0.0,10048.213,20453.682,42113.61755999999,92986.64
train,Pre_gas_user.csv,blast_furnace_user3,float64,False,True,11518,4,0.0003472825143254037,7523,3855.0,0.0,0.0,0.0,0.0,0.0,12282.3095,28171.130250000002,58949.905880000035,117095.5
train,Pre_gas_user.csv,blast_furnace_user4,float64,False,True,11518,5,0.00043410314290675465,9008,2168.0,0.0,0.0,0.0,0.0,7468.8003,19131.21,28152.145,45211.114799999945,49825.32
train,Pre_gas_user.csv,converter_user1,float64,False,True,11518,1,8.682062858135092e-05,97,11421.0,0.0,0.0,0.0,0.0,0.0,0.0,0.0,0.0,9411.716
train,Pre_gas_user.csv,converter_user2,float64,False,True,11518,5,0.00043410314290675465,8735,2769.0,0.0,0.0,0.0,0.0,2844.823,6688.506,10512.658,19257.628799999984,24976.037
train,Pre_gas_user.csv,converter_user3,float64,False,False,11518,11518,1.0,0,,,,,,,,,,
train,Pre_load.csv,datetime,object,True,False,11519,0,0.0,11519,,,,,,,,,,
train,Pre_load.csv,generator_all,float64,False,True,11519,0,0.0,11510,0.0,0.0,0.0,29.961311,108.0708487,198.61238,228.05142,265.53115,366.06106339999997,383.5819
train,Pre_load.csv,generator_1,float64,False,True,11519,0,0.0,11515,0.0,0.0,0.0,15.041823,28.192114959999998,33.110870000000006,38.894653,72.081752,141.86720919999996,152.2372
train,Pre_load.csv,generator_use_blast_furnace_gas,float64,False,True,11519,0,0.0,11503,0.0,0.0,0.0,80411.95,304750.4012,507807.11,569489.6,635673.4,968477.2599999999,1065307.4
train,Pre_load.csv,generator_use_coke_gas,float64,False,True,11519,4,0.00034725236565674104,9139,2373.0,0.0,0.0,0.0,0.0,195.30526500000002,6233.325,8767.538,12947.37808,15943.943
train,Pre_load.csv,generator_use_converter_gas,float64,False,True,11519,0,0.0,8825,2689.0,0.0,0.0,0.0,0.0,2713.1553,25421.781,40645.317500000005,79539.38329999996,113855.88
