source_table,source_column,processed_column,role
gas,blast_furnace_1,blast_furnace_1,raw_feature
gas,blast_furnace_2,blast_furnace_2,raw_feature
gas,blast_furnace_3,blast_furnace_3,raw_feature
gas,blast_furnace_4,blast_furnace_4,raw_feature
gas,blast_furnace_5,blast_furnace_5,raw_feature
gas,coke_oven_1,coke_oven_1,raw_feature
gas,converter_1,converter_1,raw_feature
gas,air_heater_1,air_heater_1,raw_feature
gas,air_heater_2,air_heater_2,raw_feature
gas,air_heater_3,air_heater_3,raw_feature
gas,air_heater_4,air_heater_4,raw_feature
gas,air_heater_5,air_heater_5,raw_feature
gas,into_gas_mixed_coke,into_gas_mixed_coke,raw_feature
gas,into_gas_mixed_blast_furnace,into_gas_mixed_blast_furnace,raw_feature
gas,into_gas_mixed_converter,into_gas_mixed_converter,raw_feature
holder,blast_furnace_gas_holder_1,blast_furnace_gas_holder_1,raw_feature
holder,blast_furnace_gas_holder_2,blast_furnace_gas_holder_2,raw_feature
user,blast_furnace_user1,blast_furnace_user1,raw_feature
user,blast_furnace_user2,blast_furnace_user2,raw_feature
user,blast_furnace_user3,blast_furnace_user3,raw_feature
user,blast_furnace_user4,blast_furnace_user4,raw_feature
user,converter_user1,converter_user1,raw_feature
user,converter_user2,converter_user2,raw_feature
user,converter_user3,converter_user3,raw_feature
load,generator_all,generator_all,target
load,generator_1,generator_1,target
load,generator_use_blast_furnace_gas,generator_use_blast_furnace_gas,raw_feature
load,generator_use_coke_gas,generator_use_coke_gas,raw_feature
load,generator_use_converter_gas,generator_use_converter_gas,raw_feature
