dataset,column,method,count
offline,blast_furnace_1,observed,11515
offline,blast_furnace_1,linear,6
causal,blast_furnace_1,observed,11515
causal,blast_furnace_1,causal_ffill,5
causal,blast_furnace_1,past_seasonal_median,1
offline,blast_furnace_2,observed,11519
offline,blast_furnace_2,linear,2
causal,blast_furnace_2,observed,11519
causal,blast_furnace_2,causal_ffill,2
offline,blast_furnace_4,observed,11519
offline,blast_furnace_4,linear,2
causal,blast_furnace_4,observed,11519
causal,blast_furnace_4,causal_ffill,2
offline,blast_furnace_5,observed,11515
offline,blast_furnace_5,pchip,5
offline,blast_furnace_5,causal_ffill,1
causal,blast_furnace_5,observed,11515
causal,blast_furnace_5,causal_ffill,5
causal,blast_furnace_5,past_seasonal_median,1
offline,coke_oven_1,observed,11519
offline,coke_oven_1,linear,2
causal,coke_oven_1,observed,11519
causal,coke_oven_1,causal_ffill,2
offline,converter_1,observed,11515
offline,converter_1,linear,6
causal,converter_1,observed,11515
causal,converter_1,causal_ffill,5
causal,converter_1,past_seasonal_median,1
offline,air_heater_1,observed,11519
offline,air_heater_1,linear,2
causal,air_heater_1,observed,11519
causal,air_heater_1,causal_ffill,2
offline,air_heater_2,observed,11519
offline,air_heater_2,linear,2
causal,air_heater_2,observed,11519
causal,air_heater_2,causal_ffill,2
offline,air_heater_4,observed,11519
offline,air_heater_4,linear,2
causal,air_heater_4,observed,11519
causal,air_heater_4,causal_ffill,2
offline,air_heater_5,observed,11515
offline,air_heater_5,causal_ffill,3
offline,air_heater_5,linear,3
causal,air_heater_5,observed,11515
causal,air_heater_5,causal_ffill,5
causal,air_heater_5,past_seasonal_median,1
offline,into_gas_mixed_coke,observed,11519
offline,into_gas_mixed_coke,linear,2
causal,into_gas_mixed_coke,observed,11519
causal,into_gas_mixed_coke,causal_ffill,2
offline,into_gas_mixed_blast_furnace,observed,11519
offline,into_gas_mixed_blast_furnace,causal_ffill,2
causal,into_gas_mixed_blast_furnace,observed,11519
causal,into_gas_mixed_blast_furnace,causal_ffill,2
offline,into_gas_mixed_converter,observed,11519
offline,into_gas_mixed_converter,linear,2
causal,into_gas_mixed_converter,observed,11519
causal,into_gas_mixed_converter,causal_ffill,2
offline,blast_furnace_gas_holder_2,observed,11519
offline,blast_furnace_gas_holder_2,linear,2
causal,blast_furnace_gas_holder_2,observed,11519
causal,blast_furnace_gas_holder_2,causal_ffill,2
offline,blast_furnace_user1,observed,11517
offline,blast_furnace_user1,linear,4
causal,blast_furnace_user1,observed,11517
causal,blast_furnace_user1,causal_ffill,4
offline,blast_furnace_user2,observed,11513
offline,blast_furnace_user2,linear,8
causal,blast_furnace_user2,observed,11513
causal,blast_furnace_user2,causal_ffill,7
causal,blast_furnace_user2,past_seasonal_median,1
offline,blast_furnace_user3,observed,11514
offline,blast_furnace_user3,pchip,5
offline,blast_furnace_user3,linear,2
causal,blast_furnace_user3,observed,11514
causal,blast_furnace_user3,causal_ffill,6
causal,blast_furnace_user3,past_seasonal_median,1
offline,blast_furnace_user4,observed,11513
offline,blast_furnace_user4,linear,5
offline,blast_furnace_user4,pchip,3
causal,blast_furnace_user4,observed,11513
causal,blast_furnace_user4,causal_ffill,7
causal,blast_furnace_user4,past_seasonal_median,1
offline,converter_user1,observed,11517
offline,converter_user1,causal_ffill,2
offline,converter_user1,linear,2
causal,converter_user1,observed,11517
causal,converter_user1,causal_ffill,4
offline,converter_user2,observed,11513
offline,converter_user2,linear,5
offline,converter_user2,pchip,3
causal,converter_user2,observed,11513
causal,converter_user2,causal_ffill,7
causal,converter_user2,past_seasonal_median,1
offline,generator_all,observed,11519
offline,generator_all,pchip,2
causal,generator_all,observed,11519
causal,generator_all,causal_ffill,2
offline,generator_1,observed,11519
offline,generator_1,linear,2
causal,generator_1,observed,11519
causal,generator_1,causal_ffill,2
offline,generator_use_blast_furnace_gas,observed,11519
offline,generator_use_blast_furnace_gas,linear,2
causal,generator_use_blast_furnace_gas,observed,11519
causal,generator_use_blast_furnace_gas,causal_ffill,2
offline,generator_use_coke_gas,observed,11515
offline,generator_use_coke_gas,pchip,5
offline,generator_use_coke_gas,causal_ffill,1
causal,generator_use_coke_gas,observed,11515
causal,generator_use_coke_gas,causal_ffill,5
causal,generator_use_coke_gas,past_seasonal_median,1
offline,generator_use_converter_gas,observed,11519
offline,generator_use_converter_gas,linear,2
causal,generator_use_converter_gas,observed,11519
causal,generator_use_converter_gas,causal_ffill,2
