gap_length,method,median_selection_score,median_nmae_iqr,median_smape,mean_invalid_rate
1,linear,0.28910140378187316,0.20144027213354906,0.08258320408467322,0.0
1,pchip,0.2932400795519806,0.20227876689455968,0.08514738944598138,0.0
1,causal_ffill,0.3172785807934121,0.25343011743009153,0.10399442739028804,0.0
1,lagrange4,0.4145374587776004,0.22437914828622865,0.10271817196933349,0.011000000000000001
2,linear,0.288221609613723,0.2469313982516409,0.09918995021136183,0.0
2,pchip,0.29555769448342234,0.2505194952765132,0.10443276395401828,0.0
2,causal_ffill,0.33670802765067165,0.3187426640740794,0.115683565423421,0.0
2,lagrange4,0.426004830001933,0.27945648122758177,0.12123485405045127,0.0155
3,linear,0.3218026314056421,0.25412618800236886,0.10942455255590998,0.0
3,pchip,0.32955958726628715,0.2640711573138437,0.11172381478592622,0.0
3,causal_ffill,0.3588182233848651,0.31642746048884113,0.1312974049638887,0.0
3,lagrange4,0.6923735842613774,0.32286492179073756,0.1356286802786522,0.01916666666666667
