column,gap_length,method,blocks,points,mae,rmse,nmae_iqr,smape,invalid_prediction_rate,selection_score
blast_furnace_1,1,causal_ffill,80,80,24388.213062500003,30569.141540843975,0.6957046875931555,0.06651806387563182,0.0,0.7123342035620635
blast_furnace_1,1,linear,80,80,22877.924843750003,27589.64490067247,0.6526218019914752,0.060676079532682906,0.0,0.667790821874646
blast_furnace_1,1,lagrange4,80,80,26022.644299559593,31850.112194254,0.7423289101328316,0.06885976749535572,0.0,0.7595438520066706
blast_furnace_1,1,pchip,80,80,23409.03540356182,28278.091553874718,0.6677724038475601,0.06183737450709016,0.0,0.6832317474743327
blast_furnace_1,2,causal_ffill,80,160,21680.874224999996,27512.21709888499,0.6184744159318055,0.058421611204136734,0.0,0.6330798187328397
blast_furnace_1,2,linear,80,160,19377.350989583334,24241.981200773647,0.5527634961218059,0.051892835467314505,0.0,0.5657367049886345
blast_furnace_1,2,lagrange4,80,160,25268.474467121952,30799.154668896987,0.7208152598164429,0.06752790242334261,0.0,0.7376972354222786
blast_furnace_1,2,pchip,80,160,20428.88851938949,25442.773740810593,0.5827599368938908,0.05473299156683081,0.0,0.5964431847855985
blast_furnace_1,3,causal_ffill,80,240,26156.58291666667,33210.87961613795,0.746149678941614,0.06905997963816561,0.0,0.7634146738511554
blast_furnace_1,3,linear,80,240,22754.533791666665,29552.30276917826,0.6491019158431365,0.06006053209730641,0.0,0.664117048867463
blast_furnace_1,3,lagrange4,80,240,30604.441631029764,39280.74804092345,0.8730304860513608,0.0814834130012169,0.0,0.893401339301665
blast_furnace_1,3,pchip,80,240,23732.207125730387,30770.48543293456,0.676991286815084,0.06273491132695354,0.0,0.6926750146468225
blast_furnace_2,1,causal_ffill,80,80,37489.27362500001,48956.42435267921,0.7545619249410697,0.07982751737963524,0.0,0.7745188042859785
blast_furnace_2,1,linear,80,80,30882.894374999996,40787.12977981328,0.6215926310135791,0.06532543448058763,0.0,0.637923989633726
blast_furnace_2,1,lagrange4,80,80,36473.8707606107,47623.94326907934,0.7341244966887032,0.0776251945045863,0.0,0.7535307953148498
blast_furnace_2,1,pchip,80,80,31981.82169114122,42315.8317438905,0.6437111900268132,0.0677209656472512,0.0,0.660641431438626
blast_furnace_2,2,causal_ffill,80,160,35777.9876875,45126.35164301621,0.720118173801984,0.07774717070635755,0.0,0.7395549664785733
blast_furnace_2,2,linear,80,160,31069.20995625,39714.864656208854,0.6253426808289152,0.06732239755646838,0.0,0.6421732802180323
blast_furnace_2,2,lagrange4,80,160,40514.91702756933,50578.844822898565,0.8154602857059339,0.08774570809621043,0.0,0.8373967127299865
blast_furnace_2,2,pchip,80,160,32706.90963058093,41693.02537409174,0.6583053311885755,0.07079364948916231,0.0,0.676003743560866
blast_furnace_2,3,causal_ffill,80,240,33338.42345833333,44029.912232453156,0.6710160679785778,0.07026318403278362,0.0,0.6885818639867737
blast_furnace_2,3,linear,80,240,32060.92345833334,39692.46128685009,0.6453033036088411,0.06775773263606617,0.0,0.6622427367678577
blast_furnace_2,3,lagrange4,80,240,45996.411525402866,54783.0555058689,0.9257885647014742,0.09759127521769852,0.0,0.9501863835058988
blast_furnace_2,3,pchip,80,240,34024.19190898496,41838.772581867874,0.6848188097271531,0.07201140210617574,0.0,0.7028216602536971
blast_furnace_4,1,causal_ffill,80,80,23475.977822614805,57032.707236004404,1.1831162271989895,0.12415780910232428,0.0,1.2141556794745705
blast_furnace_4,1,linear,80,80,21560.983647614805,53224.50510605844,1.0866064800628554,0.11779064560166182,0.0,1.116054141463271
blast_furnace_4,1,lagrange4,80,80,26052.349715697783,64718.035378866996,1.3129573531805243,0.12481563771728706,0.025,1.594161262609846
blast_furnace_4,1,pchip,80,80,21746.59632462864,53483.298861093615,1.0959607813749555,0.1183462344625609,0.0,1.1255473399905958
blast_furnace_4,2,causal_ffill,80,160,23665.633848404374,50232.78097869134,1.1926743007068608,0.1065964103438316,0.0,1.2193234032928186
blast_furnace_4,2,linear,80,160,21142.78175474812,45857.3094943237,1.0655304060677917,0.09918995021136183,0.0,1.0903278936206322
blast_furnace_4,2,lagrange4,80,160,26077.07105881553,52395.751416775354,1.314203231943137,0.10882801411745499,0.0125,1.4664102354725006
blast_furnace_4,2,pchip,80,160,21470.437017803335,46994.97737338585,1.0820432116930527,0.10004296557650605,0.0,1.1070539530871792
blast_furnace_4,3,causal_ffill,80,240,19070.3678125,38391.86831573255,0.9610871925380354,0.053072794559629,0.0,0.9743553911779427
blast_furnace_4,3,linear,80,240,18826.652129166665,36496.54195683032,0.9488046805185875,0.05136166846259717,0.0,0.9616450976342368
blast_furnace_4,3,lagrange4,80,240,26007.67723759537,47239.86208862984,1.3107059993007621,0.07112986116075662,0.0,1.3284884645909514
blast_furnace_4,3,pchip,80,240,19232.7610462697,37615.320075933654,0.96927130616738,0.05253399131039425,0.0,0.9824048039949785
blast_furnace_5,1,causal_ffill,80,80,2645.071499999998,5678.885596717674,0.31897731041260763,0.006611822584993642,0.0,0.32063026605885603
blast_furnace_5,1,linear,80,80,4158.30733125,19247.787645861412,0.5014630751536033,0.012175009254970979,0.0,0.5045068274673461
blast_furnace_5,1,lagrange4,80,80,4554.253164849935,19878.252019253545,0.5492114014543424,0.013261240564054238,0.0,0.552526711595356
blast_furnace_5,1,pchip,80,80,4191.806671169779,19255.539510833813,0.5055028636236726,0.012255648655635866,0.0,0.5085667757875816
blast_furnace_5,2,causal_ffill,80,160,2804.8768124999965,5311.486258440462,0.3382487247282115,0.018854347991710686,0.0,0.34296231172613917
blast_furnace_5,2,linear,80,160,2415.0062708333307,4571.121661188744,0.29123303657386873,0.0193102416968331,0.0,0.296060596998077
blast_furnace_5,2,lagrange4,80,160,2932.219943252876,5878.287923297567,0.35360542466886513,0.02188246989121701,0.0,0.3590760421416694
blast_furnace_5,2,pchip,80,160,2408.388099812514,4686.597363506079,0.2904349309680011,0.020491054061684937,0.0,0.29555769448342234
blast_furnace_5,3,causal_ffill,80,240,5648.925666666665,27895.038123501356,0.6812213264836435,0.017620162567579513,0.0,0.6856263671255384
blast_furnace_5,3,linear,80,240,5452.978958333332,20582.21951376308,0.6575915100464054,0.019455639103891455,0.0,0.6624554198223782
blast_furnace_5,3,lagrange4,80,240,6410.027356013799,20646.52808202876,0.7730049209227507,0.021652482083130583,0.0,0.7784180414435334
blast_furnace_5,3,pchip,80,240,5258.847006791076,20029.53169541521,0.6341805407141586,0.018580195732053956,0.0,0.6388255896471722
coke_oven_1,1,causal_ffill,80,80,1497.7687875000004,1915.6688925782857,0.2720525130598099,0.021257820764728794,0.0,0.27736696825099205
coke_oven_1,1,linear,80,80,1560.9027875,1871.9943840352075,0.2835200796848207,0.022325296388209966,0.0,0.28910140378187316
coke_oven_1,1,lagrange4,80,80,1687.4887191566886,2053.668177737429,0.30651296157195207,0.024114870237823265,0.0,0.3125416791314079
coke_oven_1,1,pchip,80,80,1583.2605683122615,1908.7923529957438,0.2875811140094635,0.022635862170068362,0.0,0.2932400795519806
coke_oven_1,2,causal_ffill,80,160,1754.8186125000004,2222.8961187215687,0.3187426640740794,0.0245320378267233,0.0,0.32487567353076025
coke_oven_1,2,linear,80,160,1486.2849583333325,1911.0822755438946,0.2699666072708688,0.020789565915911582,0.0,0.2751639987498467
coke_oven_1,2,lagrange4,80,160,1770.6529572036984,2251.3386098210367,0.32161879108730596,0.02471410726590494,0.0,0.3277973179037822
coke_oven_1,2,pchip,80,160,1565.2595794193903,2001.6823237019116,0.28431144094193916,0.02187308001457363,0.0,0.2897797109455826
coke_oven_1,3,causal_ffill,80,240,2347.0754791666664,5379.229463416455,0.42631932764078173,0.04400963915790337,0.0,0.4373217374302576
coke_oven_1,3,linear,80,240,1793.9235187499992,2601.3349343650025,0.32584562155794966,0.033608752228894895,0.0,0.33424780961517336
coke_oven_1,3,lagrange4,80,240,2278.4062786379154,3792.387138843974,0.41384635535723113,0.04509835070681813,0.004166666666666667,0.46678760970060235
coke_oven_1,3,pchip,80,240,1801.5882976131495,2386.8176702501105,0.32723784068360545,0.03393737852676792,0.0,0.3357221853152974
converter_1,1,causal_ffill,80,80,1.32067498125,1.6728322779092788,0.40855737142627363,0.10548184312559135,0.0,0.43492783220767145
converter_1,1,linear,80,80,1.051479448125,1.3474175097030587,0.32528039489935545,0.08258320408467322,0.0,0.34592619592052376
converter_1,1,lagrange4,80,80,1.1191373184702853,1.470156298617074,0.346210693464114,0.0891446891730054,0.0,0.36849686575736534
converter_1,1,pchip,80,80,1.0779053376781582,1.3748666896549082,0.33345537521375546,0.08514738944598138,0.0,0.3547422225752508
converter_1,2,causal_ffill,80,160,1.3184882125000001,1.77322468376133,0.40788088364154146,0.10511030222160596,0.0,0.43415845919694296
converter_1,2,linear,80,160,1.08637286625,1.4301265666824365,0.33607484727531767,0.08329655499430223,0.0,0.35689898602389325
converter_1,2,lagrange4,80,160,1.2964365455870788,1.715522168827971,0.4010590908481445,0.09978295661515393,0.0,0.426004830001933
converter_1,2,pchip,80,160,1.1094481056118835,1.4725472388562508,0.34321328729467815,0.08535425722357318,0.0,0.36455185160057146
converter_1,3,causal_ffill,80,240,1.2966320587500002,1.721967674981427,0.4011195738171236,0.1003779801942321,0.0,0.42621406886568164
converter_1,3,linear,80,240,1.1215410495833331,1.52637503732356,0.34695429963452307,0.08698724467496444,0.0,0.3687011108032642
converter_1,3,lagrange4,80,240,1.4120473857828393,1.910461217105025,0.43682387904308473,0.10792526095124479,0.0,0.46380519428089595
converter_1,3,pchip,80,240,1.1708044089943335,1.604512352814932,0.3621941647900939,0.0911639719921583,0.0,0.38498515778813347
air_heater_1,1,causal_ffill,80,80,26622.881512499996,32993.73523421624,0.8529721520477763,0.28909109947461403,0.0,0.9252449269164298
air_heater_1,1,linear,80,80,24553.3197,29535.737988006356,0.7866653327737175,0.2696030376672168,0.0,0.8540660921905218
air_heater_1,1,lagrange4,80,80,28061.690783729682,33391.10119549649,0.899070251530015,0.30641285762400916,0.0,0.9756734659360172
air_heater_1,1,pchip,80,80,25190.129517848392,30304.12263068689,0.8070681220255218,0.2762099452241847,0.0,0.876120608331568
air_heater_1,2,causal_ffill,80,160,25049.047637499996,32205.25539958654,0.8025479909105178,0.24780584710184034,0.0,0.8644994526859778
air_heater_1,2,linear,80,160,23628.72406458333,30430.489957320508,0.7570421558630946,0.23427731155620543,0.0,0.815611483752146
air_heater_1,2,lagrange4,80,160,31974.004256606488,38992.282026999696,1.0244171055464897,0.3124240764699474,0.0,1.1025231246639766
air_heater_1,2,pchip,80,160,24744.240480696088,31588.951863602048,0.7927822555081901,0.24523548631497896,0.0,0.8540911270869349
air_heater_1,3,causal_ffill,80,240,23977.896808333335,31154.4272952732,0.768229323057338,0.2402669033537705,0.0,0.8282960488957807
air_heater_1,3,linear,80,240,20694.436810416668,27149.831867625533,0.6630303445293834,0.20607128166318658,0.0,0.71454816494518
air_heater_1,3,lagrange4,80,240,27153.96405011897,34384.89832358531,0.8699875384106371,0.2649292794221617,0.0,0.9362198582661776
air_heater_1,3,pchip,80,240,21495.46462974069,28342.459542599525,0.6886945245159918,0.21415301823057023,0.0,0.7422327790736344
air_heater_2,1,causal_ffill,80,80,27737.5723125,37797.07304312447,0.79967976314549,0.19891092334979055,0.0,0.8494074939829377
air_heater_2,1,linear,80,80,28108.405762500002,34302.40505301287,0.8103709657540467,0.19394931638623408,0.0,0.8588582948506052
air_heater_2,1,lagrange4,80,80,32217.141703207697,38204.54903575001,0.9288266455401177,0.2225683478476248,0.0,0.9844687325020239
air_heater_2,1,pchip,80,80,28872.038715265742,35104.09227145798,0.8323866566702485,0.19944653820033525,0.0,0.8822482912203323
air_heater_2,2,causal_ffill,80,160,28508.3923,37906.61241947843,0.8219026577120063,0.1984434801967177,0.0,0.8715135277611857
air_heater_2,2,linear,80,160,28206.955139583333,36236.36407982489,0.8132121640260604,0.19462962471625395,0.0,0.8618695702051239
air_heater_2,2,lagrange4,80,160,37795.24639286072,47352.8365653226,1.0896445205425471,0.2646354982593798,0.0,1.155803395107392
air_heater_2,2,pchip,80,160,29433.77043200644,37762.50906543179,0.8485814945289343,0.20352390054724728,0.0,0.8994624696657461
air_heater_2,3,causal_ffill,80,240,29218.051649999998,38600.32287312011,0.8423622788543453,0.2015938705355712,0.0,0.8927607464882381
air_heater_2,3,linear,80,240,30126.08661458333,37448.28749932773,0.8685411086821665,0.2085364451235446,0.0,0.9206752199630527
air_heater_2,3,lagrange4,80,240,39839.158647744785,48528.879021168155,1.1485709200652363,0.27681004007627213,0.0,1.2177734300843044
air_heater_2,3,pchip,80,240,31658.64239091357,39500.355865485944,0.9127249985487905,0.21972706911341622,0.0,0.9676567658271445
air_heater_4,1,causal_ffill,80,80,42159.2029625,48554.469028310385,0.8046005655689337,0.45344141449535746,0.0,0.917960919192773
air_heater_4,1,linear,80,80,36911.32485,41772.90167564503,0.7044457855767661,0.4001164894983221,0.0,0.8044749079513466
air_heater_4,1,lagrange4,80,80,40698.47675201416,46638.125540699955,0.776722876891003,0.4412030523837185,0.0,0.8870236399869326
air_heater_4,1,pchip,80,80,37155.523469099695,42087.07051141093,0.709106270909317,0.40325927828125063,0.0,0.8099210904796297
air_heater_4,2,causal_ffill,80,160,35951.160725,45038.67088987805,0.6861212314171163,0.409995846986808,0.0,0.7886201931638184
air_heater_4,2,linear,80,160,34986.209037500004,41226.4344706663,0.6677053075155237,0.3851622981406533,0.0,0.763995882050687
air_heater_4,2,lagrange4,80,160,49658.37915378732,57662.24427069837,0.9477209516487624,0.5590079724248814,0.0,1.0874729447549827
air_heater_4,2,pchip,80,160,36675.51754684607,43335.16763527779,0.6999454469519658,0.40527339847851473,0.0,0.8012637965715945
air_heater_4,3,causal_ffill,80,240,31995.682966666667,40510.28938058522,0.6106316723692093,0.32400661024342614,0.0,0.6916333249300659
air_heater_4,3,linear,80,240,31864.40289166667,35800.98855907609,0.6081262164978807,0.31992186073491596,0.0,0.6881066816816097
air_heater_4,3,lagrange4,80,240,39055.63414319662,44935.29077368938,0.745369530544036,0.39398777822730213,0.0,0.8438664751008615
air_heater_4,3,pchip,80,240,33458.43027828973,38185.21021248199,0.6385479333873129,0.3354470615291634,0.0,0.7224096987696037
air_heater_5,1,causal_ffill,80,80,15818.90295,20769.510329010755,0.12553203602927235,0.13898758868653488,0.0,0.16027893320090608
air_heater_5,1,linear,80,80,17832.897175000002,22820.84322954657,0.1415142312810263,0.16081465377418047,0.0,0.18171789472457142
air_heater_5,1,lagrange4,80,80,20317.80538707502,26731.940053428152,0.16123339816596102,0.20786590387105391,0.0125,0.3381998741337245
air_heater_5,1,pchip,80,80,18119.496937515458,23255.824194204146,0.14378856419954714,0.1638913903870734,0.0,0.1847614117963155
air_heater_5,2,causal_ffill,80,160,15773.588262500003,25817.6693451013,0.12517243808484568,0.16523820982428092,0.0,0.16648199054091592
air_heater_5,2,linear,80,160,17610.791977083332,28286.929514018884,0.1397516995937601,0.2057850678876269,0.0,0.19119796656566684
air_heater_5,2,lagrange4,80,160,24768.600172313258,36479.067926578835,0.1965529985899224,0.2783422438068634,0.0125,0.39113855954163823
air_heater_5,2,pchip,80,160,18330.316608823872,29415.00237097204,0.1454615387830575,0.21419264161975757,0.0,0.1990096991879969
air_heater_5,3,causal_ffill,80,240,16424.328358333336,31169.926801247555,0.13033643266866998,0.18555680468204425,0.0,0.17672563383918105
air_heater_5,3,linear,80,240,14903.452089583332,24688.836300755735,0.11826741023593607,0.17114033409723378,0.0,0.1610524937602445
air_heater_5,3,lagrange4,80,240,19101.826099563503,32714.09708498813,0.15158390753989048,0.20725429897374378,0.004166666666666667,0.2450641489499931
air_heater_5,3,pchip,80,240,15504.446017044671,25827.40108803064,0.12303664054184996,0.17760782455804475,0.0,0.16743859668136113
into_gas_mixed_coke,1,causal_ffill,80,80,3816.6378874999996,4677.019634655149,0.42579401746713186,0.09046416513619732,0.0,0.4484100587511812
into_gas_mixed_coke,1,linear,80,80,3074.5288625,3968.9587656179774,0.34300241070028054,0.07290479294704474,0.0,0.36122860893704173
into_gas_mixed_coke,1,lagrange4,80,80,3480.1117469237424,4654.961527270323,0.3882502887712632,0.08168675793510598,0.0,0.4086719782550397
into_gas_mixed_coke,1,pchip,80,80,3138.004138660275,4067.541997996892,0.35008387707010247,0.07439534520388832,0.0,0.36868271337107456
into_gas_mixed_coke,2,causal_ffill,80,160,3970.9977062499993,5113.049935481842,0.44301479902891444,0.09688551987831952,0.0,0.46723617899849434
into_gas_mixed_coke,2,linear,80,160,3239.009995833333,4045.854560564072,0.3613523523567634,0.07990871249843984,0.0,0.38132953048137336
into_gas_mixed_coke,2,lagrange4,80,160,3570.350159633622,4450.957952160082,0.39831752003871906,0.08745084142382527,0.0,0.4201802303946754
into_gas_mixed_coke,2,pchip,80,160,3326.175524650059,4120.081041061813,0.3710767647305639,0.08198081522802698,0.0,0.39157196853757065
into_gas_mixed_coke,3,causal_ffill,80,240,4368.166170833334,5504.614885871628,0.48732394260788864,0.10448360237990788,0.0,0.5134448432028657
into_gas_mixed_coke,3,linear,80,240,3760.912127083334,4756.1707108362825,0.41957710716449764,0.09150818018155688,0.0,0.4424541522098869
into_gas_mixed_coke,3,lagrange4,80,240,5124.773293085999,6530.769701000049,0.5717329946909592,0.12305435023222507,0.0,0.6024965822490155
into_gas_mixed_coke,3,pchip,80,240,3935.2934390915025,4986.102357425323,0.43903153842042786,0.09585225723047869,0.0,0.46299460272804754
into_gas_mixed_blast_furnace,1,causal_ffill,80,80,3191.1915099999997,6583.934882642558,0.2220426257292229,0.38094382025675677,0.0,0.3172785807934121
into_gas_mixed_blast_furnace,1,linear,80,80,2646.56130875,4853.280388944368,0.18414733816718468,0.4770514674634764,0.0,0.30341020503305377
into_gas_mixed_blast_furnace,1,lagrange4,80,80,2993.189805656183,5371.226041143531,0.20826569689446228,0.6140535668553635,0.075,1.1117790886083032
into_gas_mixed_blast_furnace,1,pchip,80,80,2703.6298404586364,4983.240463792897,0.18811815802785076,0.4821295766485492,0.0,0.30865055218998805
into_gas_mixed_blast_furnace,2,causal_ffill,80,160,2712.7705581249998,5458.4864884401895,0.18875416778951148,0.4328353943624256,0.0,0.2969630163801179
into_gas_mixed_blast_furnace,2,linear,80,160,2790.4019827083334,4940.300056200782,0.19415575064643742,0.612188151530443,0.0,0.3472027885290482
into_gas_mixed_blast_furnace,2,lagrange4,80,160,3281.314216580887,5350.698525570643,0.22831335011048845,0.8623838507866287,0.1375,1.8189093128071456
into_gas_mixed_blast_furnace,2,pchip,80,160,2785.060132396552,4958.137788648143,0.1937840655044572,0.6238155548133097,0.0,0.34973795420778464
into_gas_mixed_blast_furnace,3,causal_ffill,80,240,3040.6679808333333,5750.5616959786,0.21156922118879912,0.5889960087842638,0.0,0.3588182233848651
into_gas_mixed_blast_furnace,3,linear,80,240,2854.1669518749995,5071.869998830664,0.19859250761916747,0.6934538508995579,0.0,0.3719559703440569
into_gas_mixed_blast_furnace,3,lagrange4,80,240,4028.2855946143945,6580.206476082523,0.2802875063475536,0.9547594232443892,0.17083333333333334,2.227310695491984
into_gas_mixed_blast_furnace,3,pchip,80,240,2824.0541077449916,5199.416429451087,0.19649726044962304,0.7008151852183334,0.0,0.3717010567542064
into_gas_mixed_converter,1,causal_ffill,80,80,5582.763525,7931.900667552963,0.25343011743009153,0.10399442739028804,0.0,0.2794287242776635
into_gas_mixed_converter,1,linear,80,80,4433.197375000001,6068.396504091906,0.20124544525410892,0.0791779348966148,0.0,0.22103992897826263
into_gas_mixed_converter,1,lagrange4,80,80,4942.805288990436,6633.101098680838,0.22437914828622865,0.08883507727512684,0.0,0.24658791760501036
into_gas_mixed_converter,1,pchip,80,80,4455.960219536396,6110.061183131773,0.20227876689455968,0.07965064649061468,0.0,0.22219142851721335
into_gas_mixed_converter,2,causal_ffill,80,160,6656.4939453125,10146.67024436746,0.3021722189519464,0.13814323479490107,0.0,0.33670802765067165
into_gas_mixed_converter,2,linear,80,160,4722.849309895833,6893.315342067941,0.21439422426754637,0.10792090091325328,0.0,0.24137444949585968
into_gas_mixed_converter,2,lagrange4,80,160,5211.365540529847,7266.790616559503,0.23657046819077143,0.12123485405045127,0.0,0.26687918170338426
into_gas_mixed_converter,2,pchip,80,160,4829.565761210075,6920.535570535162,0.2192386284174232,0.11115751165048122,0.0,0.24702800633004351
into_gas_mixed_converter,3,causal_ffill,80,240,6970.51993125,10460.678797529019,0.31642746048884113,0.14079104927519923,0.0,0.3516252228076409
into_gas_mixed_converter,3,linear,80,240,5697.7333510416665,7695.38585248355,0.2586491843642685,0.12691597426796083,0.0,0.2903781779312587
into_gas_mixed_converter,3,lagrange4,80,240,6953.9178078510795,9777.532758333837,0.31567380541035966,0.15739237824500585,0.008333333333333333,0.43835523330494447
into_gas_mixed_converter,3,pchip,80,240,5817.172954840039,7890.693627577795,0.2640711573138437,0.13236151026323842,0.0,0.2971615348796533
blast_furnace_gas_holder_2,1,causal_ffill,80,80,7881.977237499998,9933.580791086806,0.1069437919675374,0.09484724472548249,0.0,0.130655603148908
blast_furnace_gas_holder_2,1,linear,80,80,4671.914831249999,6024.176573431897,0.06338920714286732,0.0550825685469877,0.0,0.07715984927961424
blast_furnace_gas_holder_2,1,lagrange4,80,80,4788.63599150467,6175.70961397272,0.06497289650206728,0.05520613001028205,0.0,0.0787744290046378
blast_furnace_gas_holder_2,1,pchip,80,80,4588.449380763746,5927.363448747565,0.062256735999610145,0.053689150547362216,0.0,0.0756790236364507
blast_furnace_gas_holder_2,2,causal_ffill,80,160,10124.43025625,12965.342451630993,0.13736971453848879,0.115683565423421,0.0,0.16629060589434402
blast_furnace_gas_holder_2,2,linear,80,160,5231.415885416665,6723.794683640947,0.07098059729022027,0.06075478416468076,0.0,0.08616929333139046
blast_furnace_gas_holder_2,2,lagrange4,80,160,5456.302346404707,7304.920450477596,0.07403188888565872,0.06249867010723562,0.0,0.08965655641246763
blast_furnace_gas_holder_2,2,pchip,80,160,5346.190224322379,7133.305345055149,0.0725378718995336,0.06135398657145763,0.0,0.08787636854239801
blast_furnace_gas_holder_2,3,causal_ffill,80,240,11854.273554166666,16099.124937212251,0.16084047526445047,0.1312974049638887,0.0,0.19366482650542266
blast_furnace_gas_holder_2,3,linear,80,240,5203.725287499999,6704.856843639202,0.0706048873060595,0.059031416108209146,0.0,0.0853627413331118
blast_furnace_gas_holder_2,3,lagrange4,80,240,4817.009086083311,6395.330324529924,0.0653578666983344,0.055159730732425936,0.0,0.07914779938144088
blast_furnace_gas_holder_2,3,pchip,80,240,4792.67784398694,6490.5890518329525,0.06502773693334522,0.05413861249937972,0.0,0.07856239005819016
blast_furnace_user1,1,causal_ffill,80,80,4836.5308875,7007.545331239696,0.31540497358479824,0.11438876534376163,0.0,0.34400216492073865
blast_furnace_user1,1,linear,80,80,4271.2204062499995,5532.087317698945,0.27853934788049717,0.09896239523571426,0.0,0.3032799466894257
blast_furnace_user1,1,lagrange4,80,80,4902.984916499331,6254.968249120183,0.3197386440913401,0.1130114370993722,0.0,0.3479915033661832
blast_furnace_user1,1,pchip,80,80,4416.824284910993,5755.915801179673,0.28803462219407716,0.10260483962816566,0.0,0.31368583210111856
blast_furnace_user1,2,causal_ffill,80,160,5405.4402625,7025.144471550804,0.3525052941591531,0.12628882893935384,0.0,0.38407750139399155
blast_furnace_user1,2,linear,80,160,4042.2315812500005,5465.523030930441,0.2636062861508591,0.09846129385145541,0.0,0.288221609613723
blast_furnace_user1,2,lagrange4,80,160,5045.453006568229,6534.273968035053,0.3290294240388004,0.12216196761137561,0.0,0.35956991594164434
blast_furnace_user1,2,pchip,80,160,4301.37680087933,5756.962071469119,0.28050593861933837,0.10443276395401828,0.0,0.30661412960784296
blast_furnace_user1,3,causal_ffill,80,240,5368.6096375,7410.702879528335,0.350103456442111,0.1287448254469149,0.0,0.3822896628038397
blast_furnace_user1,3,linear,80,240,4515.146172916667,5945.061646482707,0.2944464932666646,0.10942455255590998,0.0,0.3218026314056421
blast_furnace_user1,3,lagrange4,80,240,5530.470781323563,7195.652466196992,0.360658916746111,0.1356286802786522,0.0,0.39456608681577404
blast_furnace_user1,3,pchip,80,240,4625.279640438417,6102.150822642605,0.30162863356980557,0.11172381478592622,0.0,0.32955958726628715
blast_furnace_user2,1,causal_ffill,80,80,3872.282935,6807.925041017255,0.1893196019670199,0.39940738305468504,0.0,0.28917144773069114
blast_furnace_user2,1,linear,80,80,3713.104168749999,6418.87314628724,0.18153720042924296,0.3778187867877027,0.0,0.2759918971261686
blast_furnace_user2,1,lagrange4,80,80,4402.2046688292585,7563.961466211831,0.21522798041102126,0.43722222731960086,0.0375,0.6995335372409215
blast_furnace_user2,1,pchip,80,80,3923.206481767427,6783.555584867768,0.19180930268532712,0.38962883749049393,0.0,0.2892165120579506
blast_furnace_user2,2,causal_ffill,80,160,3367.1907281249996,5839.065030368557,0.16462516275187028,0.257126288617708,0.0,0.22890673490629726
blast_furnace_user2,2,linear,80,160,2812.5843120833333,4713.3607980705665,0.13750992667644552,0.25788877954124106,0.0,0.20198212156175577
blast_furnace_user2,2,lagrange4,80,160,3577.9713008736317,6029.442110763841,0.1749304257724175,0.36363020367380955,0.05,0.7658379766908698
blast_furnace_user2,2,pchip,80,160,2892.0676221853046,4991.191735175867,0.1413959414341782,0.26375360396900194,0.0,0.20733434242642867
blast_furnace_user2,3,causal_ffill,80,240,4512.115245833334,7139.345536774883,0.22060161323684085,0.43747652464697295,0.0,0.3299707443985841
blast_furnace_user2,3,linear,80,240,3534.0844043749994,5555.792763951907,0.1727847535898426,0.3827742883774871,0.0,0.26847832568421437
blast_furnace_user2,3,lagrange4,80,240,4743.145467272129,7498.577646594446,0.23189690087447967,0.503466312637888,0.07083333333333333,1.066096812367285
blast_furnace_user2,3,pchip,80,240,3762.4414050731157,5908.791937889342,0.18394934491858803,0.4029830834000627,0.0,0.28469511576860373
blast_furnace_user3,1,causal_ffill,80,80,1850.4839,4943.20750006601,0.06568724376970994,0.08085115975458552,0.0,0.08590003370835632
blast_furnace_user3,1,linear,80,80,1474.0927750000003,3299.477455068521,0.05232636255338034,0.07357264737657579,0.0,0.0707195243975243
blast_furnace_user3,1,lagrange4,80,80,1612.937981901026,3503.720278423318,0.05725499714023813,0.10271817196933349,0.0125,0.2079345401325715
blast_furnace_user3,1,pchip,80,80,1501.8638130358383,3411.3673546488653,0.05331216034670239,0.07505737393035997,0.0,0.07207650382929238
blast_furnace_user3,2,causal_ffill,80,160,2447.7545656249995,5095.0830614733595,0.08688875965936792,0.114408046707188,0.0,0.11549077133616492
blast_furnace_user3,2,linear,80,160,1824.4019177083333,3390.281092195384,0.0647614029511057,0.12793828163224943,0.0,0.09674597335916807
blast_furnace_user3,2,lagrange4,80,160,2029.2354589300157,3572.638233523715,0.07203244743543848,0.1967108450948733,0.025,0.3712101587091568
blast_furnace_user3,2,pchip,80,160,1734.3513570274438,3286.4653007286256,0.06156484818451484,0.12594574916776877,0.0,0.09305128547645702
blast_furnace_user3,3,causal_ffill,80,240,3137.519847916667,6444.287154455666,0.11137358778555456,0.18593246233519795,0.0,0.15785670336935403
blast_furnace_user3,3,linear,80,240,2293.0750837500004,4251.20131532001,0.08139805053615129,0.207191259397462,0.0,0.13319586538551678
blast_furnace_user3,3,lagrange4,80,240,2355.4330328544775,4133.038574980617,0.08361159143959009,0.26859909833922374,0.03333333333333333,0.4840946993577293
blast_furnace_user3,3,pchip,80,240,2207.8632594340033,4132.694373673809,0.07837325800706925,0.2060729593869363,0.0,0.12989149785380333
blast_furnace_user4,1,causal_ffill,80,80,4929.6508487500005,7902.020761160085,0.23833915260088473,0.37129015909849467,0.0,0.3311616923755084
blast_furnace_user4,1,linear,80,80,4166.458585,5948.9685578010385,0.20144027213354906,0.3427237466243966,0.0,0.2871212087896482
blast_furnace_user4,1,lagrange4,80,80,4213.065005120755,6588.577038996417,0.20369360305254472,0.3433754229002227,0.0125,0.4145374587776004
blast_furnace_user4,1,pchip,80,80,4155.231157908785,6086.348866045654,0.20089744759264125,0.342359147931171,0.0,0.286487234575434
blast_furnace_user4,2,causal_ffill,80,160,6699.69492,10011.82434007829,0.32391738459979347,0.5126084814799401,0.0,0.4520695049697785
blast_furnace_user4,2,linear,80,160,5107.3672272916665,7854.092616459413,0.2469313982516409,0.38905114070826113,0.0,0.34419418342870617
blast_furnace_user4,2,lagrange4,80,160,5780.094729879153,9057.16479423079,0.27945648122758177,0.48978851965461734,0.05,0.9019036111412361
blast_furnace_user4,2,pchip,80,160,5181.581074874144,8049.003382492755,0.2505194952765132,0.405568427308393,0.0,0.35191160210361144
blast_furnace_user4,3,causal_ffill,80,240,7446.631999166667,10826.406878730335,0.36003035810579836,0.5107752943984039,0.0,0.48772418170539933
blast_furnace_user4,3,linear,80,240,5256.1795437499995,7406.8604036056595,0.25412618800236886,0.38599056016714406,0.0,0.3506238280441549
blast_furnace_user4,3,lagrange4,80,240,6677.926468936367,9167.780558584946,0.32286492179073756,0.5061467422314413,0.0375,0.8244016073485979
blast_furnace_user4,3,pchip,80,240,5519.718272627631,7833.290332295442,0.2668677794954329,0.4081630647464547,0.0,0.36890854568204656
converter_user1,1,causal_ffill,80,80,8.63339000000001,49.04459187869753,8633390000.00001,0.0021590256960847447,0.0,8633390000.00055
converter_user1,1,linear,80,80,50.210860624999995,392.8734240071681,50210860624.99999,0.010658306412994752,0.0,50210860625.002655
converter_user1,1,lagrange4,80,80,58.13360972496032,386.1218567080113,58133609724.96032,0.012968603635886861,0.0,58133609724.96356
converter_user1,1,pchip,80,80,54.5065533237948,396.72305907689184,54506553323.79479,0.01193173204019319,0.0,54506553323.797775
converter_user1,2,causal_ffill,80,160,38.943248125000004,259.672429493957,38943248125.0,0.02761452598719582,0.0,38943248125.006905
converter_user1,2,linear,80,160,14.134358125,119.93308872078238,14134358125.0,0.02526359740406845,0.0,14134358125.006315
converter_user1,2,lagrange4,80,160,24.37606562279195,189.83004156026945,24376065622.791946,0.02584946284493233,0.0,24376065622.79841
converter_user1,2,pchip,80,160,14.372359791666662,127.14744644972001,14372359791.666662,0.025325641657980125,0.0,14372359791.672993
converter_user1,3,causal_ffill,80,240,0.0,0.0,0.0,0.0,0.0,0.0
converter_user1,3,linear,80,240,0.0,0.0,0.0,0.0,0.0,0.0
converter_user1,3,lagrange4,80,240,19.9564453125,185.49942869525137,19956445312.5,0.024999999999982602,0.0125,19956445312.63125
converter_user1,3,pchip,80,240,0.0,0.0,0.0,0.0,0.0,0.0
converter_user2,1,causal_ffill,80,80,1076.0717012500002,1608.6515842493623,0.14033579246945196,0.19607797926551887,0.0,0.18935528728583167
converter_user2,1,linear,80,80,903.690391875,1477.3882520689062,0.11785469977835988,0.19348966531796488,0.0,0.1662271161078511
converter_user2,1,lagrange4,80,80,982.8217180146879,1571.1065999316693,0.12817460443719617,0.3282604743477303,0.0625,0.8352397230241287
converter_user2,1,pchip,80,80,883.4605834370235,1460.2793838517473,0.11521643116173257,0.19489261707393823,0.0,0.16393958543021714
converter_user2,2,causal_ffill,80,160,1668.294869375,2493.7485892456175,0.21757052275837965,0.29829245953770195,0.0,0.29214363764280515
converter_user2,2,linear,80,160,1200.6917845833334,1767.9023860255675,0.15658810923596211,0.23884780991343346,0.0,0.21630006171432048
converter_user2,2,lagrange4,80,160,1472.3037517029716,2195.6349843797,0.1920103590782759,0.2997521011347418,0.0125,0.39194838436196133
converter_user2,2,pchip,80,160,1253.4473102278475,1881.9934344938042,0.16346821628632432,0.26097433055791824,0.0,0.2287117989258039
converter_user2,3,causal_ffill,80,240,1758.9719445833334,2604.283273592713,0.22939616522569065,0.3198146431648348,0.0,0.30934982601689937
converter_user2,3,linear,80,240,1537.1235693749998,2386.8270480637552,0.2004638296696525,0.3302912318637453,0.0,0.28303663763558884
converter_user2,3,lagrange4,80,240,1917.5531798895745,2887.8627311038335,0.2500775225196649,0.43585091363351697,0.03333333333333333,0.6923735842613774
converter_user2,3,pchip,80,240,1575.3924803765658,2529.0803170174377,0.20545466619672514,0.3399703126351082,0.0,0.2904472443555022
generator_all,1,causal_ffill,80,80,4.582816874999999,7.307916543685604,0.0684832801768472,0.022473627489530315,0.0,0.07410168704922977
generator_all,1,linear,80,80,2.701986868749998,3.513391601861324,0.040377114952202454,0.01311288930006374,0.0,0.04365533727721839
generator_all,1,lagrange4,80,80,2.7899762263140686,3.638769173806841,0.04169198307610955,0.013535515808336182,0.0,0.045075862028193595
generator_all,1,pchip,80,80,2.736351088252456,3.679443707725069,0.04089063633794308,0.013253219454571774,0.0,0.04420394120158602
generator_all,2,causal_ffill,80,160,5.876044793750002,9.604950467442746,0.08780861922223017,0.02527836790357374,0.0,0.0941282111981236
generator_all,2,linear,80,160,3.732511377083334,5.393589197494062,0.05577674809449326,0.016310086348131254,0.0,0.05985426968152607
generator_all,2,lagrange4,80,160,3.9381976523926276,5.463109793495029,0.058850418983980524,0.01709527570807515,0.0,0.06312423791099932
generator_all,2,pchip,80,160,3.6189838464934807,5.1631333832612185,0.0540802505260255,0.015854831825492424,0.0,0.0580439584823986
generator_all,3,causal_ffill,80,240,8.648946737500001,13.826717066883456,0.1292454529200103,0.03847500743132103,0.0,0.13886420477784056
generator_all,3,linear,80,240,3.9944223541666672,5.800113028160022,0.05969061227764147,0.017550291742120163,0.0,0.0640781852131715
generator_all,3,lagrange4,80,240,4.020700065445269,5.520715841887828,0.0600832930050159,0.01781583398119148,0.0,0.06453725150031377
generator_all,3,pchip,80,240,3.45805578476577,5.000753461718548,0.05167542357347227,0.015190612538100324,0.0,0.05547307670799735
generator_1,1,causal_ffill,80,80,1.6347816249999993,2.7005555812581785,0.041948797181444335,0.030955189637299495,0.0,0.049687594590769206
generator_1,1,linear,80,80,1.2810261500000002,2.098997730922249,0.032871366627011435,0.02449831726311542,0.0,0.03899594594279029
generator_1,1,lagrange4,80,80,1.448828520854962,2.3242882460205,0.037177206326892025,0.027147347755545344,0.0,0.04396404326577836
generator_1,1,pchip,80,80,1.3132056394912257,2.1769800601512808,0.03369709824610144,0.024845074801847368,0.0,0.03990836694656328
generator_1,2,causal_ffill,80,160,1.4359090499999994,2.0017346231574997,0.03684569032848679,0.03307150413000404,0.0,0.045113566360987796
generator_1,2,linear,80,160,1.1247665291666666,1.5827483679056114,0.02886171601573367,0.025317531777746073,0.0,0.03519109896017019
generator_1,2,lagrange4,80,160,1.316137129229882,1.8511677034066976,0.033772320811981685,0.029372859611432746,0.0,0.04111553571483987
generator_1,2,pchip,80,160,1.1526616674467174,1.618966257143028,0.029577510394727984,0.02600970801476289,0.0,0.03607993739841871
generator_1,3,causal_ffill,80,240,2.0560035083333332,3.344022265778625,0.052757428182747666,0.03720797302574466,0.0,0.06205942143918383
generator_1,3,linear,80,240,1.4754599437499996,2.2976933782963327,0.03786057353667284,0.027653658374645108,0.0,0.04477398813033412
generator_1,3,lagrange4,80,240,1.854780059449343,2.8459636199609544,0.04759399747353277,0.03372645088217516,0.0,0.05602561019407656
generator_1,3,pchip,80,240,1.4780316685605295,2.3336114146279106,0.03792656446832612,0.028002928739062627,0.0,0.044927296653091774
generator_use_blast_furnace_gas,1,causal_ffill,80,80,20087.246625,26949.661934908963,0.15709571791752144,0.03397379149220482,0.0,0.16558916579057265
generator_use_blast_furnace_gas,1,linear,80,80,14741.692562499997,19473.670253082477,0.11528990606124563,0.025716612169172304,0.0,0.12171905910353871
generator_use_blast_furnace_gas,1,lagrange4,80,80,16981.703018984506,22499.296325154603,0.13280828761814004,0.029274096464707345,0.0,0.14012681173431688
generator_use_blast_furnace_gas,1,pchip,80,80,14990.636013448242,19972.5285232717,0.11723681052643536,0.026201063121246836,0.0,0.12378707630674707
generator_use_blast_furnace_gas,2,causal_ffill,80,160,26296.09375,35294.75393988809,0.20565305953586355,0.046161528036548424,0.0,0.21719344154500064
generator_use_blast_furnace_gas,2,linear,80,160,19359.517479166658,25287.986770453317,0.15140438874989376,0.034062067414873054,0.0,0.15991990560361202
generator_use_blast_furnace_gas,2,lagrange4,80,160,23634.34471456527,30690.370635316878,0.1848363999187375,0.04203241050004005,0.0,0.1953445025437475
generator_use_blast_furnace_gas,2,pchip,80,160,20318.026947754144,26558.354749121005,0.15890057455920664,0.03583935684937245,0.0,0.16786041377154975
generator_use_blast_furnace_gas,3,causal_ffill,80,240,32254.866541666663,40778.033114489306,0.2522546524315881,0.05540441580202833,0.0,0.2661057563820952
generator_use_blast_furnace_gas,3,linear,80,240,24231.103125,30311.81879825897,0.189503450244783,0.041788126481868325,0.0,0.19995048186525008
generator_use_blast_furnace_gas,3,lagrange4,80,240,30797.578193759444,39220.98118495444,0.24085768183122724,0.053680923641216086,0.0,0.2542779127415313
generator_use_blast_furnace_gas,3,pchip,80,240,25636.47967647267,32461.843792314085,0.20049443583975624,0.04427085986992368,0.0,0.21156215080723714
generator_use_coke_gas,1,causal_ffill,80,80,262.64663025000004,828.202268108122,0.030639232317809913,0.08793748112849176,0.0,0.05262360259993285
generator_use_coke_gas,1,linear,80,80,263.4763898125001,625.1258418921414,0.03073602851877074,0.14553746717466814,0.0,0.06712039531243777
generator_use_coke_gas,1,lagrange4,80,80,294.95324994913045,638.1482509427003,0.03440798436851242,0.2181142196920251,0.0375,0.4639365392915187
generator_use_coke_gas,1,pchip,80,80,262.76203164695806,614.1909219125728,0.030652694551107293,0.14594618720539668,0.0,0.06713924135245647
generator_use_coke_gas,2,causal_ffill,80,160,212.99784398749998,563.5652605586191,0.024847417303293737,0.17862568331387677,0.0,0.06950383813176293
generator_use_coke_gas,2,linear,80,160,186.9679242541666,413.6917522911906,0.02181087821971817,0.19128002569462035,0.0,0.06963088464337326
generator_use_coke_gas,2,lagrange4,80,160,228.56964555352678,421.6980204347032,0.02666395705990206,0.23661851070838677,0.05,0.5858185847369988
generator_use_coke_gas,2,pchip,80,160,171.97226110140417,353.87448684939284,0.020061548305758195,0.1892269247655898,0.0,0.06736827949715565
generator_use_coke_gas,3,causal_ffill,80,240,315.11285445833335,979.181891386762,0.03675971759046429,0.20364303302360837,0.0,0.08767047584636639
generator_use_coke_gas,3,linear,80,240,302.0960147708334,716.4985708704921,0.035241228756819724,0.20333879242875294,0.0,0.08607592686400796
generator_use_coke_gas,3,lagrange4,80,240,315.3181813178751,695.5103084320751,0.036783670143537596,0.2937735519727839,0.075,0.8602270581367335
generator_use_coke_gas,3,pchip,80,240,294.09434789568047,719.2368973309461,0.03430778852922505,0.20352932096252385,0.0,0.08519011876985602
generator_use_converter_gas,1,causal_ffill,80,80,6393.015265,10782.12619911132,0.1685381189527867,0.3592657631596709,0.0,0.25835455974270444
generator_use_converter_gas,1,linear,80,80,4624.28108875,7204.039311636889,0.12190924061666064,0.3246200632272071,0.0,0.20306425642346243
generator_use_converter_gas,1,lagrange4,80,80,4827.855904260706,7686.3556035768415,0.12727605346633009,0.3384137938115913,0.0,0.2118795019192279
generator_use_converter_gas,1,pchip,80,80,4583.539901729297,7120.537188942958,0.12083518670942771,0.3244306588028345,0.0,0.20194285141013635
generator_use_converter_gas,2,causal_ffill,80,160,6457.814095625,10602.620714052026,0.17024640097170624,0.3696861269036713,0.0,0.26266793269762406
generator_use_converter_gas,2,linear,80,160,5106.675776666666,7880.2088593833305,0.13462654065806628,0.3488781276467881,0.0,0.2218460725697633
generator_use_converter_gas,2,lagrange4,80,160,6258.89746846965,9553.171790344133,0.16500239125492427,0.418652304356174,0.0375,0.6446654673439678
generator_use_converter_gas,2,pchip,80,160,5321.816392225055,8387.779634292934,0.1402982609893262,0.3652390967325774,0.0,0.23160803517247056
generator_use_converter_gas,3,causal_ffill,80,240,9100.071484166667,14787.269535917569,0.23990384297593945,0.3918259354861161,0.0,0.3378603268474685
generator_use_converter_gas,3,linear,80,240,6733.6812549999995,10267.444536796667,0.17751904622510548,0.3630719375850237,0.0,0.2682870306213614
generator_use_converter_gas,3,lagrange4,80,240,7725.073995764466,11371.669655131662,0.2036549868956446,0.4439101826229868,0.029166666666666667,0.606299199218058
generator_use_converter_gas,3,pchip,80,240,6814.8649744377335,10483.77032492074,0.17965928065228332,0.36659417229465885,0.0,0.271307823725948
