fold,target,horizon_step,horizon_minutes,persistence_mape,model_mape
fold_1,generator_1,1,15,0.0315639101050429,0.030766649235642943
fold_1,generator_1,2,30,0.04327597785240371,0.04281835534352227
fold_1,generator_1,3,45,0.052937432946478416,0.053536355275793174
fold_1,generator_1,4,60,0.06344591728698333,0.06442853454850425
fold_1,generator_1,5,75,0.07216058146337911,0.07323032552774433
fold_1,generator_1,6,90,0.08152056746639438,0.08261647356405735
fold_1,generator_1,7,105,0.08908944209729608,0.09108551827925966
fold_1,generator_1,8,120,0.0957450883925385,0.09773738695759394
fold_1,generator_all,1,15,0.021867628621616758,0.020292658043088156
fold_1,generator_all,2,30,0.034460664544611025,0.031228461053507572
fold_1,generator_all,3,45,0.045921720600881386,0.04195479772245647
fold_1,generator_all,4,60,0.057118041819527565,0.05329797560351352
fold_1,generator_all,5,75,0.06733841745917016,0.06393950853774445
fold_1,generator_all,6,90,0.07712961577104581,0.07238286455795538
fold_1,generator_all,7,105,0.08517687677164319,0.08017006958418771
fold_1,generator_all,8,120,0.09254614559271891,0.08692073011333859
fold_2,generator_1,1,15,0.03436640942967079,0.03312161105392885
fold_2,generator_1,2,30,0.04905669030466804,0.047231156255503476
fold_2,generator_1,3,45,0.05889929757559423,0.05714763333762815
fold_2,generator_1,4,60,0.06910600739867008,0.06694597842584817
fold_2,generator_1,5,75,0.0784322794636536,0.07547896045677396
fold_2,generator_1,6,90,0.08647526718625473,0.08293044503008423
fold_2,generator_1,7,105,0.0942404167443504,0.08996842707516775
fold_2,generator_1,8,120,0.10060849707994854,0.09595619020543378
fold_2,generator_all,1,15,0.018177061607603906,0.016485922876877366
fold_2,generator_all,2,30,0.030040556664976775,0.026915013351371087
fold_2,generator_all,3,45,0.040090566727575654,0.0354648902396827
fold_2,generator_all,4,60,0.049366460246698954,0.0436080348227573
fold_2,generator_all,5,75,0.05768168370142495,0.051025032732622294
fold_2,generator_all,6,90,0.06492988332888273,0.05731023174553402
fold_2,generator_all,7,105,0.07053549419876445,0.06360924589850858
fold_2,generator_all,8,120,0.07541573764948732,0.06893891234103171
fold_3,generator_1,1,15,0.027609963787863775,0.026827161958185186
fold_3,generator_1,2,30,0.037944465848896096,0.03674961861895295
fold_3,generator_1,3,45,0.04587706297560299,0.043573065374796334
fold_3,generator_1,4,60,0.05555125637580991,0.05228920983475635
fold_3,generator_1,5,75,0.062458934908103406,0.057790994597663854
fold_3,generator_1,6,90,0.06867434750875198,0.06342434291943791
fold_3,generator_1,7,105,0.07389960412317709,0.06796434229518715
fold_3,generator_1,8,120,0.0775581279288275,0.07082388228791274
fold_3,generator_all,1,15,0.016578084637220443,0.01561080560680494
fold_3,generator_all,2,30,0.025849835622875933,0.023496214516783333
fold_3,generator_all,3,45,0.034522939211632,0.03081190754396162
fold_3,generator_all,4,60,0.04247617944960149,0.03785678696828574
fold_3,generator_all,5,75,0.049257105678762826,0.04312808281872889
fold_3,generator_all,6,90,0.055284032560518656,0.04870556235342249
fold_3,generator_all,7,105,0.060042963905291825,0.05336278362294365
fold_3,generator_all,8,120,0.06411589075431497,0.056341232270090455
