evaluation_fold,calibration_folds,target,horizon_step,horizon_minutes,selected_beta,calibration_mape,calibration_persistence_mape,calibration_samples
fold_1,fold_2+fold_3,generator_1,1,15,0.5,0.030384306418867295,0.031008245957093162,2863
fold_1,fold_2+fold_3,generator_1,2,30,0.45,0.04269922581904786,0.04353356842092987,2863
fold_1,fold_2+fold_3,generator_1,3,45,0.25,0.0518851655409668,0.05242684186862931,2863
fold_1,fold_2+fold_3,generator_1,4,60,0.25,0.061449984440361725,0.06236887478897009,2863
fold_1,fold_2+fold_3,generator_1,5,75,0.35,0.06880686582732763,0.07049303103666117,2863
fold_1,fold_2+fold_3,generator_1,6,90,0.4,0.07513170373575394,0.07762765666964722,2863
fold_1,fold_2+fold_3,generator_1,7,105,0.4,0.0814076255798237,0.0841304007354453,2863
fold_1,fold_2+fold_3,generator_1,8,120,0.45,0.08576361397215071,0.08915174757340553,2863
fold_1,fold_2+fold_3,generator_all,1,15,0.75,0.01598337749246511,0.017382320344111874,2863
fold_1,fold_2+fold_3,generator_all,2,30,0.7,0.025551362213982916,0.027957637992223717,2863
fold_1,fold_2+fold_3,generator_all,3,45,0.65,0.0343783950048285,0.03732328345113041,2863
fold_1,fold_2+fold_3,generator_all,4,60,0.6,0.042418083741030704,0.045941776792944165,2863
fold_1,fold_2+fold_3,generator_all,5,75,0.55,0.04937607114426398,0.053494406418524834,2863
fold_1,fold_2+fold_3,generator_all,6,90,0.55,0.05584476590518538,0.06013559527206041,2863
fold_1,fold_2+fold_3,generator_all,7,105,0.55,0.060842287515778484,0.06532038046683492,2863
fold_1,fold_2+fold_3,generator_all,8,120,0.55,0.06537119872048652,0.06979936272141105,2863
fold_2,fold_1+fold_3,generator_1,1,15,0.15,0.02943313390044666,0.02959867534713257,2863
fold_2,fold_1+fold_3,generator_1,2,30,0.05,0.040558853875887244,0.04062604975008558,2863
fold_2,fold_1+fold_3,generator_1,3,45,0.05,0.04934756471517232,0.049428209615774335,2863
fold_2,fold_1+fold_3,generator_1,4,60,0.05,0.05935788397682787,0.059522025431789236,2863
fold_2,fold_1+fold_3,generator_1,5,75,0.1,0.06705353186360667,0.06733856224077878,2863
fold_2,fold_1+fold_3,generator_1,6,90,0.1,0.07478138859871154,0.07513559656481363,2863
fold_2,fold_1+fold_3,generator_1,7,105,0.1,0.08123557466269282,0.08153962085792749,2863
fold_2,fold_1+fold_3,generator_1,8,120,0.1,0.08623181597094938,0.08670560418977477,2863
fold_2,fold_1+fold_3,generator_all,1,15,0.5,0.018406495065731755,0.019238561043838646,2863
fold_2,fold_1+fold_3,generator_all,2,30,0.4,0.02880359540802084,0.030180814522318813,2863
fold_2,fold_1+fold_3,generator_all,3,45,0.3,0.03856661257172694,0.04025617133964721,2863
fold_2,fold_1+fold_3,generator_all,4,60,0.3,0.04783509977609232,0.04984058080704373,2863
fold_2,fold_1+fold_3,generator_all,5,75,0.35,0.055739623346159825,0.0583514425177826,2863
fold_2,fold_1+fold_3,generator_all,6,90,0.3,0.06361479483298159,0.06627168130710191,2863
fold_2,fold_1+fold_3,generator_all,7,105,0.3,0.06968828179654314,0.07268454016603663,2863
fold_2,fold_1+fold_3,generator_all,8,120,0.35,0.07514803127677688,0.07841542455802393,2863
fold_3,fold_1+fold_2,generator_1,1,15,0.3,0.032548744387850125,0.03296515916453838,2880
fold_3,fold_1+fold_2,generator_1,2,30,0.1,0.0459849046265145,0.0461663333232908,2880
fold_3,fold_1+fold_2,generator_1,3,45,0.1,0.055759527505979276,0.0559183649416316,2880
fold_3,fold_1+fold_2,generator_1,4,60,0.1,0.06602441090505524,0.06627596221314527,2880
fold_3,fold_1+fold_2,generator_1,5,75,0.1,0.07498907224373877,0.07529643082629157,2880
fold_3,fold_1+fold_2,generator_1,6,90,0.1,0.08354489382045802,0.08399791718211046,2880
fold_3,fold_1+fold_2,generator_1,7,105,0.1,0.09116146389797067,0.09166492935016828,2880
fold_3,fold_1+fold_2,generator_1,8,120,0.1,0.09746176949847221,0.09817679321820413,2880
fold_3,fold_1+fold_2,generator_all,1,15,0.6,0.018690207493098715,0.020022345312415056,2880
fold_3,fold_1+fold_2,generator_all,2,30,0.45,0.030463424517993134,0.032250609942780055,2880
fold_3,fold_1+fold_2,generator_all,3,45,0.4,0.04089197986770082,0.043006143678393054,2880
fold_3,fold_1+fold_2,generator_all,4,60,0.35,0.050752812153121094,0.0532422509393787,2880
fold_3,fold_1+fold_2,generator_all,5,75,0.35,0.059568860878954646,0.06251005023755651,2880
fold_3,fold_1+fold_2,generator_all,6,90,0.3,0.06829449594934792,0.07102974952557847,2880
fold_3,fold_1+fold_2,generator_all,7,105,0.3,0.0748949120662647,0.07785618554918969,2880
fold_3,fold_1+fold_2,generator_all,8,120,0.35,0.08101003478987787,0.08398094166821274,2880
