fold,model,target,horizon_step,horizon_minutes,mape,score_1_minus_mape,mae,rmse,samples
fold_1,persistence,generator_1,1,15,0.03156390893665046,0.9684360910633495,2.37625978257921,3.8438534938870896,1440
fold_1,xgb_fixed_beta_0.25,generator_1,1,15,0.03149286823152859,0.9685071317684714,2.3707028458915174,3.8335861070956048,1440
fold_1,xgb_crossfold_calibrated,generator_1,1,15,0.032486703560344304,0.9675132964396557,2.4440124994735624,3.8754900474988534,1440
fold_1,persistence,generator_1,2,30,0.043275977089045244,0.9567240229109547,3.2152570300632055,5.3616611762368045,1440
fold_1,xgb_fixed_beta_0.25,generator_1,2,30,0.044515341905623035,0.955484658094377,3.329334527173261,5.389279449349987,1440
fold_1,xgb_crossfold_calibrated,generator_1,2,30,0.0476872401429186,0.9523127598570814,3.587612593322346,5.534805035929509,1440
fold_1,persistence,generator_1,3,45,0.05293743294860251,0.9470625670513975,3.907463190290663,6.586505696723614,1440
fold_1,xgb_fixed_beta_0.25,generator_1,3,45,0.055114893437500555,0.9448851065624995,4.12215014628471,6.66810212546851,1440
fold_1,xgb_crossfold_calibrated,generator_1,3,45,0.055114893437500555,0.9448851065624995,4.12215014628471,6.66810212546851,1440
fold_1,persistence,generator_1,4,60,0.06344591717508666,0.9365540828249134,4.640525237719218,7.7485949609805616,1440
fold_1,xgb_fixed_beta_0.25,generator_1,4,60,0.06599790298778622,0.9340020970122138,4.883872042409429,7.810798835992365,1440
fold_1,xgb_crossfold_calibrated,generator_1,4,60,0.06599790298778622,0.9340020970122138,4.883872042409429,7.810798835992365,1440
fold_1,persistence,generator_1,5,75,0.07216058215871822,0.9278394178412818,5.251942939228481,8.71218842727229,1440
fold_1,xgb_fixed_beta_0.25,generator_1,5,75,0.07522338755181265,0.9247766124481873,5.53745129057465,8.772560697786297,1440
fold_1,xgb_crossfold_calibrated,generator_1,5,75,0.07853406706214465,0.9214659329378554,5.807141476466528,8.890639593631079,1440
fold_1,persistence,generator_1,6,90,0.08152056715428455,0.9184794328457154,5.910423233773973,9.55147950050697,1440
fold_1,xgb_fixed_beta_0.25,generator_1,6,90,0.0851846189635182,0.9148153810364819,6.259747763048573,9.641027449609593,1440
fold_1,xgb_crossfold_calibrated,generator_1,6,90,0.09174928726555619,0.9082507127344438,6.79761896528821,9.90282657497304,1440
fold_1,persistence,generator_1,7,105,0.08908944227053858,0.9109105577294614,6.4418470091289946,10.235238338990474,1440
fold_1,xgb_fixed_beta_0.25,generator_1,7,105,0.09286615857129815,0.9071338414287018,6.814927723031724,10.317702446616273,1440
fold_1,xgb_crossfold_calibrated,generator_1,7,105,0.09892172935416065,0.9010782706458393,7.330062804256256,10.58039340792324,1440
fold_1,persistence,generator_1,8,120,0.09574508887537954,0.9042549111246204,6.915420026249356,10.817008423848241,1440
fold_1,xgb_fixed_beta_0.25,generator_1,8,120,0.09919529245611813,0.9008047075438819,7.28376165122932,10.885514168100142,1440
fold_1,xgb_crossfold_calibrated,generator_1,8,120,0.10825443815767,0.89174556184233,8.057144332585029,11.281844465685417,1440
fold_1,persistence,generator_all,1,15,0.021867629035789274,0.9781323709642107,4.078978061676025,6.210054601196662,1440
fold_1,xgb_fixed_beta_0.25,generator_all,1,15,0.021120629468287824,0.9788793705317121,3.9461443404770558,5.904223930890482,1440
fold_1,xgb_crossfold_calibrated,generator_all,1,15,0.02138140098912159,0.9786185990108784,4.003711700253189,5.648177453637054,1440
fold_1,persistence,generator_all,2,30,0.03446066355585723,0.9655393364441428,6.363779248131646,9.929483619488567,1440
fold_1,xgb_fixed_beta_0.25,generator_all,2,30,0.033173004636499866,0.9668269953635001,6.143846459371141,9.360617637108325,1440
fold_1,xgb_crossfold_calibrated,generator_all,2,30,0.035048359119685214,0.9649516408803148,6.5240287315866174,9.06356278043039,1440
fold_1,persistence,generator_all,3,45,0.04592171938145681,0.9540782806185432,8.405503209431966,13.17308128539426,1440
fold_1,xgb_fixed_beta_0.25,generator_all,3,45,0.04432244383817899,0.955677556161821,8.133720305117054,12.422950031342035,1440
fold_1,xgb_crossfold_calibrated,generator_all,3,45,0.047216095275273005,0.952783904724727,8.732033443072188,12.112128363462993,1440
fold_1,persistence,generator_all,4,60,0.05711804117978392,0.9428819588202161,10.402522330813937,16.060886959678907,1440
fold_1,xgb_fixed_beta_0.25,generator_all,4,60,0.05531385862119927,0.9446861413788007,10.092125791445788,15.114821585414068,1440
fold_1,xgb_crossfold_calibrated,generator_all,4,60,0.05808802240114035,0.9419119775988597,10.629147243359023,14.665166824720766,1440
fold_1,persistence,generator_all,5,75,0.0673384163320617,0.9326615836679383,12.210097927517362,18.528235986610795,1440
fold_1,xgb_fixed_beta_0.25,generator_all,5,75,0.06501723549344002,0.93498276450656,11.770837784775843,17.425962918276102,1440
fold_1,xgb_crossfold_calibrated,generator_all,5,75,0.06747730220831501,0.932522697791685,12.196893039037372,16.881291351052315,1440
fold_1,persistence,generator_all,6,90,0.07712961560832979,0.9228703843916702,13.944821283552383,20.69964000490692,1440
fold_1,xgb_fixed_beta_0.25,generator_all,6,90,0.07498114657658336,0.9250188534234166,13.538861740214957,19.530083854476256,1440
fold_1,xgb_crossfold_calibrated,generator_all,6,90,0.07863167117799848,0.9213683288220015,14.188234740462565,19.087209623712297,1440
fold_1,persistence,generator_all,7,105,0.08517687625016694,0.9148231237498331,15.34381144841512,22.480788092244744,1440
fold_1,xgb_fixed_beta_0.25,generator_all,7,105,0.08274228802895812,0.9172577119710419,14.903421375838418,21.273514161888702,1440
fold_1,xgb_crossfold_calibrated,generator_all,7,105,0.08600833914107993,0.91399166085892,15.499305144097242,20.79422489181935,1440
fold_1,persistence,generator_all,8,120,0.09254614480648451,0.9074538551935155,16.645291413201225,23.961600778486464,1440
fold_1,xgb_fixed_beta_0.25,generator_all,8,120,0.0900338356594762,0.9099661643405238,16.188054058949152,22.79408169177876,1440
fold_1,xgb_crossfold_calibrated,generator_all,8,120,0.09238888827166522,0.9076111117283348,16.63434469679991,22.232582600807998,1440
fold_2,persistence,generator_1,1,15,0.034366409392426286,0.9656335906075737,1.4209353261523776,2.2386233495751235,1440
fold_2,xgb_fixed_beta_0.25,generator_1,1,15,0.03361409509065531,0.9663859049093447,1.3908147534510136,2.2047872024032458,1440
fold_2,xgb_crossfold_calibrated,generator_1,1,15,0.03388928913641491,0.9661107108635851,1.4017601651379785,2.2174829164696956,1440
fold_2,persistence,generator_1,2,30,0.049056689557536365,0.9509433104424636,2.0253791464699638,3.183386271323828,1440
fold_2,xgb_fixed_beta_0.25,generator_1,2,30,0.04797562287752185,0.9520243771224781,1.9828332874711527,3.130226753313723,1440
fold_2,xgb_crossfold_calibrated,generator_1,2,30,0.048822944434003035,0.951177055565997,2.0161324796038103,3.1719261253818325,1440
fold_2,persistence,generator_1,3,45,0.05889929693466068,0.9411007030653393,2.422040989663866,3.8447862875808405,1440
fold_2,xgb_fixed_beta_0.25,generator_1,3,45,0.05782703897133035,0.9421729610286697,2.3813144660195675,3.7698690815209135,1440
fold_2,xgb_crossfold_calibrated,generator_1,3,45,0.05864184566189861,0.9413581543381014,2.412045102950453,3.828909170945394,1440
fold_2,persistence,generator_1,4,60,0.06910600725120387,0.9308939927487961,2.8426607661777075,4.379053794495359,1440
fold_2,xgb_fixed_beta_0.25,generator_1,4,60,0.06763648753771936,0.9323635124622807,2.7897647990829784,4.270894156919982,1440
fold_2,xgb_crossfold_calibrated,generator_1,4,60,0.06873100391726882,0.9312689960827312,2.8285623326853155,4.355980937320545,1440
fold_2,persistence,generator_1,5,75,0.07843227949386493,0.9215677205061351,3.2316244641939798,4.83840428316472,1440
fold_2,xgb_fixed_beta_0.25,generator_1,5,75,0.07659239550582873,0.9234076044941713,3.165334747909502,4.707877321798484,1440
fold_2,xgb_crossfold_calibrated,generator_1,5,75,0.07758217474769784,0.9224178252523022,3.2001416925224313,4.783170462936208,1440
fold_2,persistence,generator_1,6,90,0.08647526720993637,0.9135247327900636,3.5643533719910514,5.230025797049867,1440
fold_2,xgb_fixed_beta_0.25,generator_1,6,90,0.08384772398848023,0.9161522760115197,3.4651700477399574,5.060353548021817,1440
fold_2,xgb_crossfold_calibrated,generator_1,6,90,0.08528733850370172,0.9147126614962983,3.518531898691597,5.1585506120345626,1440
fold_2,persistence,generator_1,7,105,0.09424041642979797,0.905759583570202,3.881960864861806,5.565253831828195,1440
fold_2,xgb_fixed_beta_0.25,generator_1,7,105,0.09123188776933584,0.9087681122306641,3.7702043494009154,5.373172248726863,1440
fold_2,xgb_crossfold_calibrated,generator_1,7,105,0.09286963748829259,0.9071303625117074,3.8296922665174735,5.484140890628948,1440
fold_2,persistence,generator_1,8,120,0.10060849756102876,0.8993915024389713,4.1388328512509664,5.871958620350562,1440
fold_2,xgb_fixed_beta_0.25,generator_1,8,120,0.09736448873940981,0.9026355112605902,4.019708022063424,5.6521655381659475,1440
fold_2,xgb_crossfold_calibrated,generator_1,8,120,0.09905754500091381,0.9009424549990862,4.0797233773528,5.779120388816052,1440
fold_2,persistence,generator_all,1,15,0.018177061589040835,0.9818229384109591,4.562544971042209,7.207851988748026,1440
fold_2,xgb_fixed_beta_0.25,generator_all,1,15,0.017159944172571513,0.9828400558274285,4.316539691029175,6.805798530218424,1440
fold_2,xgb_crossfold_calibrated,generator_all,1,15,0.016478882040197866,0.9835211179598021,4.152405148398247,6.476470419083203,1440
fold_2,persistence,generator_all,2,30,0.03004055632970288,0.9699594436702971,7.469774892595079,11.879296380018115,1440
fold_2,xgb_fixed_beta_0.25,generator_all,2,30,0.028398201815683876,0.9716017981843161,7.0745844933256095,11.25005218074847,1440
fold_2,xgb_crossfold_calibrated,generator_all,2,30,0.027679447203792465,0.9723205527962075,6.903572875451711,10.929418465517475,1440
fold_2,persistence,generator_all,3,45,0.040090567975329304,0.9599094320246707,9.948855135175917,15.638508798451682,1440
fold_2,xgb_fixed_beta_0.25,generator_all,3,45,0.03789898526024393,0.9621010147397561,9.425953988066693,14.805916354720827,1440
fold_2,xgb_crossfold_calibrated,generator_all,3,45,0.03758001869231705,0.9624199813076829,9.351778450407242,14.659388090939082,1440
fold_2,persistence,generator_all,4,60,0.04936646069897348,0.9506335393010266,12.233983792199028,18.81503573502928,1440
fold_2,xgb_fixed_beta_0.25,generator_all,4,60,0.046624644906467005,0.953375355093533,11.58491783597015,17.85109691576399,1440
fold_2,xgb_crossfold_calibrated,generator_all,4,60,0.046255937698942644,0.9537440623010573,11.50112717849875,17.682231180210877,1440
fold_2,persistence,generator_all,5,75,0.05768168414305132,0.9423183158569487,14.289567936791315,21.46269203697482,1440
fold_2,xgb_fixed_beta_0.25,generator_all,5,75,0.054573129826249574,0.9454268701737504,13.562146610890826,20.319314802982376,1440
fold_2,xgb_crossfold_calibrated,generator_all,5,75,0.053803658297705274,0.9461963417022947,13.39619426679694,19.939054672778546,1440
fold_2,persistence,generator_all,6,90,0.06492988344282716,0.9350701165571729,16.083654350704617,23.57663968103127,1440
fold_2,xgb_fixed_beta_0.25,generator_all,6,90,0.06175578926980209,0.9382442107301979,15.361108845320995,22.350080759166527,1440
fold_2,xgb_crossfold_calibrated,generator_all,6,90,0.06135844760952344,0.9386415523904765,15.28054463608449,22.142362082678826,1440
fold_2,persistence,generator_all,7,105,0.07053549484821242,0.9294645051517876,17.456784576839873,25.309850547913495,1440
fold_2,xgb_fixed_beta_0.25,generator_all,7,105,0.06723209250958453,0.9327679074904155,16.72912001418105,23.954104074107576,1440
fold_2,xgb_crossfold_calibrated,generator_all,7,105,0.06686509934986432,0.9331349006501357,16.663445643568412,23.72546698133137,1440
fold_2,persistence,generator_all,8,120,0.07541573852994096,0.924584261470059,18.646809090508356,26.726090311377796,1440
fold_2,xgb_fixed_beta_0.25,generator_all,8,120,0.07232855048518409,0.927671449514816,18.004504870323256,25.31258243838874,1440
fold_2,xgb_crossfold_calibrated,generator_all,8,120,0.07175010679030178,0.9282498932096982,17.92610125541066,24.86220948779047,1440
fold_3,persistence,generator_1,1,15,0.027609963914310528,0.9723900360856895,2.89401583426952,4.343934321051813,1423
fold_3,xgb_fixed_beta_0.25,generator_1,1,15,0.027435199561851118,0.9725648004381489,2.8853558586563985,4.313976944135389,1423
fold_3,xgb_crossfold_calibrated,generator_1,1,15,0.02745085533540827,0.9725491446645917,2.889140334260602,4.313977140790888,1423
fold_3,persistence,generator_1,2,30,0.03794446481115239,0.9620555351888476,3.950400973740214,5.94120217114001,1423
fold_3,xgb_fixed_beta_0.25,generator_1,2,30,0.037699089080518,0.962300910919482,3.940003957238293,5.859304345512834,1423
fold_3,xgb_crossfold_calibrated,generator_1,2,30,0.037775282904282774,0.9622247170957172,3.9384325731967826,5.899297618090756,1423
fold_3,persistence,generator_1,3,45,0.045877063024577884,0.9541229369754222,4.774826604718485,7.216490753103859,1423
fold_3,xgb_fixed_beta_0.25,generator_1,3,45,0.04587230697475211,0.9541276930252479,4.803873794045957,7.140240124118318,1423
fold_3,xgb_crossfold_calibrated,generator_1,3,45,0.045674764826609954,0.9543252351733901,4.76444117331212,7.166889306354088,1423
fold_3,persistence,generator_1,4,60,0.05555125655592958,0.9444487434440704,5.794110470394475,8.561657469916529,1423
fold_3,xgb_fixed_beta_0.25,generator_1,4,60,0.05518957371640176,0.9448104262835982,5.797471145364454,8.433890600026668,1423
fold_3,xgb_crossfold_calibrated,generator_1,4,60,0.05513455568395464,0.9448654443160454,5.766729474131106,8.485544129776336,1423
fold_3,persistence,generator_1,5,75,0.06245893561967351,0.9375410643803265,6.532320026604122,9.45810842961969,1423
fold_3,xgb_fixed_beta_0.25,generator_1,5,75,0.06121819266123498,0.938781807338765,6.448669542942834,9.237099671941284,1423
fold_3,xgb_crossfold_calibrated,generator_1,5,75,0.06164727006340342,0.9383527299365966,6.464764706711453,9.338550698794613,1423
fold_3,persistence,generator_1,6,90,0.06867434733864483,0.9313256526613551,7.194429490068641,10.386507785141557,1423
fold_3,xgb_fixed_beta_0.25,generator_1,6,90,0.06709890752032992,0.9329010924796701,7.086572284946335,10.154224365028883,1423
fold_3,xgb_crossfold_calibrated,generator_1,6,90,0.06767645031660051,0.9323235496833995,7.111196610050093,10.261628166941529,1423
fold_3,persistence,generator_1,7,105,0.07389960481143418,0.9261003951885658,7.7454999252179935,11.134293568263587,1423
fold_3,xgb_fixed_beta_0.25,generator_1,7,105,0.07233908527496168,0.9276609147250383,7.644486458651565,10.897824725940827,1423
fold_3,xgb_crossfold_calibrated,generator_1,7,105,0.07291968532415699,0.9270803146758431,7.6665168568094675,11.004857467827453,1423
fold_3,persistence,generator_1,8,120,0.07755812847138345,0.9224418715286166,8.157137572555918,11.642636765275329,1423
fold_3,xgb_fixed_beta_0.25,generator_1,8,120,0.07549063240594081,0.9245093675940592,7.989273709975096,11.410651070935335,1423
fold_3,xgb_crossfold_calibrated,generator_1,8,120,0.07648254235456363,0.9235174576454364,8.064498635129224,11.526488773993579,1423
fold_3,persistence,generator_all,1,15,0.01657808465001651,0.9834219153499835,5.144128216376878,8.061871212043267,1423
fold_3,xgb_fixed_beta_0.25,generator_all,1,15,0.016042827077021378,0.9839571729229786,4.988341549123119,7.782351941104295,1423
fold_3,xgb_crossfold_calibrated,generator_all,1,15,0.0157769740480603,0.9842230259519397,4.920991583446268,7.5496603610400035,1423
fold_3,persistence,generator_all,2,30,0.0258498358798063,0.9741501641201937,7.988355796100887,12.544640559088524,1423
fold_3,xgb_fixed_beta_0.25,generator_all,2,30,0.02466184800163456,0.9753381519983655,7.638565165284584,11.91757865671471,1423
fold_3,xgb_crossfold_calibrated,generator_all,2,30,0.02420109637503217,0.9757989036249678,7.512940638281998,11.551996747557512,1423
fold_3,persistence,generator_all,3,45,0.03452293930858198,0.965477060691418,10.652626836459065,16.254003490564948,1423
fold_3,xgb_fixed_beta_0.25,generator_all,3,45,0.03288991172547283,0.9671100882745272,10.186584359512665,15.432433714537796,1423
fold_3,xgb_crossfold_calibrated,generator_all,3,45,0.03246749665424754,0.9675325033457525,10.08487178874284,15.086361823370861,1423
fold_3,persistence,generator_all,4,60,0.04247617958656173,0.9575238204134383,13.12941825046392,19.46899584268908,1423
fold_3,xgb_fixed_beta_0.25,generator_all,4,60,0.040409513090303883,0.9595904869096961,12.540722017630003,18.481066317662236,1423
fold_3,xgb_crossfold_calibrated,generator_all,4,60,0.040024267604316155,0.9599757323956839,12.447721941154438,18.196283041909325,1423
fold_3,persistence,generator_all,5,75,0.04925710499665686,0.9507428950033432,15.234404573956596,22.1178035192952,1423
fold_3,xgb_fixed_beta_0.25,generator_all,5,75,0.04657357219740982,0.9534264278025901,14.456330479776522,20.931044657702895,1423
fold_3,xgb_crossfold_calibrated,generator_all,5,75,0.04603056237340954,0.9539694376265905,14.318400910866622,20.591213141339612,1423
fold_3,persistence,generator_all,6,90,0.055284031697988664,0.9447159683020113,17.103292115373,24.39239872575902,1423
fold_3,xgb_fixed_beta_0.25,generator_all,6,90,0.05221273050397556,0.9477872694960244,16.20729090766333,23.10787470260504,1423
fold_3,xgb_crossfold_calibrated,generator_all,6,90,0.051860276760659206,0.9481397232393408,16.114236545299907,22.91838070820768,1423
fold_3,persistence,generator_all,7,105,0.06004296324323436,0.9399570367567657,18.56316257243582,26.230042002845572,1423
fold_3,xgb_fixed_beta_0.25,generator_all,7,105,0.05665628565004608,0.9433437143499539,17.577220351896653,24.84982149682086,1423
fold_3,xgb_crossfold_calibrated,generator_all,7,105,0.05629370843040431,0.9437062915695957,17.484292687154202,24.647688869120984,1423
fold_3,persistence,generator_all,8,120,0.06411589036421983,0.9358841096357802,19.823543524457296,27.733107348753624,1423
fold_3,xgb_fixed_beta_0.25,generator_all,8,120,0.06057719017079735,0.9394228098292027,18.79138208984365,26.318931214136654,1423
fold_3,xgb_crossfold_calibrated,generator_all,8,120,0.059845444222486686,0.9401545557775133,18.604953757904404,25.90795113851586,1423
