fold,model,target,horizon_step,horizon_minutes,mape,score_1_minus_mape,mae,rmse,samples,runtime_seconds
fold_1,persistence,generator_1,1,15,0.03156391158699989,0.9684360884130001,2.3762598037719727,3.84385347366333,1440,0.00010990000009769574
fold_1,persistence,generator_all,1,15,0.021867629140615463,0.9781323708593845,4.078977584838867,6.210054397583008,1440,0.00010990000009769574
fold_1,persistence,generator_120_component,1,15,0.023752907291054726,0.9762470927089453,2.643690586090088,4.2685933113098145,1440,0.00010990000009769574
fold_1,persistence,generator_1,2,30,0.043275974690914154,0.9567240253090858,3.215257167816162,5.361660957336426,1440,0.00010990000009769574
fold_1,persistence,generator_all,2,30,0.03446066007018089,0.9655393399298191,6.363779067993164,9.929483413696289,1440,0.00010990000009769574
fold_1,persistence,generator_120_component,2,30,0.038450662046670914,0.9615493379533291,4.274376392364502,7.183499336242676,1440,0.00010990000009769574
fold_1,persistence,generator_1,3,45,0.05293743312358856,0.9470625668764114,3.907463312149048,6.586505889892578,1440,0.00010990000009769574
fold_1,persistence,generator_all,3,45,0.04592171683907509,0.9540782831609249,8.405503273010254,13.173080444335938,1440,0.00010990000009769574
fold_1,persistence,generator_120_component,3,45,0.05303260311484337,0.9469673968851566,5.8474555015563965,9.729353904724121,1440,0.00010990000009769574
fold_1,persistence,generator_1,4,60,0.06344591826200485,0.9365540817379951,4.6405253410339355,7.748594760894775,1440,0.00010990000009769574
fold_1,persistence,generator_all,4,60,0.057118043303489685,0.9428819566965103,10.402521133422852,16.06088638305664,1440,0.00010990000009769574
fold_1,persistence,generator_120_component,4,60,0.06653888523578644,0.9334611147642136,7.312491416931152,11.927823066711426,1440,0.00010990000009769574
fold_1,persistence,generator_1,5,75,0.07216058671474457,0.9278394132852554,5.2519426345825195,8.712187767028809,1440,0.00010990000009769574
fold_1,persistence,generator_all,5,75,0.06733841449022293,0.9326615855097771,12.210098266601562,18.528236389160156,1440,0.00010990000009769574
fold_1,persistence,generator_120_component,5,75,0.07895541191101074,0.9210445880889893,8.64008617401123,13.827413558959961,1440,0.00010990000009769574
fold_1,persistence,generator_1,6,90,0.08152056485414505,0.918479435145855,5.910423278808594,9.55147933959961,1440,0.00010990000009769574
fold_1,persistence,generator_all,6,90,0.07712961733341217,0.9228703826665878,13.94482135772705,20.69964027404785,1440,0.00010990000009769574
fold_1,persistence,generator_120_component,6,90,0.09065337479114532,0.9093466252088547,9.88636589050293,15.52153491973877,1440,0.00010990000009769574
fold_1,persistence,generator_1,7,105,0.08908943831920624,0.9109105616807938,6.44184684753418,10.235238075256348,1440,0.00010990000009769574
fold_1,persistence,generator_all,7,105,0.08517687022686005,0.91482312977314,15.34381103515625,22.480789184570312,1440,0.00010990000009769574
fold_1,persistence,generator_120_component,7,105,0.10061947256326675,0.8993805274367332,10.951740264892578,16.954669952392578,1440,0.00010990000009769574
fold_1,persistence,generator_1,8,120,0.09574508666992188,0.9042549133300781,6.915420055389404,10.817008018493652,1440,0.00010990000009769574
fold_1,persistence,generator_all,8,120,0.09254614263772964,0.9074538573622704,16.64529037475586,23.961599349975586,1440,0.00010990000009769574
fold_1,persistence,generator_120_component,8,120,0.10979968309402466,0.8902003169059753,11.932580947875977,18.139997482299805,1440,0.00010990000009769574
fold_1,linear_trend,generator_1,1,15,0.04916759207844734,0.9508324079215527,3.6735596656799316,5.501473903656006,1440,0.00024189999749069102
fold_1,linear_trend,generator_all,1,15,0.02818642184138298,0.971813578158617,5.2814621925354,7.461543560028076,1440,0.00024189999749069102
fold_1,linear_trend,generator_120_component,1,15,0.02909700572490692,0.9709029942750931,3.2455804347991943,4.613499641418457,1440,0.00024189999749069102
fold_1,linear_trend,generator_1,2,30,0.08133534342050552,0.9186646565794945,6.102085590362549,9.043264389038086,1440,0.00024189999749069102
fold_1,linear_trend,generator_all,2,30,0.05003758519887924,0.9499624148011208,9.358601570129395,13.194334983825684,1440,0.00024189999749069102
fold_1,linear_trend,generator_120_component,2,30,0.05292670056223869,0.9470732994377613,5.913811683654785,8.642791748046875,1440,0.00024189999749069102
fold_1,linear_trend,generator_1,3,45,0.11064132302999496,0.889358676970005,8.346060752868652,12.387277603149414,1440,0.00024189999749069102
fold_1,linear_trend,generator_all,3,45,0.07253675162792206,0.9274632483720779,13.565144538879395,19.048908233642578,1440,0.00024189999749069102
fold_1,linear_trend,generator_120_component,3,45,0.07990161329507828,0.9200983867049217,8.874829292297363,12.933816909790039,1440,0.00024189999749069102
fold_1,linear_trend,generator_1,4,60,0.14420707523822784,0.8557929247617722,10.861035346984863,15.940279006958008,1440,0.00024189999749069102
fold_1,linear_trend,generator_all,4,60,0.0975637212395668,0.9024362787604332,18.146766662597656,25.244239807128906,1440,0.00024189999749069102
fold_1,linear_trend,generator_120_component,4,60,0.10831154882907867,0.8916884511709213,11.96638298034668,17.346078872680664,1440,0.00024189999749069102
fold_1,linear_trend,generator_1,5,75,0.17550614476203918,0.8244938552379608,13.192914962768555,19.25381088256836,1440,0.00024189999749069102
fold_1,linear_trend,generator_all,5,75,0.122237928211689,0.877762071788311,22.64055633544922,31.086780548095703,1440,0.00024189999749069102
fold_1,linear_trend,generator_120_component,5,75,0.13668867945671082,0.8633113205432892,15.012779235839844,21.462425231933594,1440,0.00024189999749069102
fold_1,linear_trend,generator_1,6,90,0.20800963044166565,0.7919903695583344,15.628534317016602,22.455120086669922,1440,0.00024189999749069102
fold_1,linear_trend,generator_all,6,90,0.14857646822929382,0.8514235317707062,27.407482147216797,37.142539978027344,1440,0.00024189999749069102
fold_1,linear_trend,generator_120_component,6,90,0.16684161126613617,0.8331583887338638,18.215503692626953,25.756772994995117,1440,0.00024189999749069102
fold_1,linear_trend,generator_1,7,105,0.239080011844635,0.760919988155365,17.918684005737305,25.334444046020508,1440,0.00024189999749069102
fold_1,linear_trend,generator_all,7,105,0.17243464291095734,0.8275653570890427,31.691940307617188,42.637428283691406,1440,0.00024189999749069102
fold_1,linear_trend,generator_120_component,7,105,0.19556117057800293,0.8044388294219971,21.260038375854492,29.886489868164062,1440,0.00024189999749069102
fold_1,linear_trend,generator_1,8,120,0.2672671377658844,0.7327328622341156,19.997241973876953,27.882036209106445,1440,0.00024189999749069102
fold_1,linear_trend,generator_all,8,120,0.1953924149274826,0.8046075850725174,35.78318786621094,47.63304138183594,1440,0.00024189999749069102
fold_1,linear_trend,generator_120_component,8,120,0.22227436304092407,0.7777256369590759,24.100431442260742,33.7797966003418,1440,0.00024189999749069102
fold_1,seasonal_day,generator_1,1,15,0.3194430470466614,0.6805569529533386,22.32290267944336,27.946720123291016,1440,0.0006486999991466291
fold_1,seasonal_day,generator_all,1,15,0.2431647777557373,0.7568352222442627,41.57884216308594,50.70308303833008,1440,0.0006486999991466291
fold_1,seasonal_day,generator_120_component,1,15,0.2330024540424347,0.7669975459575653,24.632856369018555,35.08335876464844,1440,0.0006486999991466291
fold_1,seasonal_day,generator_1,2,30,0.3192686438560486,0.6807313561439514,22.310409545898438,27.936548233032227,1440,0.0006486999991466291
fold_1,seasonal_day,generator_all,2,30,0.24309277534484863,0.7569072246551514,41.56906509399414,50.69881057739258,1440,0.0006486999991466291
fold_1,seasonal_day,generator_120_component,2,30,0.23299090564250946,0.7670090943574905,24.632047653198242,35.08331298828125,1440,0.0006486999991466291
fold_1,seasonal_day,generator_1,3,45,0.3190328776836395,0.6809671223163605,22.293346405029297,27.92256736755371,1440,0.0006486999991466291
fold_1,seasonal_day,generator_all,3,45,0.24300585687160492,0.7569941431283951,41.55604934692383,50.69241714477539,1440,0.0006486999991466291
fold_1,seasonal_day,generator_120_component,3,45,0.23301082849502563,0.7669891715049744,24.634841918945312,35.08354568481445,1440,0.0006486999991466291
fold_1,seasonal_day,generator_1,4,60,0.3188151717185974,0.6811848282814026,22.276567459106445,27.907915115356445,1440,0.0006486999991466291
fold_1,seasonal_day,generator_all,4,60,0.24291740357875824,0.7570825964212418,41.541236877441406,50.68437194824219,1440,0.0006486999991466291
fold_1,seasonal_day,generator_120_component,4,60,0.23302365839481354,0.7669763416051865,24.636810302734375,35.08372116088867,1440,0.0006486999991466291
fold_1,seasonal_day,generator_1,5,75,0.3185610771179199,0.6814389228820801,22.254594802856445,27.886289596557617,1440,0.0006486999991466291
fold_1,seasonal_day,generator_all,5,75,0.24281010031700134,0.7571898996829987,41.521278381347656,50.67375946044922,1440,0.0006486999991466291
fold_1,seasonal_day,generator_120_component,5,75,0.23301632702350616,0.7669836729764938,24.636110305786133,35.08369064331055,1440,0.0006486999991466291
fold_1,seasonal_day,generator_1,6,90,0.31828242540359497,0.681717574596405,22.231292724609375,27.86375617980957,1440,0.0006486999991466291
fold_1,seasonal_day,generator_all,6,90,0.24272054433822632,0.7572794556617737,41.50556564331055,50.6659049987793,1440,0.0006486999991466291
fold_1,seasonal_day,generator_120_component,6,90,0.23298950493335724,0.7670104950666428,24.63384246826172,35.08333969116211,1440,0.0006486999991466291
fold_1,seasonal_day,generator_1,7,105,0.31805557012557983,0.6819444298744202,22.210939407348633,27.843591690063477,1440,0.0006486999991466291
fold_1,seasonal_day,generator_all,7,105,0.24264073371887207,0.7573592662811279,41.491676330566406,50.65827178955078,1440,0.0006486999991466291
fold_1,seasonal_day,generator_120_component,7,105,0.23298600316047668,0.7670139968395233,24.634201049804688,35.08338928222656,1440,0.0006486999991466291
fold_1,seasonal_day,generator_1,8,120,0.3178354799747467,0.6821645200252533,22.191518783569336,27.824851989746094,1440,0.0006486999991466291
fold_1,seasonal_day,generator_all,8,120,0.24255256354808807,0.7574474364519119,41.47673797607422,50.65070343017578,1440,0.0006486999991466291
fold_1,seasonal_day,generator_120_component,8,120,0.23296640813350677,0.7670335918664932,24.632516860961914,35.08323287963867,1440,0.0006486999991466291
fold_1,seasonal_week,generator_1,1,15,0.5935881733894348,0.4064118266105652,41.029701232910156,46.80471420288086,1440,0.00048469999819644727
fold_1,seasonal_week,generator_all,1,15,0.24026568233966827,0.7597343176603317,40.979759216308594,49.83395767211914,1440,0.00048469999819644727
fold_1,seasonal_week,generator_120_component,1,15,0.47794264554977417,0.5220573544502258,48.951507568359375,59.818023681640625,1440,0.00048469999819644727
fold_1,seasonal_week,generator_1,2,30,0.5940281748771667,0.40597182512283325,41.05299377441406,46.82939147949219,1440,0.00048469999819644727
fold_1,seasonal_week,generator_all,2,30,0.24024105072021484,0.7597589492797852,40.98093032836914,49.83503723144531,1440,0.00048469999819644727
fold_1,seasonal_week,generator_120_component,2,30,0.47746768593788147,0.5225323140621185,48.91099166870117,59.78498458862305,1440,0.00048469999819644727
fold_1,seasonal_week,generator_1,3,45,0.5943658351898193,0.40563416481018066,41.06935119628906,46.84532165527344,1440,0.00048469999819644727
fold_1,seasonal_week,generator_all,3,45,0.24014025926589966,0.7598597407341003,40.96678161621094,49.823875427246094,1440,0.00048469999819644727
fold_1,seasonal_week,generator_120_component,3,45,0.4770258069038391,0.5229741930961609,48.87273406982422,59.749267578125,1440,0.00048469999819644727
fold_1,seasonal_week,generator_1,4,60,0.594588577747345,0.40541142225265503,41.07831573486328,46.853755950927734,1440,0.00048469999819644727
fold_1,seasonal_week,generator_all,4,60,0.23996548354625702,0.760034516453743,40.936302185058594,49.80511474609375,1440,0.00048469999819644727
fold_1,seasonal_week,generator_120_component,4,60,0.4766615033149719,0.5233384966850281,48.8391227722168,59.71212387084961,1440,0.00048469999819644727
fold_1,seasonal_week,generator_1,5,75,0.5946909785270691,0.4053090214729309,41.07722854614258,46.852752685546875,1440,0.00048469999819644727
fold_1,seasonal_week,generator_all,5,75,0.23983338475227356,0.7601666152477264,40.91157531738281,49.79296112060547,1440,0.00048469999819644727
fold_1,seasonal_week,generator_120_component,5,75,0.4763774573802948,0.5236225426197052,48.81330108642578,59.682926177978516,1440,0.00048469999819644727
fold_1,seasonal_week,generator_1,6,90,0.5946224927902222,0.40537750720977783,41.066558837890625,46.84469985961914,1440,0.00048469999819644727
fold_1,seasonal_week,generator_all,6,90,0.23975341022014618,0.7602465897798538,40.89826965332031,49.78223419189453,1440,0.00048469999819644727
fold_1,seasonal_week,generator_120_component,6,90,0.47606903314590454,0.5239309668540955,48.78932189941406,59.652591705322266,1440,0.00048469999819644727
fold_1,seasonal_week,generator_1,7,105,0.5946046113967896,0.40539538860321045,41.058082580566406,46.83782958984375,1440,0.00048469999819644727
fold_1,seasonal_week,generator_all,7,105,0.2396712452173233,0.7603287547826767,40.88431167602539,49.77149963378906,1440,0.00048469999819644727
fold_1,seasonal_week,generator_120_component,7,105,0.4757702350616455,0.5242297649383545,48.76689529418945,59.62391662597656,1440,0.00048469999819644727
fold_1,seasonal_week,generator_1,8,120,0.5946087837219238,0.40539121627807617,41.051513671875,46.83270263671875,1440,0.00048469999819644727
fold_1,seasonal_week,generator_all,8,120,0.23959676921367645,0.7604032307863235,40.87298583984375,49.76136779785156,1440,0.00048469999819644727
fold_1,seasonal_week,generator_120_component,8,120,0.47548481822013855,0.5245151817798615,48.749000549316406,59.59957504272461,1440,0.00048469999819644727
fold_1,ridge_residual_alpha_1,generator_1,1,15,0.0705544650554657,0.9294455349445343,5.342813491821289,6.420202732086182,1440,1.1465295999987575
fold_1,ridge_residual_alpha_1,generator_all,1,15,0.04450059309601784,0.9554994069039822,7.631772041320801,10.326154708862305,1440,1.1465295999987575
fold_1,ridge_residual_alpha_1,generator_120_component,1,15,0.071500763297081,0.928499236702919,6.877798080444336,10.227239608764648,1440,1.1465295999987575
fold_1,ridge_residual_alpha_1,generator_1,2,30,0.1218264251947403,0.8781735748052597,9.23562240600586,10.634614944458008,1440,1.1465295999987575
fold_1,ridge_residual_alpha_1,generator_all,2,30,0.0757969319820404,0.9242030680179596,13.619827270507812,16.445354461669922,1440,1.1465295999987575
fold_1,ridge_residual_alpha_1,generator_120_component,2,30,0.11001182347536087,0.8899881765246391,11.038715362548828,14.79427433013916,1440,1.1465295999987575
fold_1,ridge_residual_alpha_1,generator_1,3,45,0.16367755830287933,0.8363224416971207,12.316412925720215,14.075690269470215,1440,1.1465295999987575
fold_1,ridge_residual_alpha_1,generator_all,3,45,0.10363082587718964,0.8963691741228104,19.019716262817383,22.754257202148438,1440,1.1465295999987575
fold_1,ridge_residual_alpha_1,generator_120_component,3,45,0.14957435429096222,0.8504256457090378,15.232169151306152,19.74631690979004,1440,1.1465295999987575
fold_1,ridge_residual_alpha_1,generator_1,4,60,0.2050395905971527,0.7949604094028473,15.281046867370605,17.347381591796875,1440,1.1465295999987575
fold_1,ridge_residual_alpha_1,generator_all,4,60,0.1322336047887802,0.8677663952112198,25.11534881591797,29.751285552978516,1440,1.1465295999987575
fold_1,ridge_residual_alpha_1,generator_120_component,4,60,0.1806890070438385,0.8193109929561615,18.975250244140625,23.39949607849121,1440,1.1465295999987575
fold_1,ridge_residual_alpha_1,generator_1,5,75,0.24097944796085358,0.7590205520391464,17.98410987854004,20.326377868652344,1440,1.1465295999987575
fold_1,ridge_residual_alpha_1,generator_all,5,75,0.16121116280555725,0.8387888371944427,31.242597579956055,37.09245681762695,1440,1.1465295999987575
fold_1,ridge_residual_alpha_1,generator_120_component,5,75,0.21239100396633148,0.7876089960336685,22.702987670898438,27.49072265625,1440,1.1465295999987575
fold_1,ridge_residual_alpha_1,generator_1,6,90,0.26483216881752014,0.7351678311824799,19.815996170043945,22.40381622314453,1440,1.1465295999987575
fold_1,ridge_residual_alpha_1,generator_all,6,90,0.20486047863960266,0.7951395213603973,40.38172149658203,47.837188720703125,1440,1.1465295999987575
fold_1,ridge_residual_alpha_1,generator_120_component,6,90,0.2605571746826172,0.7394428253173828,28.44447898864746,33.9111213684082,1440,1.1465295999987575
fold_1,ridge_residual_alpha_1,generator_1,7,105,0.2875956594944,0.7124043405056,21.5423526763916,24.32659912109375,1440,1.1465295999987575
fold_1,ridge_residual_alpha_1,generator_all,7,105,0.25545281171798706,0.7445471882820129,50.475521087646484,59.05397033691406,1440,1.1465295999987575
fold_1,ridge_residual_alpha_1,generator_120_component,7,105,0.3180783689022064,0.6819216310977936,35.12631607055664,41.73605728149414,1440,1.1465295999987575
fold_1,ridge_residual_alpha_1,generator_1,8,120,0.3108583986759186,0.6891416013240814,23.409351348876953,26.387096405029297,1440,1.1465295999987575
fold_1,ridge_residual_alpha_1,generator_all,8,120,0.3100692629814148,0.6899307370185852,61.311275482177734,70.79778289794922,1440,1.1465295999987575
fold_1,ridge_residual_alpha_1,generator_120_component,8,120,0.38633856177330017,0.6136614382266998,42.87974548339844,50.68560791015625,1440,1.1465295999987575
fold_1,ridge_residual_alpha_10,generator_1,1,15,0.06699027121067047,0.9330097287893295,5.048924446105957,6.136114120483398,1440,0.7686390999988362
fold_1,ridge_residual_alpha_10,generator_all,1,15,0.04263905808329582,0.9573609419167042,7.307591438293457,9.999595642089844,1440,0.7686390999988362
fold_1,ridge_residual_alpha_10,generator_120_component,1,15,0.06938165426254272,0.9306183457374573,6.675881385803223,9.940298080444336,1440,0.7686390999988362
fold_1,ridge_residual_alpha_10,generator_1,2,30,0.1150553822517395,0.8849446177482605,8.698699951171875,10.101720809936523,1440,0.7686390999988362
fold_1,ridge_residual_alpha_10,generator_all,2,30,0.07174436002969742,0.9282556399703026,12.885346412658691,15.639531135559082,1440,0.7686390999988362
fold_1,ridge_residual_alpha_10,generator_120_component,2,30,0.1063852533698082,0.8936147466301918,10.695728302001953,14.263701438903809,1440,0.7686390999988362
fold_1,ridge_residual_alpha_10,generator_1,3,45,0.1534702628850937,0.8465297371149063,11.518576622009277,13.269021034240723,1440,0.7686390999988362
fold_1,ridge_residual_alpha_10,generator_all,3,45,0.0986892357468605,0.9013107642531395,18.170595169067383,21.829566955566406,1440,0.7686390999988362
fold_1,ridge_residual_alpha_10,generator_120_component,3,45,0.14423027634620667,0.8557697236537933,14.770373344421387,19.040388107299805,1440,0.7686390999988362
fold_1,ridge_residual_alpha_10,generator_1,4,60,0.19506458938121796,0.804935410618782,14.500611305236816,16.551668167114258,1440,0.7686390999988362
fold_1,ridge_residual_alpha_10,generator_all,4,60,0.12544557452201843,0.8745544254779816,23.959672927856445,28.459949493408203,1440,0.7686390999988362
fold_1,ridge_residual_alpha_10,generator_120_component,4,60,0.1717132180929184,0.8282867819070816,18.17694854736328,22.391138076782227,1440,0.7686390999988362
fold_1,ridge_residual_alpha_10,generator_1,5,75,0.23092038929462433,0.7690796107053757,17.185348510742188,19.5031681060791,1440,0.7686390999988362
fold_1,ridge_residual_alpha_10,generator_all,5,75,0.15430766344070435,0.8456923365592957,30.1468563079834,35.85202407836914,1440,0.7686390999988362
fold_1,ridge_residual_alpha_10,generator_120_component,5,75,0.20201556384563446,0.7979844361543655,21.83150863647461,26.404687881469727,1440,0.7686390999988362
fold_1,ridge_residual_alpha_10,generator_1,6,90,0.25580328702926636,0.7441967129707336,19.1053466796875,21.658517837524414,1440,0.7686390999988362
fold_1,ridge_residual_alpha_10,generator_all,6,90,0.19503818452358246,0.8049618154764175,38.64594268798828,45.859580993652344,1440,0.7686390999988362
fold_1,ridge_residual_alpha_10,generator_120_component,6,90,0.2459629476070404,0.7540370523929596,27.123811721801758,32.37617874145508,1440,0.7686390999988362
fold_1,ridge_residual_alpha_10,generator_1,7,105,0.2786470651626587,0.7213529348373413,20.813060760498047,23.553308486938477,1440,0.7686390999988362
fold_1,ridge_residual_alpha_10,generator_all,7,105,0.24033643305301666,0.7596635669469833,47.62578201293945,55.83804702758789,1440,0.7686390999988362
fold_1,ridge_residual_alpha_10,generator_120_component,7,105,0.2960713803768158,0.7039286196231842,32.94386672973633,39.292179107666016,1440,0.7686390999988362
fold_1,ridge_residual_alpha_10,generator_1,8,120,0.3009530007839203,0.6990469992160797,22.613582611083984,25.52907371520996,1440,0.7686390999988362
fold_1,ridge_residual_alpha_10,generator_all,8,120,0.2824285328388214,0.7175714671611786,55.97453308105469,64.84538269042969,1440,0.7686390999988362
fold_1,ridge_residual_alpha_10,generator_120_component,8,120,0.3440026640892029,0.6559973359107971,38.51058578491211,45.85311508178711,1440,0.7686390999988362
fold_1,ridge_residual_alpha_100,generator_1,1,15,0.05701957270503044,0.9429804272949696,4.285538673400879,5.429686069488525,1440,0.3859587000006286
fold_1,ridge_residual_alpha_100,generator_all,1,15,0.03915225714445114,0.9608477428555489,6.792091369628906,9.261960983276367,1440,0.3859587000006286
fold_1,ridge_residual_alpha_100,generator_120_component,1,15,0.06023925170302391,0.9397607482969761,5.821864604949951,8.711837768554688,1440,0.3859587000006286
fold_1,ridge_residual_alpha_100,generator_1,2,30,0.09566402435302734,0.9043359756469727,7.21966028213501,8.646289825439453,1440,0.3859587000006286
fold_1,ridge_residual_alpha_100,generator_all,2,30,0.06429922580718994,0.9357007741928101,11.68846321105957,14.19590950012207,1440,0.3859587000006286
fold_1,ridge_residual_alpha_100,generator_120_component,2,30,0.09180570393800735,0.9081942960619926,9.343666076660156,12.298539161682129,1440,0.3859587000006286
fold_1,ridge_residual_alpha_100,generator_1,3,45,0.12945210933685303,0.870547890663147,9.72622299194336,11.433828353881836,1440,0.3859587000006286
fold_1,ridge_residual_alpha_100,generator_all,3,45,0.08677633851766586,0.9132236614823341,16.176233291625977,19.60286521911621,1440,0.3859587000006286
fold_1,ridge_residual_alpha_100,generator_120_component,3,45,0.12350155413150787,0.8764984458684921,12.814632415771484,16.376054763793945,1440,0.3859587000006286
fold_1,ridge_residual_alpha_100,generator_1,4,60,0.16523058712482452,0.8347694128751755,12.269213676452637,14.262884140014648,1440,0.3859587000006286
fold_1,ridge_residual_alpha_100,generator_all,4,60,0.10833825170993805,0.891661748290062,20.907651901245117,25.052053451538086,1440,0.3859587000006286
fold_1,ridge_residual_alpha_100,generator_120_component,4,60,0.14386479556560516,0.8561352044343948,15.467621803283691,19.09001350402832,1440,0.3859587000006286
fold_1,ridge_residual_alpha_100,generator_1,5,75,0.19284602999687195,0.807153970003128,14.338077545166016,16.583864212036133,1440,0.3859587000006286
fold_1,ridge_residual_alpha_100,generator_all,5,75,0.13038013875484467,0.8696198612451553,25.72157859802246,30.905611038208008,1440,0.3859587000006286
fold_1,ridge_residual_alpha_100,generator_120_component,5,75,0.16533929109573364,0.8346607089042664,18.24854278564453,22.213354110717773,1440,0.3859587000006286
fold_1,ridge_residual_alpha_100,generator_1,6,90,0.21476228535175323,0.7852377146482468,16.01595115661621,18.48423194885254,1440,0.3859587000006286
fold_1,ridge_residual_alpha_100,generator_all,6,90,0.1602257341146469,0.8397742658853531,31.870285034179688,38.101158142089844,1440,0.3859587000006286
fold_1,ridge_residual_alpha_100,generator_120_component,6,90,0.1951073259115219,0.8048926740884781,21.929624557495117,26.51667022705078,1440,0.3859587000006286
fold_1,ridge_residual_alpha_100,generator_1,7,105,0.23466292023658752,0.7653370797634125,17.459184646606445,20.10049819946289,1440,0.3859587000006286
fold_1,ridge_residual_alpha_100,generator_all,7,105,0.1903703212738037,0.8096296787261963,37.63434600830078,44.478904724121094,1440,0.3859587000006286
fold_1,ridge_residual_alpha_100,generator_120_component,7,105,0.22469617426395416,0.7753038257360458,25.426944732666016,30.783414840698242,1440,0.3859587000006286
fold_1,ridge_residual_alpha_100,generator_1,8,120,0.2533092498779297,0.7466907501220703,18.94305419921875,21.706710815429688,1440,0.3859587000006286
fold_1,ridge_residual_alpha_100,generator_all,8,120,0.2137957215309143,0.7862042784690857,42.05890655517578,49.34721755981445,1440,0.3859587000006286
fold_1,ridge_residual_alpha_100,generator_120_component,8,120,0.24666094779968262,0.7533390522003174,28.046417236328125,33.956077575683594,1440,0.3859587000006286
fold_1,ridge_residual_alpha_1000,generator_1,1,15,0.046851858496665955,0.953148141503334,3.5471415519714355,4.78583288192749,1440,0.20406440000078874
fold_1,ridge_residual_alpha_1000,generator_all,1,15,0.031501077115535736,0.9684989228844643,5.6331353187561035,7.745713233947754,1440,0.20406440000078874
fold_1,ridge_residual_alpha_1000,generator_120_component,1,15,0.04527397081255913,0.9547260291874409,4.485471725463867,6.643499374389648,1440,0.20406440000078874
fold_1,ridge_residual_alpha_1000,generator_1,2,30,0.07745610177516937,0.9225438982248306,5.896835803985596,7.4073486328125,1440,0.20406440000078874
fold_1,ridge_residual_alpha_1000,generator_all,2,30,0.048195548355579376,0.9518044516444206,9.037301063537598,11.3535737991333,1440,0.20406440000078874
fold_1,ridge_residual_alpha_1000,generator_120_component,2,30,0.06495291739702225,0.9350470826029778,6.799856185913086,8.861701965332031,1440,0.20406440000078874
fold_1,ridge_residual_alpha_1000,generator_1,3,45,0.10575123131275177,0.8942487686872482,8.055441856384277,9.746926307678223,1440,0.20406440000078874
fold_1,ridge_residual_alpha_1000,generator_all,3,45,0.06692320108413696,0.933076798915863,12.717345237731934,15.929179191589355,1440,0.20406440000078874
fold_1,ridge_residual_alpha_1000,generator_120_component,3,45,0.08786024153232574,0.9121397584676743,9.321706771850586,12.10888671875,1440,0.20406440000078874
fold_1,ridge_residual_alpha_1000,generator_1,4,60,0.13502706587314606,0.8649729341268539,10.218464851379395,12.12529468536377,1440,0.20406440000078874
fold_1,ridge_residual_alpha_1000,generator_all,4,60,0.08636419475078583,0.9136358052492142,16.7831974029541,20.619020462036133,1440,0.20406440000078874
fold_1,ridge_residual_alpha_1000,generator_120_component,4,60,0.10344404727220535,0.8965559527277946,11.337652206420898,14.31436538696289,1440,0.20406440000078874
fold_1,ridge_residual_alpha_1000,generator_1,5,75,0.15567646920681,0.84432353079319,11.794806480407715,13.914438247680664,1440,0.20406440000078874
fold_1,ridge_residual_alpha_1000,generator_all,5,75,0.10699494928121567,0.8930050507187843,20.886192321777344,25.305742263793945,1440,0.20406440000078874
fold_1,ridge_residual_alpha_1000,generator_120_component,5,75,0.12143801897764206,0.8785619810223579,13.582304954528809,16.964540481567383,1440,0.20406440000078874
fold_1,ridge_residual_alpha_1000,generator_1,6,90,0.17478220164775848,0.8252177983522415,13.26723861694336,15.596004486083984,1440,0.20406440000078874
fold_1,ridge_residual_alpha_1000,generator_all,6,90,0.13466393947601318,0.8653360605239868,26.080411911010742,30.95708465576172,1440,0.20406440000078874
fold_1,ridge_residual_alpha_1000,generator_120_component,6,90,0.14620603621006012,0.8537939637899399,16.52684783935547,20.491878509521484,1440,0.20406440000078874
fold_1,ridge_residual_alpha_1000,generator_1,7,105,0.1906348615884781,0.8093651384115219,14.425312042236328,16.90996551513672,1440,0.20406440000078874
fold_1,ridge_residual_alpha_1000,generator_all,7,105,0.16090740263462067,0.8390925973653793,30.837278366088867,36.123374938964844,1440,0.20406440000078874
fold_1,ridge_residual_alpha_1000,generator_120_component,7,105,0.1759616881608963,0.8240383118391037,19.77963638305664,24.088363647460938,1440,0.20406440000078874
fold_1,ridge_residual_alpha_1000,generator_1,8,120,0.20598246157169342,0.7940175384283066,15.668431282043457,18.2474308013916,1440,0.20406440000078874
fold_1,ridge_residual_alpha_1000,generator_all,8,120,0.18199899792671204,0.818001002073288,34.58834457397461,40.21548843383789,1440,0.20406440000078874
fold_1,ridge_residual_alpha_1000,generator_120_component,8,120,0.20061814785003662,0.7993818521499634,22.29252052307129,26.844921112060547,1440,0.20406440000078874
fold_2,persistence,generator_1,1,15,0.034366410225629807,0.9656335897743702,1.4209353923797607,2.2386233806610107,1440,6.790000043110922e-05
fold_2,persistence,generator_all,1,15,0.01807534694671631,0.9819246530532837,4.533409118652344,7.190752029418945,1440,6.790000043110922e-05
fold_2,persistence,generator_120_component,1,15,0.018560631200671196,0.9814393687993288,3.8592638969421387,6.2528767585754395,1440,6.790000043110922e-05
fold_2,persistence,generator_1,2,30,0.04905669018626213,0.9509433098137379,2.025379180908203,3.1833860874176025,1440,6.790000043110922e-05
fold_2,persistence,generator_all,2,30,0.029933176934719086,0.9700668230652809,7.438906669616699,11.8705415725708,1440,6.790000043110922e-05
fold_2,persistence,generator_120_component,2,30,0.030244706198573112,0.9697552938014269,6.220831871032715,10.29438304901123,1440,6.790000043110922e-05
fold_2,persistence,generator_1,3,45,0.058899298310279846,0.9411007016897202,2.4220409393310547,3.8447861671447754,1440,6.790000043110922e-05
fold_2,persistence,generator_all,3,45,0.04000278189778328,0.9599972181022167,9.923612594604492,15.632976531982422,1440,6.790000043110922e-05
fold_2,persistence,generator_120_component,3,45,0.04063806310296059,0.9593619368970394,8.340609550476074,13.553936958312988,1440,6.790000043110922e-05
fold_2,persistence,generator_1,4,60,0.06910600513219833,0.9308939948678017,2.842660903930664,4.379054069519043,1440,6.790000043110922e-05
fold_2,persistence,generator_all,4,60,0.04923992604017258,0.9507600739598274,12.197640419006348,18.8074951171875,1440,6.790000043110922e-05
fold_2,persistence,generator_120_component,4,60,0.050174131989479065,0.9498258680105209,10.285322189331055,16.290271759033203,1440,6.790000043110922e-05
fold_2,persistence,generator_1,5,75,0.07843227684497833,0.9215677231550217,3.2316243648529053,4.838404178619385,1440,6.790000043110922e-05
fold_2,persistence,generator_all,5,75,0.057578377425670624,0.9424216225743294,14.259990692138672,21.456071853637695,1440,6.790000043110922e-05
fold_2,persistence,generator_120_component,5,75,0.05864058434963226,0.9413594156503677,12.021088600158691,18.532793045043945,1440,6.790000043110922e-05
fold_2,persistence,generator_1,6,90,0.08647526800632477,0.9135247319936752,3.5643534660339355,5.230025768280029,1440,6.790000043110922e-05
fold_2,persistence,generator_all,6,90,0.06478063762187958,0.9352193623781204,16.040945053100586,23.567489624023438,1440,6.790000043110922e-05
fold_2,persistence,generator_120_component,6,90,0.06576520204544067,0.9342347979545593,13.488120079040527,20.285158157348633,1440,6.790000043110922e-05
fold_2,persistence,generator_1,7,105,0.09424041956663132,0.9057595804333687,3.8819611072540283,5.565253734588623,1440,6.790000043110922e-05
fold_2,persistence,generator_all,7,105,0.07040949165821075,0.9295905083417892,17.420751571655273,25.302783966064453,1440,6.790000043110922e-05
fold_2,persistence,generator_120_component,7,105,0.07158531993627548,0.9284146800637245,14.678460121154785,21.696313858032227,1440,6.790000043110922e-05
fold_2,persistence,generator_1,8,120,0.10060849785804749,0.8993915021419525,4.1388325691223145,5.8719587326049805,1440,6.790000043110922e-05
fold_2,persistence,generator_all,8,120,0.07533328980207443,0.9246667101979256,18.623512268066406,26.720155715942383,1440,6.790000043110922e-05
fold_2,persistence,generator_120_component,8,120,0.07642360031604767,0.9235763996839523,15.653746604919434,22.826173782348633,1440,6.790000043110922e-05
fold_2,linear_trend,generator_1,1,15,0.05257280543446541,0.9474271945655346,2.173762321472168,3.148162841796875,1440,0.00010860000111279078
fold_2,linear_trend,generator_all,1,15,0.021132394671440125,0.9788676053285599,5.319101810455322,7.828681468963623,1440,0.00010860000111279078
fold_2,linear_trend,generator_120_component,1,15,0.021760808303952217,0.9782391916960478,4.53728723526001,6.810832500457764,1440,0.00010860000111279078
fold_2,linear_trend,generator_1,2,30,0.09331648051738739,0.9066835194826126,3.8584208488464355,5.559350967407227,1440,0.00010860000111279078
fold_2,linear_trend,generator_all,2,30,0.03925970941781998,0.96074029058218,9.772635459899902,14.439807891845703,1440,0.00010860000111279078
fold_2,linear_trend,generator_120_component,2,30,0.0391666404902935,0.9608333595097065,8.039730072021484,12.386168479919434,1440,0.00010860000111279078
fold_2,linear_trend,generator_1,3,45,0.13003188371658325,0.8699681162834167,5.371897220611572,7.802933216094971,1440,0.00010860000111279078
fold_2,linear_trend,generator_all,3,45,0.056568361818790436,0.9434316381812096,14.02807903289795,20.730703353881836,1440,0.00010860000111279078
fold_2,linear_trend,generator_120_component,3,45,0.056011103093624115,0.9439888969063759,11.442001342773438,17.712221145629883,1440,0.00010860000111279078
fold_2,linear_trend,generator_1,4,60,0.1663937270641327,0.8336062729358673,6.867724418640137,9.948430061340332,1440,0.00010860000111279078
fold_2,linear_trend,generator_all,4,60,0.0732201337814331,0.9267798662185669,18.10016441345215,26.848604202270508,1440,0.00010860000111279078
fold_2,linear_trend,generator_120_component,4,60,0.07255461812019348,0.9274453818798065,14.770288467407227,22.989185333251953,1440,0.00010860000111279078
fold_2,linear_trend,generator_1,5,75,0.20123742520809174,0.7987625747919083,8.313085556030273,12.019230842590332,1440,0.00010860000111279078
fold_2,linear_trend,generator_all,5,75,0.08956917375326157,0.9104308262467384,22.18305206298828,32.74916458129883,1440,0.00010860000111279078
fold_2,linear_trend,generator_120_component,5,75,0.08811170607805252,0.9118882939219475,17.98203468322754,27.99900245666504,1440,0.00010860000111279078
fold_2,linear_trend,generator_1,6,90,0.23566149175167084,0.7643385082483292,9.748284339904785,14.015080451965332,1440,0.00010860000111279078
fold_2,linear_trend,generator_all,6,90,0.10459491610527039,0.8954050838947296,25.986804962158203,38.26025390625,1440,0.00010860000111279078
fold_2,linear_trend,generator_120_component,6,90,0.10267934948205948,0.8973206505179405,21.019445419311523,32.69585418701172,1440,0.00010860000111279078
fold_2,linear_trend,generator_1,7,105,0.266999214887619,0.733000785112381,11.047874450683594,15.858502388000488,1440,0.00010860000111279078
fold_2,linear_trend,generator_all,7,105,0.11845552921295166,0.8815444707870483,29.511545181274414,43.46382522583008,1440,0.00010860000111279078
fold_2,linear_trend,generator_120_component,7,105,0.11598456650972366,0.8840154334902763,23.838937759399414,37.19312286376953,1440,0.00010860000111279078
fold_2,linear_trend,generator_1,8,120,0.29612383246421814,0.7038761675357819,12.234345436096191,17.608909606933594,1440,0.00010860000111279078
fold_2,linear_trend,generator_all,8,120,0.13112661242485046,0.8688733875751495,32.71510314941406,48.21147537231445,1440,0.00010860000111279078
fold_2,linear_trend,generator_120_component,8,120,0.1283368617296219,0.8716631382703781,26.436342239379883,41.368743896484375,1440,0.00010860000111279078
fold_2,seasonal_day,generator_1,1,15,0.15880480408668518,0.8411951959133148,6.556220054626465,8.33432388305664,1440,0.00041229999987990595
fold_2,seasonal_day,generator_all,1,15,0.11037629097700119,0.8896237090229988,27.5513916015625,36.35929489135742,1440,0.00041229999987990595
fold_2,seasonal_day,generator_120_component,1,15,0.10601551085710526,0.8939844891428947,21.928081512451172,29.917675018310547,1440,0.00041229999987990595
fold_2,seasonal_day,generator_1,2,30,0.1585652083158493,0.8414347916841507,6.550482273101807,8.325199127197266,1440,0.00041229999987990595
fold_2,seasonal_day,generator_all,2,30,0.11023712903261185,0.8897628709673882,27.519304275512695,36.33290481567383,1440,0.00041229999987990595
fold_2,seasonal_day,generator_120_component,2,30,0.10590069741010666,0.8940993025898933,21.90496063232422,29.90300941467285,1440,0.00041229999987990595
fold_2,seasonal_day,generator_1,3,45,0.15833629667758942,0.8416637033224106,6.545456409454346,8.316861152648926,1440,0.00041229999987990595
fold_2,seasonal_day,generator_all,3,45,0.11010187864303589,0.8898981213569641,27.489334106445312,36.30613327026367,1440,0.00041229999987990595
fold_2,seasonal_day,generator_120_component,3,45,0.10577530413866043,0.8942246958613396,21.88001823425293,29.887460708618164,1440,0.00041229999987990595
fold_2,seasonal_day,generator_1,4,60,0.15807098150253296,0.841929018497467,6.538678169250488,8.306017875671387,1440,0.00041229999987990595
fold_2,seasonal_day,generator_all,4,60,0.10994479060173035,0.8900552093982697,27.453157424926758,36.2758674621582,1440,0.00041229999987990595
fold_2,seasonal_day,generator_120_component,4,60,0.10565516352653503,0.894344836473465,21.856313705444336,29.870668411254883,1440,0.00041229999987990595
fold_2,seasonal_day,generator_1,5,75,0.15766318142414093,0.8423368185758591,6.525740623474121,8.290701866149902,1440,0.00041229999987990595
fold_2,seasonal_day,generator_all,5,75,0.10975123196840286,0.8902487680315971,27.409191131591797,36.237239837646484,1440,0.00041229999987990595
fold_2,seasonal_day,generator_120_component,5,75,0.10549833625555038,0.8945016637444496,21.825716018676758,29.847774505615234,1440,0.00041229999987990595
fold_2,seasonal_day,generator_1,6,90,0.15730369091033936,0.8426963090896606,6.51439905166626,8.27694034576416,1440,0.00041229999987990595
fold_2,seasonal_day,generator_all,6,90,0.10955694317817688,0.8904430568218231,27.365509033203125,36.19827651977539,1440,0.00041229999987990595
fold_2,seasonal_day,generator_120_component,6,90,0.10533767193555832,0.8946623280644417,21.7948055267334,29.823652267456055,1440,0.00041229999987990595
fold_2,seasonal_day,generator_1,7,105,0.1569215953350067,0.8430784046649933,6.502125263214111,8.262947082519531,1440,0.00041229999987990595
fold_2,seasonal_day,generator_all,7,105,0.10935811698436737,0.8906418830156326,27.321674346923828,36.156982421875,1440,0.00041229999987990595
fold_2,seasonal_day,generator_120_component,7,105,0.10517354309558868,0.8948264569044113,21.764068603515625,29.797624588012695,1440,0.00041229999987990595
fold_2,seasonal_day,generator_1,8,120,0.15654294192790985,0.8434570580720901,6.489872932434082,8.2488374710083,1440,0.00041229999987990595
fold_2,seasonal_day,generator_all,8,120,0.10918073356151581,0.8908192664384842,27.28109359741211,36.12336730957031,1440,0.00041229999987990595
fold_2,seasonal_day,generator_120_component,8,120,0.10502948611974716,0.8949705138802528,21.73574447631836,29.778194427490234,1440,0.00041229999987990595
fold_2,seasonal_week,generator_1,1,15,0.18338865041732788,0.8166113495826721,7.662732124328613,9.618030548095703,1440,0.0002679999997781124
fold_2,seasonal_week,generator_all,1,15,0.15239061415195465,0.8476093858480453,38.86256408691406,50.8914909362793,1440,0.0002679999997781124
fold_2,seasonal_week,generator_120_component,1,15,0.15290531516075134,0.8470946848392487,32.40904235839844,43.783912658691406,1440,0.0002679999997781124
fold_2,seasonal_week,generator_1,2,30,0.1835048496723175,0.8164951503276825,7.669692516326904,9.623783111572266,1440,0.0002679999997781124
fold_2,seasonal_week,generator_all,2,30,0.1524287611246109,0.8475712388753891,38.87688446044922,50.9012565612793,1440,0.0002679999997781124
fold_2,seasonal_week,generator_120_component,2,30,0.15290701389312744,0.8470929861068726,32.41231918334961,43.786136627197266,1440,0.0002679999997781124
fold_2,seasonal_week,generator_1,3,45,0.1836681216955185,0.8163318783044815,7.678543567657471,9.630690574645996,1440,0.0002679999997781124
fold_2,seasonal_week,generator_all,3,45,0.15250131487846375,0.8474986851215363,38.900733947753906,50.91717529296875,1440,0.0002679999997781124
fold_2,seasonal_week,generator_120_component,3,45,0.1529533565044403,0.8470466434955597,32.42573165893555,43.794593811035156,1440,0.0002679999997781124
fold_2,seasonal_week,generator_1,4,60,0.18374760448932648,0.8162523955106735,7.683769226074219,9.634736061096191,1440,0.0002679999997781124
fold_2,seasonal_week,generator_all,4,60,0.15255647897720337,0.8474435210227966,38.919090270996094,50.92826843261719,1440,0.0002679999997781124
fold_2,seasonal_week,generator_120_component,4,60,0.1529766023159027,0.8470233976840973,32.433738708496094,43.79952621459961,1440,0.0002679999997781124
fold_2,seasonal_week,generator_1,5,75,0.18374668061733246,0.8162533193826675,7.684423923492432,9.634984016418457,1440,0.0002679999997781124
fold_2,seasonal_week,generator_all,5,75,0.15261951088905334,0.8473804891109467,38.93842697143555,50.937618255615234,1440,0.0002679999997781124
fold_2,seasonal_week,generator_120_component,5,75,0.15302787721157074,0.8469721227884293,32.448001861572266,43.807395935058594,1440,0.0002679999997781124
fold_2,seasonal_week,generator_1,6,90,0.1836012899875641,0.8163987100124359,7.679838180541992,9.633041381835938,1440,0.0002679999997781124
fold_2,seasonal_week,generator_all,6,90,0.15270544588565826,0.8472945541143417,38.96237564086914,50.9467887878418,1440,0.0002679999997781124
fold_2,seasonal_week,generator_120_component,6,90,0.15309907495975494,0.8469009250402451,32.46628189086914,43.81691360473633,1440,0.0002679999997781124
fold_2,seasonal_week,generator_1,7,105,0.18336334824562073,0.8166366517543793,7.672220706939697,9.628233909606934,1440,0.0002679999997781124
fold_2,seasonal_week,generator_all,7,105,0.15273846685886383,0.8472615331411362,38.974395751953125,50.95301818847656,1440,0.0002679999997781124
fold_2,seasonal_week,generator_120_component,7,105,0.1531776785850525,0.8468223214149475,32.48591995239258,43.826019287109375,1440,0.0002679999997781124
fold_2,seasonal_week,generator_1,8,120,0.18312996625900269,0.8168700337409973,7.664830207824707,9.62279224395752,1440,0.0002679999997781124
fold_2,seasonal_week,generator_all,8,120,0.15273213386535645,0.8472678661346436,38.9755973815918,50.953529357910156,1440,0.0002679999997781124
fold_2,seasonal_week,generator_120_component,8,120,0.15320897102355957,0.8467910289764404,32.494510650634766,43.828861236572266,1440,0.0002679999997781124
fold_2,ridge_residual_alpha_1,generator_1,1,15,0.036911096423864365,0.9630889035761356,1.536434292793274,2.2502658367156982,1440,1.2876108000018576
fold_2,ridge_residual_alpha_1,generator_all,1,15,0.017249319702386856,0.9827506802976131,4.362648963928223,6.241676330566406,1440,1.2876108000018576
fold_2,ridge_residual_alpha_1,generator_120_component,1,15,0.017728440463542938,0.9822715595364571,3.7315022945404053,5.363729953765869,1440,1.2876108000018576
fold_2,ridge_residual_alpha_1,generator_1,2,30,0.05454352870583534,0.9454564712941647,2.275925397872925,3.2073657512664795,1440,1.2876108000018576
fold_2,ridge_residual_alpha_1,generator_all,2,30,0.029395373538136482,0.9706046264618635,7.4268012046813965,10.48635482788086,1440,1.2876108000018576
fold_2,ridge_residual_alpha_1,generator_120_component,2,30,0.0302493367344141,0.9697506632655859,6.353556156158447,9.102099418640137,1440,1.2876108000018576
fold_2,ridge_residual_alpha_1,generator_1,3,45,0.0694500207901001,0.9305499792098999,2.910078525543213,3.924647331237793,1440,1.2876108000018576
fold_2,ridge_residual_alpha_1,generator_all,3,45,0.0400678850710392,0.9599321149289608,10.164981842041016,13.97586727142334,1440,1.2876108000018576
fold_2,ridge_residual_alpha_1,generator_120_component,3,45,0.0414184108376503,0.9585815891623497,8.727330207824707,12.183629989624023,1440,1.2876108000018576
fold_2,ridge_residual_alpha_1,generator_1,4,60,0.08285322785377502,0.917146772146225,3.466996908187866,4.501136302947998,1440,1.2876108000018576
fold_2,ridge_residual_alpha_1,generator_all,4,60,0.04958699643611908,0.9504130035638809,12.628022193908691,17.005178451538086,1440,1.2876108000018576
fold_2,ridge_residual_alpha_1,generator_120_component,4,60,0.05183214694261551,0.9481678530573845,10.965117454528809,14.9496488571167,1440,1.2876108000018576
fold_2,ridge_residual_alpha_1,generator_1,5,75,0.09389938414096832,0.9061006158590317,3.9562716484069824,5.021481990814209,1440,1.2876108000018576
fold_2,ridge_residual_alpha_1,generator_all,5,75,0.05943255499005318,0.9405674450099468,15.235400199890137,19.937232971191406,1440,1.2876108000018576
fold_2,ridge_residual_alpha_1,generator_120_component,5,75,0.062220945954322815,0.9377790540456772,13.242918968200684,17.524267196655273,1440,1.2876108000018576
fold_2,ridge_residual_alpha_1,generator_1,6,90,0.10395888984203339,0.8960411101579666,4.376947402954102,5.469783782958984,1440,1.2876108000018576
fold_2,ridge_residual_alpha_1,generator_all,6,90,0.06711935251951218,0.9328806474804878,17.25923728942871,22.02681541442871,1440,1.2876108000018576
fold_2,ridge_residual_alpha_1,generator_120_component,6,90,0.07069236785173416,0.9293076321482658,15.098748207092285,19.40094566345215,1440,1.2876108000018576
fold_2,ridge_residual_alpha_1,generator_1,7,105,0.11076683551073074,0.8892331644892693,4.622138977050781,5.714306354522705,1440,1.2876108000018576
fold_2,ridge_residual_alpha_1,generator_all,7,105,0.07176557183265686,0.9282344281673431,18.418018341064453,23.255538940429688,1440,1.2876108000018576
fold_2,ridge_residual_alpha_1,generator_120_component,7,105,0.07619070261716843,0.9238092973828316,16.271387100219727,20.63947105407715,1440,1.2876108000018576
fold_2,ridge_residual_alpha_1,generator_1,8,120,0.11761748045682907,0.8823825195431709,4.898362159729004,5.996364593505859,1440,1.2876108000018576
fold_2,ridge_residual_alpha_1,generator_all,8,120,0.07565943896770477,0.9243405610322952,19.40921974182129,24.362960815429688,1440,1.2876108000018576
fold_2,ridge_residual_alpha_1,generator_120_component,8,120,0.08009041845798492,0.9199095815420151,17.08085060119629,21.567291259765625,1440,1.2876108000018576
fold_2,ridge_residual_alpha_10,generator_1,1,15,0.03644426912069321,0.9635557308793068,1.5176661014556885,2.2361056804656982,1440,0.9309372999996413
fold_2,ridge_residual_alpha_10,generator_all,1,15,0.017245689406991005,0.982754310593009,4.361268997192383,6.223976135253906,1440,0.9309372999996413
fold_2,ridge_residual_alpha_10,generator_120_component,1,15,0.017717888578772545,0.9822821114212275,3.729081869125366,5.354942798614502,1440,0.9309372999996413
fold_2,ridge_residual_alpha_10,generator_1,2,30,0.053706094622612,0.946293905377388,2.2396888732910156,3.171619415283203,1440,0.9309372999996413
fold_2,ridge_residual_alpha_10,generator_all,2,30,0.029220925644040108,0.9707790743559599,7.378089904785156,10.438397407531738,1440,0.9309372999996413
fold_2,ridge_residual_alpha_10,generator_120_component,2,30,0.030110163614153862,0.9698898363858461,6.321077346801758,9.072155952453613,1440,0.9309372999996413
fold_2,ridge_residual_alpha_10,generator_1,3,45,0.06801921874284744,0.9319807812571526,2.848663091659546,3.8679420948028564,1440,0.9309372999996413
fold_2,ridge_residual_alpha_10,generator_all,3,45,0.039710648357868195,0.9602893516421318,10.063872337341309,13.879443168640137,1440,0.9309372999996413
fold_2,ridge_residual_alpha_10,generator_120_component,3,45,0.04102926328778267,0.9589707367122173,8.636159896850586,12.110533714294434,1440,0.9309372999996413
fold_2,ridge_residual_alpha_10,generator_1,4,60,0.08108250796794891,0.9189174920320511,3.39186954498291,4.430487155914307,1440,0.9309372999996413
fold_2,ridge_residual_alpha_10,generator_all,4,60,0.049152672290802,0.950847327709198,12.501891136169434,16.888105392456055,1440,0.9309372999996413
fold_2,ridge_residual_alpha_10,generator_120_component,4,60,0.05131922662258148,0.9486807733774185,10.840776443481445,14.837700843811035,1440,0.9309372999996413
fold_2,ridge_residual_alpha_10,generator_1,5,75,0.09185994416475296,0.908140055835247,3.8658664226531982,4.930209159851074,1440,0.9309372999996413
fold_2,ridge_residual_alpha_10,generator_all,5,75,0.05880836769938469,0.9411916323006153,15.05302619934082,19.743125915527344,1440,0.9309372999996413
fold_2,ridge_residual_alpha_10,generator_120_component,5,75,0.06135980784893036,0.9386401921510696,13.03954029083252,17.33915901184082,1440,0.9309372999996413
fold_2,ridge_residual_alpha_10,generator_1,6,90,0.1009383276104927,0.8990616723895073,4.248267650604248,5.3363356590271,1440,0.9309372999996413
fold_2,ridge_residual_alpha_10,generator_all,6,90,0.0663679987192154,0.9336320012807846,17.041040420532227,21.7725772857666,1440,0.9309372999996413
fold_2,ridge_residual_alpha_10,generator_120_component,6,90,0.069562628865242,0.930437371134758,14.837453842163086,19.150985717773438,1440,0.9309372999996413
fold_2,ridge_residual_alpha_10,generator_1,7,105,0.10794747620820999,0.89205252379179,4.504045486450195,5.5900187492370605,1440,0.9309372999996413
fold_2,ridge_residual_alpha_10,generator_all,7,105,0.07089202105998993,0.9291079789400101,18.168174743652344,22.968486785888672,1440,0.9309372999996413
fold_2,ridge_residual_alpha_10,generator_120_component,7,105,0.0749804899096489,0.9250195100903511,15.989068031311035,20.340984344482422,1440,0.9309372999996413
fold_2,ridge_residual_alpha_10,generator_1,8,120,0.11505283415317535,0.8849471658468246,4.789053916931152,5.869380474090576,1440,0.9309372999996413
fold_2,ridge_residual_alpha_10,generator_all,8,120,0.07477983087301254,0.9252201691269875,19.163070678710938,24.04829978942871,1440,0.9309372999996413
fold_2,ridge_residual_alpha_10,generator_120_component,8,120,0.07892737537622452,0.9210726246237755,16.815475463867188,21.253671646118164,1440,0.9309372999996413
fold_2,ridge_residual_alpha_100,generator_1,1,15,0.03560851886868477,0.9643914811313152,1.4807313680648804,2.2124905586242676,1440,0.5023956000004546
fold_2,ridge_residual_alpha_100,generator_all,1,15,0.017103910446166992,0.982896089553833,4.327320575714111,6.194981098175049,1440,0.5023956000004546
fold_2,ridge_residual_alpha_100,generator_120_component,1,15,0.01763453148305416,0.9823654685169458,3.7123663425445557,5.347656726837158,1440,0.5023956000004546
fold_2,ridge_residual_alpha_100,generator_1,2,30,0.05206933617591858,0.9479306638240814,2.164339542388916,3.1200740337371826,1440,0.5023956000004546
fold_2,ridge_residual_alpha_100,generator_all,2,30,0.02898580953478813,0.9710141904652119,7.317896842956543,10.374800682067871,1440,0.5023956000004546
fold_2,ridge_residual_alpha_100,generator_120_component,2,30,0.029948923736810684,0.9700510762631893,6.288199424743652,9.044856071472168,1440,0.5023956000004546
fold_2,ridge_residual_alpha_100,generator_1,3,45,0.06496627628803253,0.9350337237119675,2.7020134925842285,3.764270067214966,1440,0.5023956000004546
fold_2,ridge_residual_alpha_100,generator_all,3,45,0.03910709172487259,0.9608929082751274,9.90043830871582,13.72598648071289,1440,0.5023956000004546
fold_2,ridge_residual_alpha_100,generator_120_component,3,45,0.04068073257803917,0.9593192674219608,8.563528060913086,12.034440994262695,1440,0.5023956000004546
fold_2,ridge_residual_alpha_100,generator_1,4,60,0.0772295594215393,0.9227704405784607,3.212484359741211,4.294963359832764,1440,0.5023956000004546
fold_2,ridge_residual_alpha_100,generator_all,4,60,0.04840253293514252,0.9515974670648575,12.297871589660645,16.687400817871094,1440,0.5023956000004546
fold_2,ridge_residual_alpha_100,generator_120_component,4,60,0.050809722393751144,0.9491902776062489,10.730140686035156,14.72571849822998,1440,0.5023956000004546
fold_2,ridge_residual_alpha_100,generator_1,5,75,0.08744915574789047,0.9125508442521095,3.6604342460632324,4.757539749145508,1440,0.5023956000004546
fold_2,ridge_residual_alpha_100,generator_all,5,75,0.05798743665218353,0.9420125633478165,14.826104164123535,19.473379135131836,1440,0.5023956000004546
fold_2,ridge_residual_alpha_100,generator_120_component,5,75,0.060700707137584686,0.9392992928624153,12.895578384399414,17.162588119506836,1440,0.5023956000004546
fold_2,ridge_residual_alpha_100,generator_1,6,90,0.09584961086511612,0.9041503891348839,4.0091376304626465,5.127032279968262,1440,0.5023956000004546
fold_2,ridge_residual_alpha_100,generator_all,6,90,0.06550943106412888,0.9344905689358711,16.80645179748535,21.450077056884766,1440,0.5023956000004546
fold_2,ridge_residual_alpha_100,generator_120_component,6,90,0.06889002025127411,0.9311099797487259,14.695216178894043,18.94266700744629,1440,0.5023956000004546
fold_2,ridge_residual_alpha_100,generator_1,7,105,0.10298673808574677,0.8970132619142532,4.264822006225586,5.379360675811768,1440,0.5023956000004546
fold_2,ridge_residual_alpha_100,generator_all,7,105,0.0698690190911293,0.9301309809088707,17.897130966186523,22.58380699157715,1440,0.5023956000004546
fold_2,ridge_residual_alpha_100,generator_120_component,7,105,0.07405269891023636,0.9259473010897636,15.804834365844727,20.080305099487305,1440,0.5023956000004546
fold_2,ridge_residual_alpha_100,generator_1,8,120,0.11047263443470001,0.8895273655653,4.568780422210693,5.678889751434326,1440,0.5023956000004546
fold_2,ridge_residual_alpha_100,generator_all,8,120,0.07377053052186966,0.9262294694781303,18.907920837402344,23.648399353027344,1440,0.5023956000004546
fold_2,ridge_residual_alpha_100,generator_120_component,8,120,0.07803330570459366,0.9219666942954063,16.651954650878906,20.964710235595703,1440,0.5023956000004546
fold_2,ridge_residual_alpha_1000,generator_1,1,15,0.03437542915344238,0.9656245708465576,1.4261642694473267,2.1851933002471924,1440,0.262499199998274
fold_2,ridge_residual_alpha_1000,generator_all,1,15,0.01689520850777626,0.9831047914922237,4.274857997894287,6.186418056488037,1440,0.262499199998274
fold_2,ridge_residual_alpha_1000,generator_120_component,1,15,0.017469657585024834,0.9825303424149752,3.676532030105591,5.3489603996276855,1440,0.262499199998274
fold_2,ridge_residual_alpha_1000,generator_1,2,30,0.0494459830224514,0.9505540169775486,2.043940544128418,3.0588955879211426,1440,0.262499199998274
fold_2,ridge_residual_alpha_1000,generator_all,2,30,0.02844211831688881,0.9715578816831112,7.172799110412598,10.293219566345215,1440,0.262499199998274
fold_2,ridge_residual_alpha_1000,generator_120_component,2,30,0.029494794085621834,0.9705052059143782,6.18794059753418,8.992898941040039,1440,0.262499199998274
fold_2,ridge_residual_alpha_1000,generator_1,3,45,0.060381654649972916,0.9396183453500271,2.487426519393921,3.6467907428741455,1440,0.262499199998274
fold_2,ridge_residual_alpha_1000,generator_all,3,45,0.0381162203848362,0.9618837796151638,9.631203651428223,13.531759262084961,1440,0.262499199998274
fold_2,ridge_residual_alpha_1000,generator_120_component,3,45,0.039972007274627686,0.9600279927253723,8.405964851379395,11.901595115661621,1440,0.262499199998274
fold_2,ridge_residual_alpha_1000,generator_1,4,60,0.07116508483886719,0.9288349151611328,2.9340405464172363,4.119710922241211,1440,0.262499199998274
fold_2,ridge_residual_alpha_1000,generator_all,4,60,0.047029729932546616,0.9529702700674534,11.917948722839355,16.38490104675293,1440,0.262499199998274
fold_2,ridge_residual_alpha_1000,generator_120_component,4,60,0.04934323579072952,0.9506567642092705,10.401126861572266,14.474367141723633,1440,0.262499199998274
fold_2,ridge_residual_alpha_1000,generator_1,5,75,0.08031972497701645,0.9196802750229836,3.3334593772888184,4.524690628051758,1440,0.262499199998274
fold_2,ridge_residual_alpha_1000,generator_all,5,75,0.05629326030611992,0.9437067396938801,14.343277931213379,18.999528884887695,1440,0.262499199998274
fold_2,ridge_residual_alpha_1000,generator_120_component,5,75,0.05875805392861366,0.9412419460713863,12.449661254882812,16.735002517700195,1440,0.262499199998274
fold_2,ridge_residual_alpha_1000,generator_1,6,90,0.08779395371675491,0.9122060462832451,3.6395466327667236,4.84666109085083,1440,0.262499199998274
fold_2,ridge_residual_alpha_1000,generator_all,6,90,0.06320412456989288,0.9367958754301071,16.15676498413086,20.839359283447266,1440,0.262499199998274
fold_2,ridge_residual_alpha_1000,generator_120_component,6,90,0.06625905632972717,0.9337409436702728,14.089949607849121,18.357004165649414,1440,0.262499199998274
fold_2,ridge_residual_alpha_1000,generator_1,7,105,0.09422556310892105,0.905774436891079,3.8674275875091553,5.094478607177734,1440,0.262499199998274
fold_2,ridge_residual_alpha_1000,generator_all,7,105,0.06775940954685211,0.9322405904531479,17.300819396972656,21.975011825561523,1440,0.262499199998274
fold_2,ridge_residual_alpha_1000,generator_120_component,7,105,0.07111605256795883,0.9288839474320412,15.133679389953613,19.419218063354492,1440,0.262499199998274
fold_2,ridge_residual_alpha_1000,generator_1,8,120,0.10115779936313629,0.8988422006368637,4.150725841522217,5.3685994148254395,1440,0.262499199998274
fold_2,ridge_residual_alpha_1000,generator_all,8,120,0.07174450904130936,0.9282554909586906,18.333065032958984,22.96744728088379,1440,0.262499199998274
fold_2,ridge_residual_alpha_1000,generator_120_component,8,120,0.07510650902986526,0.9248934909701347,15.985648155212402,20.191349029541016,1440,0.262499199998274
fold_3,persistence,generator_1,1,15,0.027609962970018387,0.9723900370299816,2.8940157890319824,4.343934059143066,1423,6.739999662386253e-05
fold_3,persistence,generator_all,1,15,0.016566025093197823,0.9834339749068022,5.140661239624023,8.059876441955566,1423,6.739999662386253e-05
fold_3,persistence,generator_120_component,1,15,0.017679136246442795,0.9823208637535572,3.504326343536377,6.33941650390625,1423,6.739999662386253e-05
fold_3,persistence,generator_1,2,30,0.03794446215033531,0.9620555378496647,3.9504013061523438,5.941202163696289,1423,6.739999662386253e-05
fold_3,persistence,generator_all,2,30,0.025837339460849762,0.9741626605391502,7.984753608703613,12.543578147888184,1423,6.739999662386253e-05
fold_3,persistence,generator_120_component,2,30,0.02845744602382183,0.9715425539761782,5.531115531921387,10.178159713745117,1423,6.739999662386253e-05
fold_3,persistence,generator_1,3,45,0.045877065509557724,0.9541229344904423,4.774826526641846,7.216490745544434,1423,6.739999662386253e-05
fold_3,persistence,generator_all,3,45,0.03451356291770935,0.9654864370822906,10.649916648864746,16.253393173217773,1423,6.739999662386253e-05
fold_3,persistence,generator_120_component,3,45,0.03874079883098602,0.961259201169014,7.487420558929443,13.207452774047852,1423,6.739999662386253e-05
fold_3,persistence,generator_1,4,60,0.055551256984472275,0.9444487430155277,5.7941107749938965,8.561657905578613,1423,6.739999662386253e-05
fold_3,persistence,generator_all,4,60,0.04247097671031952,0.9575290232896805,13.127923965454102,19.468814849853516,1423,6.739999662386253e-05
fold_3,persistence,generator_120_component,4,60,0.04759270325303078,0.9524072967469692,9.177742004394531,15.643954277038574,1423,6.739999662386253e-05
fold_3,persistence,generator_1,5,75,0.062458936125040054,0.93754106387496,6.532320022583008,9.458108901977539,1423,6.739999662386253e-05
fold_3,persistence,generator_all,5,75,0.049243997782468796,0.9507560022175312,15.23063850402832,22.117013931274414,1423,6.739999662386253e-05
fold_3,persistence,generator_120_component,5,75,0.055703502148389816,0.9442964978516102,10.73908519744873,17.643962860107422,1423,6.739999662386253e-05
fold_3,persistence,generator_1,6,90,0.06867434829473495,0.931325651705265,7.194429874420166,10.386507987976074,1423,6.739999662386253e-05
fold_3,persistence,generator_all,6,90,0.05527522787451744,0.9447247721254826,17.100749969482422,24.39203643798828,1423,6.739999662386253e-05
fold_3,persistence,generator_120_component,6,90,0.06263090670108795,0.937369093298912,12.067902565002441,19.238096237182617,1423,6.739999662386253e-05
fold_3,persistence,generator_1,7,105,0.07389960438013077,0.9261003956198692,7.745500087738037,11.134293556213379,1423,6.739999662386253e-05
fold_3,persistence,generator_all,7,105,0.060030873864889145,0.9399691261351109,18.559673309326172,26.22968864440918,1423,6.739999662386253e-05
fold_3,persistence,generator_120_component,7,105,0.06833994388580322,0.9316600561141968,13.161277770996094,20.552440643310547,1423,6.739999662386253e-05
fold_3,persistence,generator_1,8,120,0.07755813002586365,0.9224418699741364,8.157136917114258,11.642637252807617,1423,6.739999662386253e-05
fold_3,persistence,generator_all,8,120,0.06410720944404602,0.935892790555954,19.8210391998291,27.732799530029297,1423,6.739999662386253e-05
fold_3,persistence,generator_120_component,8,120,0.0731462687253952,0.9268537312746048,14.061200141906738,21.66193389892578,1423,6.739999662386253e-05
fold_3,linear_trend,generator_1,1,15,0.04241584613919258,0.9575841538608074,4.458271503448486,6.338045120239258,1423,0.00011230000018258579
fold_3,linear_trend,generator_all,1,15,0.021388379856944084,0.9786116201430559,6.6526408195495605,10.000802040100098,1423,0.00011230000018258579
fold_3,linear_trend,generator_120_component,1,15,0.022160442546010017,0.97783955745399,4.4029412269592285,7.409822463989258,1423,0.00011230000018258579
fold_3,linear_trend,generator_1,2,30,0.07171881943941116,0.9282811805605888,7.5033488273620605,10.721592903137207,1423,0.00011230000018258579
fold_3,linear_trend,generator_all,2,30,0.037715423852205276,0.9622845761477947,11.655311584472656,16.983945846557617,1423,0.00011230000018258579
fold_3,linear_trend,generator_120_component,2,30,0.03954508900642395,0.960454910993576,7.706607341766357,12.574705123901367,1423,0.00011230000018258579
fold_3,linear_trend,generator_1,3,45,0.09869787842035294,0.9013021215796471,10.31213092803955,14.659406661987305,1423,0.00011230000018258579
fold_3,linear_trend,generator_all,3,45,0.05336951091885567,0.9466304890811443,16.434967041015625,23.608909606933594,1423,0.00011230000018258579
fold_3,linear_trend,generator_120_component,3,45,0.05651993677020073,0.9434800632297993,10.914320945739746,17.455997467041016,1423,0.00011230000018258579
fold_3,linear_trend,generator_1,4,60,0.1311129629611969,0.8688870370388031,13.726183891296387,19.4973087310791,1423,0.00011230000018258579
fold_3,linear_trend,generator_all,4,60,0.06960359215736389,0.9303964078426361,21.45515251159668,30.5344181060791,1423,0.00011230000018258579
fold_3,linear_trend,generator_120_component,4,60,0.072164386510849,0.927835613489151,13.895011901855469,22.050607681274414,1423,0.00011230000018258579
fold_3,linear_trend,generator_1,5,75,0.1572374850511551,0.8427625149488449,16.50971221923828,23.337520599365234,1423,0.00011230000018258579
fold_3,linear_trend,generator_all,5,75,0.08489985764026642,0.9151001423597336,26.225162506103516,36.934940338134766,1423,0.00011230000018258579
fold_3,linear_trend,generator_120_component,5,75,0.08766267448663712,0.9123373255133629,16.89742660522461,26.610889434814453,1423,0.00011230000018258579
fold_3,linear_trend,generator_1,6,90,0.18624600768089294,0.8137539923191071,19.58386993408203,27.350812911987305,1423,0.00011230000018258579
fold_3,linear_trend,generator_all,6,90,0.10064475238323212,0.8993552476167679,31.166736602783203,43.50544357299805,1423,0.00011230000018258579
fold_3,linear_trend,generator_120_component,6,90,0.10213451832532883,0.8978654816746712,19.711639404296875,30.909704208374023,1423,0.00011230000018258579
fold_3,linear_trend,generator_1,7,105,0.21336103975772858,0.7866389602422714,22.435569763183594,31.155258178710938,1423,0.00011230000018258579
fold_3,linear_trend,generator_all,7,105,0.1148182600736618,0.8851817399263382,35.60031509399414,49.595977783203125,1423,0.00011230000018258579
fold_3,linear_trend,generator_120_component,7,105,0.11486130207777023,0.8851386979222298,22.247526168823242,34.8446159362793,1423,0.00011230000018258579
fold_3,linear_trend,generator_1,8,120,0.23296146094799042,0.7670385390520096,24.535219192504883,33.761474609375,1423,0.00011230000018258579
fold_3,linear_trend,generator_all,8,120,0.12602867186069489,0.8739713281393051,39.136756896972656,54.617881774902344,1423,0.00011230000018258579
fold_3,linear_trend,generator_120_component,8,120,0.12656517326831818,0.8734348267316818,24.52131462097168,38.482723236083984,1423,0.00011230000018258579
fold_3,seasonal_day,generator_1,1,15,0.13933230936527252,0.8606676906347275,15.072830200195312,22.061004638671875,1423,0.0003775000004679896
fold_3,seasonal_day,generator_all,1,15,0.13519345223903656,0.8648065477609634,40.79232406616211,53.427940368652344,1423,0.0003775000004679896
fold_3,seasonal_day,generator_120_component,1,15,0.180801659822464,0.819198340177536,31.585676193237305,47.0173454284668,1423,0.0003775000004679896
fold_3,seasonal_day,generator_1,2,30,0.13932166993618011,0.8606783300638199,15.079156875610352,22.06572723388672,1423,0.0003775000004679896
fold_3,seasonal_day,generator_all,2,30,0.13537955284118652,0.8646204471588135,40.8520622253418,53.472999572753906,1423,0.0003775000004679896
fold_3,seasonal_day,generator_120_component,2,30,0.18104207515716553,0.8189579248428345,31.635818481445312,47.04779815673828,1423,0.0003775000004679896
fold_3,seasonal_day,generator_1,3,45,0.13927620649337769,0.8607237935066223,15.084108352661133,22.073486328125,1423,0.0003775000004679896
fold_3,seasonal_day,generator_all,3,45,0.13549798727035522,0.8645020127296448,40.89202880859375,53.50232696533203,1423,0.0003775000004679896
fold_3,seasonal_day,generator_120_component,3,45,0.1812092661857605,0.8187907338142395,31.67083740234375,47.06379318237305,1423,0.0003775000004679896
fold_3,seasonal_day,generator_1,4,60,0.13929082453250885,0.8607091754674911,15.096443176269531,22.09002685546875,1423,0.0003775000004679896
fold_3,seasonal_day,generator_all,4,60,0.13558904826641083,0.8644109517335892,40.923763275146484,53.52247619628906,1423,0.0003775000004679896
fold_3,seasonal_day,generator_120_component,4,60,0.1812768578529358,0.8187231421470642,31.684473037719727,47.067935943603516,1423,0.0003775000004679896
fold_3,seasonal_day,generator_1,5,75,0.139364093542099,0.860635906457901,15.106059074401855,22.095712661743164,1423,0.0003775000004679896
fold_3,seasonal_day,generator_all,5,75,0.135662242770195,0.864337757229805,40.948097229003906,53.53373336791992,1423,0.0003775000004679896
fold_3,seasonal_day,generator_120_component,5,75,0.1813443899154663,0.8186556100845337,31.698755264282227,47.07184600830078,1423,0.0003775000004679896
fold_3,seasonal_day,generator_1,6,90,0.13942018151283264,0.8605798184871674,15.11616325378418,22.103302001953125,1423,0.0003775000004679896
fold_3,seasonal_day,generator_all,6,90,0.13574066758155823,0.8642593324184418,40.97469711303711,53.54620361328125,1423,0.0003775000004679896
fold_3,seasonal_day,generator_120_component,6,90,0.1814148873090744,0.8185851126909256,31.713804244995117,47.075801849365234,1423,0.0003775000004679896
fold_3,seasonal_day,generator_1,7,105,0.13948684930801392,0.8605131506919861,15.124778747558594,22.108776092529297,1423,0.0003775000004679896
fold_3,seasonal_day,generator_all,7,105,0.13581259548664093,0.8641874045133591,40.99811553955078,53.556114196777344,1423,0.0003775000004679896
fold_3,seasonal_day,generator_120_component,7,105,0.18148256838321686,0.8185174316167831,31.72777557373047,47.07969284057617,1423,0.0003775000004679896
fold_3,seasonal_day,generator_1,8,120,0.1395753026008606,0.8604246973991394,15.13613510131836,22.114540100097656,1423,0.0003775000004679896
fold_3,seasonal_day,generator_all,8,120,0.13590307533740997,0.86409692466259,41.028446197509766,53.56896209716797,1423,0.0003775000004679896
fold_3,seasonal_day,generator_120_component,8,120,0.18156947195529938,0.8184305280447006,31.746747970581055,47.084877014160156,1423,0.0003775000004679896
fold_3,seasonal_week,generator_1,1,15,0.3829362988471985,0.6170637011528015,43.387351989746094,53.745609283447266,1423,0.00033489999987068586
fold_3,seasonal_week,generator_all,1,15,0.1670338362455368,0.8329661637544632,52.663333892822266,62.663509368896484,1423,0.00033489999987068586
fold_3,seasonal_week,generator_120_component,1,15,0.18455258011817932,0.8154474198818207,32.31608963012695,46.3404541015625,1423,0.00033489999987068586
fold_3,seasonal_week,generator_1,2,30,0.3826739192008972,0.6173260807991028,43.36842727661133,53.741943359375,1423,0.00033489999987068586
fold_3,seasonal_week,generator_all,2,30,0.16695140302181244,0.8330485969781876,52.64047622680664,62.6529655456543,1423,0.00033489999987068586
fold_3,seasonal_week,generator_120_component,2,30,0.18454179167747498,0.815458208322525,32.31216049194336,46.33604431152344,1423,0.00033489999987068586
fold_3,seasonal_week,generator_1,3,45,0.38249853253364563,0.6175014674663544,43.361412048339844,53.741458892822266,1423,0.00033489999987068586
fold_3,seasonal_week,generator_all,3,45,0.1668715476989746,0.8331284523010254,52.621212005615234,62.647212982177734,1423,0.00033489999987068586
fold_3,seasonal_week,generator_120_component,3,45,0.18449869751930237,0.8155013024806976,32.30152893066406,46.329586029052734,1423,0.00033489999987068586
fold_3,seasonal_week,generator_1,4,60,0.38230445981025696,0.617695540189743,43.35011291503906,53.73858642578125,1423,0.00033489999987068586
fold_3,seasonal_week,generator_all,4,60,0.16679006814956665,0.8332099318504333,52.600303649902344,62.63978958129883,1423,0.00033489999987068586
fold_3,seasonal_week,generator_120_component,4,60,0.18445879220962524,0.8155412077903748,32.29191589355469,46.324214935302734,1423,0.00033489999987068586
fold_3,seasonal_week,generator_1,5,75,0.3821631669998169,0.6178368330001831,43.338130950927734,53.73657989501953,1423,0.00033489999987068586
fold_3,seasonal_week,generator_all,5,75,0.16669274866580963,0.8333072513341904,52.57227325439453,62.63056182861328,1423,0.00033489999987068586
fold_3,seasonal_week,generator_120_component,5,75,0.1843969225883484,0.8156030774116516,32.27667236328125,46.31598663330078,1423,0.00033489999987068586
fold_3,seasonal_week,generator_1,6,90,0.38211262226104736,0.6178873777389526,43.33273696899414,53.73580551147461,1423,0.00033489999987068586
fold_3,seasonal_week,generator_all,6,90,0.1666182279586792,0.8333817720413208,52.55235290527344,62.62339782714844,1423,0.00033489999987068586
fold_3,seasonal_week,generator_120_component,6,90,0.1843322217464447,0.8156677782535553,32.260677337646484,46.30693435668945,1423,0.00033489999987068586
fold_3,seasonal_week,generator_1,7,105,0.382071852684021,0.617928147315979,43.327877044677734,53.734703063964844,1423,0.00033489999987068586
fold_3,seasonal_week,generator_all,7,105,0.16656212508678436,0.8334378749132156,52.536895751953125,62.619117736816406,1423,0.00033489999987068586
fold_3,seasonal_week,generator_120_component,7,105,0.18430034816265106,0.8156996518373489,32.25132751464844,46.30107116699219,1423,0.00033489999987068586
fold_3,seasonal_week,generator_1,8,120,0.38202208280563354,0.6179779171943665,43.324546813964844,53.73421859741211,1423,0.00033489999987068586
fold_3,seasonal_week,generator_all,8,120,0.16654106974601746,0.8334589302539825,52.53168869018555,62.61909103393555,1423,0.00033489999987068586
fold_3,seasonal_week,generator_120_component,8,120,0.1843269020318985,0.8156730979681015,32.25544738769531,46.30373001098633,1423,0.00033489999987068586
fold_3,ridge_residual_alpha_1,generator_1,1,15,0.03139108046889305,0.968608919531107,3.3244967460632324,4.610353469848633,1423,1.2543985000011162
fold_3,ridge_residual_alpha_1,generator_all,1,15,0.017728939652442932,0.9822710603475571,5.527592182159424,7.762402057647705,1423,1.2543985000011162
fold_3,ridge_residual_alpha_1,generator_120_component,1,15,0.02159794606268406,0.9784020539373159,4.125469207763672,6.146676063537598,1423,1.2543985000011162
fold_3,ridge_residual_alpha_1,generator_1,2,30,0.05248958617448807,0.9475104138255119,5.601269245147705,7.218217372894287,1423,1.2543985000011162
fold_3,ridge_residual_alpha_1,generator_all,2,30,0.03133922442793846,0.9686607755720615,9.889735221862793,13.01731014251709,1423,1.2543985000011162
fold_3,ridge_residual_alpha_1,generator_120_component,2,30,0.037742312997579575,0.9622576870024204,7.196652889251709,10.190913200378418,1423,1.2543985000011162
fold_3,ridge_residual_alpha_1,generator_1,3,45,0.07066642493009567,0.9293335750699043,7.601908206939697,9.521916389465332,1423,1.2543985000011162
fold_3,ridge_residual_alpha_1,generator_all,3,45,0.04568375647068024,0.9543162435293198,14.55013370513916,18.430566787719727,1423,1.2543985000011162
fold_3,ridge_residual_alpha_1,generator_120_component,3,45,0.05420888960361481,0.9457911103963852,10.411044120788574,14.037776947021484,1423,1.2543985000011162
fold_3,ridge_residual_alpha_1,generator_1,4,60,0.08793560415506363,0.9120643958449364,9.541716575622559,11.813035011291504,1423,1.2543985000011162
fold_3,ridge_residual_alpha_1,generator_all,4,60,0.05921999365091324,0.9407800063490868,19.00708770751953,23.580778121948242,1423,1.2543985000011162
fold_3,ridge_residual_alpha_1,generator_120_component,4,60,0.0694652646780014,0.9305347353219986,13.418388366699219,17.592287063598633,1423,1.2543985000011162
fold_3,ridge_residual_alpha_1,generator_1,5,75,0.10491584986448288,0.8950841501355171,11.396625518798828,13.91363525390625,1423,1.2543985000011162
fold_3,ridge_residual_alpha_1,generator_all,5,75,0.07125436514616013,0.9287456348538399,22.954395294189453,28.02608299255371,1423,1.2543985000011162
fold_3,ridge_residual_alpha_1,generator_120_component,5,75,0.08315107971429825,0.9168489202857018,16.074167251586914,20.64556121826172,1423,1.2543985000011162
fold_3,ridge_residual_alpha_1,generator_1,6,90,0.11900133639574051,0.8809986636042595,12.980110168457031,15.743329048156738,1423,1.2543985000011162
fold_3,ridge_residual_alpha_1,generator_all,6,90,0.08187893033027649,0.9181210696697235,26.438257217407227,31.944355010986328,1423,1.2543985000011162
fold_3,ridge_residual_alpha_1,generator_120_component,6,90,0.09547249227762222,0.9045275077223778,18.434444427490234,23.382368087768555,1423,1.2543985000011162
fold_3,ridge_residual_alpha_1,generator_1,7,105,0.13093560934066772,0.8690643906593323,14.360139846801758,17.333280563354492,1423,1.2543985000011162
fold_3,ridge_residual_alpha_1,generator_all,7,105,0.09285276383161545,0.9071472361683846,30.112789154052734,36.04100799560547,1423,1.2543985000011162
fold_3,ridge_residual_alpha_1,generator_120_component,7,105,0.10847199708223343,0.8915280029177666,21.1072998046875,26.175424575805664,1423,1.2543985000011162
fold_3,ridge_residual_alpha_1,generator_1,8,120,0.1438555270433426,0.8561444729566574,15.80373477935791,18.888290405273438,1423,1.2543985000011162
fold_3,ridge_residual_alpha_1,generator_all,8,120,0.1042747050523758,0.8957252949476242,34.00698471069336,40.545143127441406,1423,1.2543985000011162
fold_3,ridge_residual_alpha_1,generator_120_component,8,120,0.1208396777510643,0.8791603222489357,23.81661033630371,29.034889221191406,1423,1.2543985000011162
fold_3,ridge_residual_alpha_10,generator_1,1,15,0.03135225549340248,0.9686477445065975,3.325958490371704,4.619109630584717,1423,0.9577485999980127
fold_3,ridge_residual_alpha_10,generator_all,1,15,0.017583945766091347,0.9824160542339087,5.488102912902832,7.737131595611572,1423,0.9577485999980127
fold_3,ridge_residual_alpha_10,generator_120_component,1,15,0.021358713507652283,0.9786412864923477,4.089396953582764,6.1057963371276855,1423,0.9577485999980127
fold_3,ridge_residual_alpha_10,generator_1,2,30,0.051088668406009674,0.9489113315939903,5.45168399810791,7.07652473449707,1423,0.9577485999980127
fold_3,ridge_residual_alpha_10,generator_all,2,30,0.03037852607667446,0.9696214739233255,9.56136417388916,12.678555488586426,1423,0.9577485999980127
fold_3,ridge_residual_alpha_10,generator_120_component,2,30,0.03719589486718178,0.9628041051328182,7.044422149658203,10.06750202178955,1423,0.9577485999980127
fold_3,ridge_residual_alpha_10,generator_1,3,45,0.06977435946464539,0.9302256405353546,7.518901348114014,9.437126159667969,1423,0.9577485999980127
fold_3,ridge_residual_alpha_10,generator_all,3,45,0.04462716355919838,0.9553728364408016,14.192161560058594,18.023181915283203,1423,0.9577485999980127
fold_3,ridge_residual_alpha_10,generator_120_component,3,45,0.05348658189177513,0.9465134181082249,10.2059965133667,13.823022842407227,1423,0.9577485999980127
fold_3,ridge_residual_alpha_10,generator_1,4,60,0.086218923330307,0.913781076669693,9.356877326965332,11.622851371765137,1423,0.9577485999980127
fold_3,ridge_residual_alpha_10,generator_all,4,60,0.057723525911569595,0.9422764740884304,18.49907684326172,22.99026107788086,1423,0.9577485999980127
fold_3,ridge_residual_alpha_10,generator_120_component,4,60,0.06851310282945633,0.9314868971705437,13.160375595092773,17.29700469970703,1423,0.9577485999980127
fold_3,ridge_residual_alpha_10,generator_1,5,75,0.10255776345729828,0.8974422365427017,11.14184284210205,13.650018692016602,1423,0.9577485999980127
fold_3,ridge_residual_alpha_10,generator_all,5,75,0.06957519054412842,0.9304248094558716,22.38680076599121,27.35736846923828,1423,0.9577485999980127
fold_3,ridge_residual_alpha_10,generator_120_component,5,75,0.08216775208711624,0.9178322479128838,15.809271812438965,20.337862014770508,1423,0.9577485999980127
fold_3,ridge_residual_alpha_10,generator_1,6,90,0.11628952622413635,0.8837104737758636,12.692597389221191,15.447332382202148,1423,0.9577485999980127
fold_3,ridge_residual_alpha_10,generator_all,6,90,0.08032239228487015,0.9196776077151299,25.915882110595703,31.30113410949707,1423,0.9577485999980127
fold_3,ridge_residual_alpha_10,generator_120_component,6,90,0.0948631539940834,0.9051368460059166,18.243877410888672,23.103111267089844,1423,0.9577485999980127
fold_3,ridge_residual_alpha_10,generator_1,7,105,0.1284952312707901,0.8715047687292099,14.085329055786133,17.032075881958008,1423,0.9577485999980127
fold_3,ridge_residual_alpha_10,generator_all,7,105,0.09081891924142838,0.9091810807585716,29.426504135131836,35.200679779052734,1423,0.9577485999980127
fold_3,ridge_residual_alpha_10,generator_120_component,7,105,0.10720149427652359,0.8927985057234764,20.761980056762695,25.777538299560547,1423,0.9577485999980127
fold_3,ridge_residual_alpha_10,generator_1,8,120,0.14107027649879456,0.8589297235012054,15.49505615234375,18.55868148803711,1423,0.9577485999980127
fold_3,ridge_residual_alpha_10,generator_all,8,120,0.10165683925151825,0.8983431607484818,33.1279182434082,39.50514602661133,1423,0.9577485999980127
fold_3,ridge_residual_alpha_10,generator_120_component,8,120,0.11915901303291321,0.8808409869670868,23.367982864379883,28.527488708496094,1423,0.9577485999980127
fold_3,ridge_residual_alpha_100,generator_1,1,15,0.03100915066897869,0.9689908493310213,3.2920889854431152,4.600390911102295,1423,0.5933814000018174
fold_3,ridge_residual_alpha_100,generator_all,1,15,0.017415454611182213,0.9825845453888178,5.442014217376709,7.705008506774902,1423,0.5933814000018174
fold_3,ridge_residual_alpha_100,generator_120_component,1,15,0.02088138461112976,0.9791186153888702,4.024742126464844,6.03462028503418,1423,0.5933814000018174
fold_3,ridge_residual_alpha_100,generator_1,2,30,0.04986341670155525,0.9501365832984447,5.323871612548828,6.941119194030762,1423,0.5933814000018174
fold_3,ridge_residual_alpha_100,generator_all,2,30,0.03014274872839451,0.9698572512716055,9.500646591186523,12.603670120239258,1423,0.5933814000018174
fold_3,ridge_residual_alpha_100,generator_120_component,2,30,0.03670654073357582,0.9632934592664242,7.009263038635254,9.988408088684082,1423,0.5933814000018174
fold_3,ridge_residual_alpha_100,generator_1,3,45,0.06723318248987198,0.932766817510128,7.241768836975098,9.141101837158203,1423,0.5933814000018174
fold_3,ridge_residual_alpha_100,generator_all,3,45,0.043850723654031754,0.9561492763459682,13.955680847167969,17.77698516845703,1423,0.5933814000018174
fold_3,ridge_residual_alpha_100,generator_120_component,3,45,0.05287516117095947,0.9471248388290405,10.16621208190918,13.701014518737793,1423,0.5933814000018174
fold_3,ridge_residual_alpha_100,generator_1,4,60,0.08443893492221832,0.9155610650777817,9.159594535827637,11.386157989501953,1423,0.5933814000018174
fold_3,ridge_residual_alpha_100,generator_all,4,60,0.05788080021739006,0.9421191997826099,18.59605598449707,23.115737915039062,1423,0.5933814000018174
fold_3,ridge_residual_alpha_100,generator_120_component,4,60,0.0684359148144722,0.9315640851855278,13.297802925109863,17.352375030517578,1423,0.5933814000018174
fold_3,ridge_residual_alpha_100,generator_1,5,75,0.10001813620328903,0.899981863796711,10.854228019714355,13.298406600952148,1423,0.5933814000018174
fold_3,ridge_residual_alpha_100,generator_all,5,75,0.06985873728990555,0.9301412627100945,22.53302001953125,27.546663284301758,1423,0.5933814000018174
fold_3,ridge_residual_alpha_100,generator_120_component,5,75,0.08207546919584274,0.9179245308041573,15.983702659606934,20.44585418701172,1423,0.5933814000018174
fold_3,ridge_residual_alpha_100,generator_1,6,90,0.11325549334287643,0.8867445066571236,12.341480255126953,15.023097038269043,1423,0.5933814000018174
fold_3,ridge_residual_alpha_100,generator_all,6,90,0.08102710545063019,0.9189728945493698,26.229507446289062,31.74728012084961,1423,0.5933814000018174
fold_3,ridge_residual_alpha_100,generator_120_component,6,90,0.09532799571752548,0.9046720042824745,18.6140193939209,23.359012603759766,1423,0.5933814000018174
fold_3,ridge_residual_alpha_100,generator_1,7,105,0.12531429529190063,0.8746857047080994,13.709081649780273,16.56777572631836,1423,0.5933814000018174
fold_3,ridge_residual_alpha_100,generator_all,7,105,0.09183261543512344,0.9081673845648766,29.845260620117188,35.758113861083984,1423,0.5933814000018174
fold_3,ridge_residual_alpha_100,generator_120_component,7,105,0.10769365727901459,0.8923063427209854,21.17755699157715,26.118328094482422,1423,0.5933814000018174
fold_3,ridge_residual_alpha_100,generator_1,8,120,0.13731758296489716,0.8626824170351028,15.046405792236328,18.01064682006836,1423,0.5933814000018174
fold_3,ridge_residual_alpha_100,generator_all,8,120,0.1028720885515213,0.8971279114484787,33.61240005493164,40.12451934814453,1423,0.5933814000018174
fold_3,ridge_residual_alpha_100,generator_120_component,8,120,0.11975710839033127,0.8802428916096687,23.83586883544922,28.973670959472656,1423,0.5933814000018174
fold_3,ridge_residual_alpha_1000,generator_1,1,15,0.029281605035066605,0.9707183949649334,3.097687244415283,4.448704242706299,1423,0.3016083000002254
fold_3,ridge_residual_alpha_1000,generator_all,1,15,0.017079688608646393,0.9829203113913536,5.336495399475098,7.627772808074951,1423,0.3016083000002254
fold_3,ridge_residual_alpha_1000,generator_120_component,1,15,0.020141461864113808,0.9798585381358862,3.938030481338501,5.955852031707764,1423,0.3016083000002254
fold_3,ridge_residual_alpha_1000,generator_1,2,30,0.04480529576539993,0.9551947042346001,4.752320289611816,6.419814109802246,1423,0.3016083000002254
fold_3,ridge_residual_alpha_1000,generator_all,2,30,0.02897341176867485,0.9710265882313251,9.11143970489502,12.19900131225586,1423,0.3016083000002254
fold_3,ridge_residual_alpha_1000,generator_120_component,2,30,0.03551674634218216,0.9644832536578178,6.883188724517822,9.828859329223633,1423,0.3016083000002254
fold_3,ridge_residual_alpha_1000,generator_1,3,45,0.05888168141245842,0.9411183185875416,6.297547340393066,8.206352233886719,1423,0.3016083000002254
fold_3,ridge_residual_alpha_1000,generator_all,3,45,0.04107943922281265,0.9589205607771873,13.035735130310059,16.79550552368164,1423,0.3016083000002254
fold_3,ridge_residual_alpha_1000,generator_120_component,3,45,0.05055328458547592,0.9494467154145241,9.849596977233887,13.341017723083496,1423,0.3016083000002254
fold_3,ridge_residual_alpha_1000,generator_1,4,60,0.07356806099414825,0.9264319390058517,7.928140640258789,10.124957084655762,1423,0.3016083000002254
fold_3,ridge_residual_alpha_1000,generator_all,4,60,0.05400156229734421,0.9459984377026558,17.30123519897461,21.670013427734375,1423,0.3016083000002254
fold_3,ridge_residual_alpha_1000,generator_120_component,4,60,0.06523173302412033,0.9347682669758797,12.8467378616333,16.824382781982422,1423,0.3016083000002254
fold_3,ridge_residual_alpha_1000,generator_1,5,75,0.08623568713665009,0.9137643128633499,9.304057121276855,11.680318832397461,1423,0.3016083000002254
fold_3,ridge_residual_alpha_1000,generator_all,5,75,0.06548988819122314,0.9345101118087769,21.097354888916016,26.039579391479492,1423,0.3016083000002254
fold_3,ridge_residual_alpha_1000,generator_120_component,5,75,0.07864845544099808,0.9213515445590019,15.571633338928223,19.96150779724121,1423,0.3016083000002254
fold_3,ridge_residual_alpha_1000,generator_1,6,90,0.09774680435657501,0.902253195643425,10.599937438964844,13.203951835632324,1423,0.3016083000002254
fold_3,ridge_residual_alpha_1000,generator_all,6,90,0.075899139046669,0.924100860953331,24.541791915893555,30.01616859436035,1423,0.3016083000002254
fold_3,ridge_residual_alpha_1000,generator_120_component,6,90,0.0907420963048935,0.9092579036951065,18.016376495361328,22.733543395996094,1423,0.3016083000002254
fold_3,ridge_residual_alpha_1000,generator_1,7,105,0.10754825919866562,0.8924517408013344,11.71627140045166,14.48435115814209,1423,0.3016083000002254
fold_3,ridge_residual_alpha_1000,generator_all,7,105,0.08609841018915176,0.9139015898108482,27.94564437866211,33.71344757080078,1423,0.3016083000002254
fold_3,ridge_residual_alpha_1000,generator_120_component,7,105,0.10246940702199936,0.8975305929780006,20.481969833374023,25.364818572998047,1423,0.3016083000002254
fold_3,ridge_residual_alpha_1000,generator_1,8,120,0.11665148288011551,0.8833485171198845,12.725812911987305,15.621733665466309,1423,0.3016083000002254
fold_3,ridge_residual_alpha_1000,generator_all,8,120,0.09552199393510818,0.9044780060648918,31.152719497680664,37.398651123046875,1423,0.3016083000002254
fold_3,ridge_residual_alpha_1000,generator_120_component,8,120,0.1130363792181015,0.8869636207818985,22.788192749023438,27.892131805419922,1423,0.3016083000002254
